# ENERGY SUPPLY GROUP 01,,,,
# 57.0 m² of solar panels on the roof of an apartment block in Eindhoven.,,,,
#,,,,
# time [s], power [kW],,Energy produced in kWh,Total kWh
0,0,,0,17520
900,0,,0,
1800,0,,0,
2700,0,,0,
3600,0,,0,
4500,0,,0,
5400,0,,0,
6300,0,,0,
7200,0,,0,
8100,0,,0,
9000,0,,0,
9900,0,,0,
10800,0,,0,
11700,0,,0,
12600,0,,0,
13500,0,,0,
14400,0,,0,
15300,0,,0,
16200,0,,0,
17100,0,,0,
18000,0,,0,
18900,0,,0,
19800,0,,0,
20700,0,,0,
21600,0,,0,
22500,0,,0,
23400,0,,0,
24300,0,,0,
25200,0,,0,
26100,0,,0,
27000,0,,0,
27900,0,,0,
28800,0.167939,,0.04198475,
29700,0.335878,,0.0839695,
30600,0.556297,,0.13907425,
31500,0.766221,,0.19155525,
32400,1.007633,,0.25190825,
33300,1.228052,,0.307013,
34200,1.448472,,0.362118,
35100,1.626907,,0.40672675,
36000,1.815838,,0.4539595,
36900,1.983777,,0.49594425,
37800,2.130723,,0.53268075,
38700,2.256677,,0.56416925,
39600,2.351143,,0.58778575,
40500,2.424616,,0.606154,
41400,2.456105,,0.61402625,
42300,2.456105,,0.61402625,
43200,2.445608,,0.611402,
44100,2.403624,,0.600906,
45000,2.33015,,0.5825375,
45900,2.235685,,0.55892125,
46800,2.109731,,0.52743275,
47700,1.952288,,0.488072,
48600,1.784349,,0.44608725,
49500,1.56393,,0.3909825,
50400,1.354006,,0.3385015,
51300,1.123091,,0.28077275,
52200,0.892175,,0.22304375,
53100,0.650763,,0.16269075,
54000,0.440839,,0.11020975,
54900,0.251908,,0.062977,
55800,0,,0,
56700,0,,0,
57600,0,,0,
58500,0,,0,
59400,0,,0,
60300,0,,0,
61200,0,,0,
62100,0,,0,
63000,0,,0,
63900,0,,0,
64800,0,,0,
65700,0,,0,
66600,0,,0,
67500,0,,0,
68400,0,,0,
69300,0,,0,
70200,0,,0,
71100,0,,0,
72000,0,,0,
72900,0,,0,
73800,0,,0,
74700,0,,0,
75600,0,,0,
76500,0,,0,
77400,0,,0,
78300,0,,0,
79200,0,,0,
80100,0,,0,
81000,0,,0,
81900,0,,0,
82800,0,,0,
83700,0,,0,
84600,0,,0,
85500,0,,0,
86400,0,,0,
87300,0,,0,
88200,0,,0,
89100,0,,0,
90000,0,,0,
90900,0,,0,
91800,0,,0,
92700,0,,0,
93600,0,,0,
94500,0,,0,
95400,0,,0,
96300,0,,0,
97200,0,,0,
98100,0,,0,
99000,0,,0,
99900,0,,0,
100800,0,,0,
101700,0,,0,
102600,0,,0,
103500,0,,0,
104400,0,,0,
105300,0,,0,
106200,0,,0,
107100,0,,0,
108000,0,,0,
108900,0,,0,
109800,0,,0,
110700,0,,0,
111600,0,,0,
112500,0,,0,
113400,0,,0,
114300,0,,0,
115200,0.167939,,0.04198475,
116100,0.346374,,0.0865935,
117000,0.556297,,0.13907425,
117900,0.776717,,0.19417925,
118800,1.018129,,0.25453225,
119700,1.249045,,0.31226125,
120600,1.469464,,0.367366,
121500,1.689884,,0.422471,
122400,1.878815,,0.46970375,
123300,2.046754,,0.5116885,
124200,2.1937,,0.548425,
125100,2.309158,,0.5772895,
126000,2.393128,,0.598282,
126900,2.466601,,0.61665025,
127800,2.498089,,0.62452225,
128700,2.519082,,0.6297705,
129600,2.498089,,0.62452225,
130500,2.456105,,0.61402625,
131400,2.372135,,0.59303375,
132300,2.267173,,0.56679325,
133200,2.130723,,0.53268075,
134100,1.983777,,0.49594425,
135000,1.805342,,0.4513355,
135900,1.605915,,0.40147875,
136800,1.395991,,0.34899775,
137700,1.165075,,0.29126875,
138600,0.923663,,0.23091575,
139500,0.692747,,0.17318675,
140400,0.472328,,0.118082,
141300,0.272901,,0.06822525,
142200,0,,0,
143100,0,,0,
144000,0,,0,
144900,0,,0,
145800,0,,0,
146700,0,,0,
147600,0,,0,
148500,0,,0,
149400,0,,0,
150300,0,,0,
151200,0,,0,
152100,0,,0,
153000,0,,0,
153900,0,,0,
154800,0,,0,
155700,0,,0,
156600,0,,0,
157500,0,,0,
158400,0,,0,
159300,0,,0,
160200,0,,0,
161100,0,,0,
162000,0,,0,
162900,0,,0,
163800,0,,0,
164700,0,,0,
165600,0,,0,
166500,0,,0,
167400,0,,0,
168300,0,,0,
169200,0,,0,
170100,0,,0,
171000,0,,0,
171900,0,,0,
172800,0,,0,
173700,0,,0,
174600,0,,0,
175500,0,,0,
176400,0,,0,
177300,0,,0,
178200,0,,0,
179100,0,,0,
180000,0,,0,
180900,0,,0,
181800,0,,0,
182700,0,,0,
183600,0,,0,
184500,0,,0,
185400,0,,0,
186300,0,,0,
187200,0,,0,
188100,0,,0,
189000,0,,0,
189900,0,,0,
190800,0,,0,
191700,0,,0,
192600,0,,0,
193500,0,,0,
194400,0,,0,
195300,0,,0,
196200,0,,0,
197100,0,,0,
198000,0,,0,
198900,0,,0,
199800,0,,0,
200700,0,,0,
201600,0.167939,,0.04198475,
202500,0.335878,,0.0839695,
203400,0.545801,,0.13645025,
204300,0.776717,,0.19417925,
205200,1.007633,,0.25190825,
206100,1.238548,,0.309637,
207000,1.458968,,0.364742,
207900,1.679388,,0.419847,
208800,1.868319,,0.46707975,
209700,2.036258,,0.5090645,
210600,2.183204,,0.545801,
211500,2.319654,,0.5799135,
212400,2.41412,,0.60353,
213300,2.477097,,0.61927425,
214200,2.519082,,0.6297705,
215100,2.561066,,0.6402665,
216000,2.540074,,0.6350185,
216900,2.498089,,0.62452225,
217800,2.424616,,0.606154,
218700,2.319654,,0.5799135,
219600,2.1937,,0.548425,
220500,2.036258,,0.5090645,
221400,1.857823,,0.46445575,
222300,1.668892,,0.417223,
223200,1.448472,,0.362118,
224100,1.217556,,0.304389,
225000,0.976144,,0.244036,
225900,0.734732,,0.183683,
226800,0.503816,,0.125954,
227700,0.293893,,0.07347325,
228600,0.13645,,0.0341125,
229500,0,,0,
230400,0,,0,
231300,0,,0,
232200,0,,0,
233100,0,,0,
234000,0,,0,
234900,0,,0,
235800,0,,0,
236700,0,,0,
237600,0,,0,
238500,0,,0,
239400,0,,0,
240300,0,,0,
241200,0,,0,
242100,0,,0,
243000,0,,0,
243900,0,,0,
244800,0,,0,
245700,0,,0,
246600,0,,0,
247500,0,,0,
248400,0,,0,
249300,0,,0,
250200,0,,0,
251100,0,,0,
252000,0,,0,
252900,0,,0,
253800,0,,0,
254700,0,,0,
255600,0,,0,
256500,0,,0,
257400,0,,0,
258300,0,,0,
259200,0,,0,
260100,0,,0,
261000,0,,0,
261900,0,,0,
262800,0,,0,
263700,0,,0,
264600,0,,0,
265500,0,,0,
266400,0,,0,
267300,0,,0,
268200,0,,0,
269100,0,,0,
270000,0,,0,
270900,0,,0,
271800,0,,0,
272700,0,,0,
273600,0,,0,
274500,0,,0,
275400,0,,0,
276300,0,,0,
277200,0,,0,
278100,0,,0,
279000,0,,0,
279900,0,,0,
280800,0,,0,
281700,0,,0,
282600,0,,0,
283500,0,,0,
284400,0,,0,
285300,0,,0,
286200,0,,0,
287100,0,,0,
288000,0.178435,,0.04460875,
288900,0.367366,,0.0918415,
289800,0.587786,,0.1469465,
290700,0.829198,,0.2072995,
291600,1.07061,,0.2676525,
292500,1.312022,,0.3280055,
293400,1.532441,,0.38311025,
294300,1.752861,,0.43821525,
295200,1.941792,,0.485448,
296100,2.109731,,0.52743275,
297000,2.267173,,0.56679325,
297900,2.382631,,0.59565775,
298800,2.477097,,0.61927425,
299700,2.540074,,0.6350185,
300600,2.582059,,0.64551475,
301500,2.571562,,0.6428905,
302400,2.55057,,0.6376425,
303300,2.508585,,0.62714625,
304200,2.435112,,0.608778,
305100,2.33015,,0.5825375,
306000,2.1937,,0.548425,
306900,2.036258,,0.5090645,
307800,1.857823,,0.46445575,
308700,1.658395,,0.41459875,
309600,1.437976,,0.359494,
310500,1.20706,,0.301765,
311400,0.976144,,0.244036,
312300,0.724236,,0.181059,
313200,0.49332,,0.12333,
314100,0.293893,,0.07347325,
315000,0.13645,,0.0341125,
315900,0,,0,
316800,0,,0,
317700,0,,0,
318600,0,,0,
319500,0,,0,
320400,0,,0,
321300,0,,0,
322200,0,,0,
323100,0,,0,
324000,0,,0,
324900,0,,0,
325800,0,,0,
326700,0,,0,
327600,0,,0,
328500,0,,0,
329400,0,,0,
330300,0,,0,
331200,0,,0,
332100,0,,0,
333000,0,,0,
333900,0,,0,
334800,0,,0,
335700,0,,0,
336600,0,,0,
337500,0,,0,
338400,0,,0,
339300,0,,0,
340200,0,,0,
341100,0,,0,
342000,0,,0,
342900,0,,0,
343800,0,,0,
344700,0,,0,
345600,0,,0,
346500,0,,0,
347400,0,,0,
348300,0,,0,
349200,0,,0,
350100,0,,0,
351000,0,,0,
351900,0,,0,
352800,0,,0,
353700,0,,0,
354600,0,,0,
355500,0,,0,
356400,0,,0,
357300,0,,0,
358200,0,,0,
359100,0,,0,
360000,0,,0,
360900,0,,0,
361800,0,,0,
362700,0,,0,
363600,0,,0,
364500,0,,0,
365400,0,,0,
366300,0,,0,
367200,0,,0,
368100,0,,0,
369000,0,,0,
369900,0,,0,
370800,0,,0,
371700,0,,0,
372600,0,,0,
373500,0,,0,
374400,0.178435,,0.04460875,
375300,0.346374,,0.0865935,
376200,0.566793,,0.14169825,
377100,0.797709,,0.19942725,
378000,1.028625,,0.25715625,
378900,1.259541,,0.31488525,
379800,1.490457,,0.37261425,
380700,1.710876,,0.427719,
381600,1.899807,,0.47495175,
382500,2.067746,,0.5169365,
383400,2.214693,,0.55367325,
384300,2.361639,,0.59040975,
385200,2.456105,,0.61402625,
386100,2.529578,,0.6323945,
387000,2.561066,,0.6402665,
387900,2.592555,,0.64813875,
388800,2.582059,,0.64551475,
389700,2.529578,,0.6323945,
390600,2.456105,,0.61402625,
391500,2.340647,,0.58516175,
392400,2.214693,,0.55367325,
393300,2.067746,,0.5169365,
394200,1.889311,,0.47232775,
395100,1.679388,,0.419847,
396000,1.469464,,0.367366,
396900,1.238548,,0.309637,
397800,0.997136,,0.249284,
398700,0.755724,,0.188931,
399600,0.524809,,0.13120225,
400500,0.314885,,0.07872125,
401400,0.146946,,0.0367365,
402300,0,,0,
403200,0,,0,
404100,0,,0,
405000,0,,0,
405900,0,,0,
406800,0,,0,
407700,0,,0,
408600,0,,0,
409500,0,,0,
410400,0,,0,
411300,0,,0,
412200,0,,0,
413100,0,,0,
414000,0,,0,
414900,0,,0,
415800,0,,0,
416700,0,,0,
417600,0,,0,
418500,0,,0,
419400,0,,0,
420300,0,,0,
421200,0,,0,
422100,0,,0,
423000,0,,0,
423900,0,,0,
424800,0,,0,
425700,0,,0,
426600,0,,0,
427500,0,,0,
428400,0,,0,
429300,0,,0,
430200,0,,0,
431100,0,,0,
432000,0,,0,
432900,0,,0,
433800,0,,0,
434700,0,,0,
435600,0,,0,
436500,0,,0,
437400,0,,0,
438300,0,,0,
439200,0,,0,
440100,0,,0,
441000,0,,0,
441900,0,,0,
442800,0,,0,
443700,0,,0,
444600,0,,0,
445500,0,,0,
446400,0,,0,
447300,0,,0,
448200,0,,0,
449100,0,,0,
450000,0,,0,
450900,0,,0,
451800,0,,0,
452700,0,,0,
453600,0,,0,
454500,0,,0,
455400,0,,0,
456300,0,,0,
457200,0,,0,
458100,0,,0,
459000,0,,0,
459900,0,,0,
460800,0.188931,,0.04723275,
461700,0.377862,,0.0944655,
462600,0.608778,,0.1521945,
463500,0.85019,,0.2125475,
464400,1.102098,,0.2755245,
465300,1.34351,,0.3358775,
466200,1.574426,,0.3936065,
467100,1.794846,,0.4487115,
468000,1.983777,,0.49594425,
468900,2.162212,,0.540553,
469800,2.309158,,0.5772895,
470700,2.435112,,0.608778,
471600,2.540074,,0.6350185,
472500,2.603051,,0.65076275,
473400,2.645036,,0.661259,
474300,2.655532,,0.663883,
475200,2.645036,,0.661259,
476100,2.603051,,0.65076275,
477000,2.529578,,0.6323945,
477900,2.41412,,0.60353,
478800,2.288166,,0.5720415,
479700,2.120227,,0.53005675,
480600,1.952288,,0.488072,
481500,1.742365,,0.43559125,
482400,1.532441,,0.38311025,
483300,1.301525,,0.32538125,
484200,1.060114,,0.2650285,
485100,0.808205,,0.20205125,
486000,0.566793,,0.14169825,
486900,0.346374,,0.0865935,
487800,0.167939,,0.04198475,
488700,0,,0,
489600,0,,0,
490500,0,,0,
491400,0,,0,
492300,0,,0,
493200,0,,0,
494100,0,,0,
495000,0,,0,
495900,0,,0,
496800,0,,0,
497700,0,,0,
498600,0,,0,
499500,0,,0,
500400,0,,0,
501300,0,,0,
502200,0,,0,
503100,0,,0,
504000,0,,0,
504900,0,,0,
505800,0,,0,
506700,0,,0,
507600,0,,0,
508500,0,,0,
509400,0,,0,
510300,0,,0,
511200,0,,0,
512100,0,,0,
513000,0,,0,
513900,0,,0,
514800,0,,0,
515700,0,,0,
516600,0,,0,
517500,0,,0,
518400,0,,0,
519300,0,,0,
520200,0,,0,
521100,0,,0,
522000,0,,0,
522900,0,,0,
523800,0,,0,
524700,0,,0,
525600,0,,0,
526500,0,,0,
527400,0,,0,
528300,0,,0,
529200,0,,0,
530100,0,,0,
531000,0,,0,
531900,0,,0,
532800,0,,0,
533700,0,,0,
534600,0,,0,
535500,0,,0,
536400,0,,0,
537300,0,,0,
538200,0,,0,
539100,0,,0,
540000,0,,0,
540900,0,,0,
541800,0,,0,
542700,0,,0,
543600,0,,0,
544500,0,,0,
545400,0,,0,
546300,0,,0,
547200,0.188931,,0.04723275,
548100,0.377862,,0.0944655,
549000,0.608778,,0.1521945,
549900,0.829198,,0.2072995,
550800,1.081106,,0.2702765,
551700,1.312022,,0.3280055,
552600,1.532441,,0.38311025,
553500,1.721372,,0.430343,
554400,1.910304,,0.477576,
555300,2.078242,,0.5195605,
556200,2.225189,,0.55629725,
557100,2.319654,,0.5799135,
558000,2.41412,,0.60353,
558900,2.477097,,0.61927425,
559800,2.508585,,0.62714625,
560700,2.508585,,0.62714625,
561600,2.498089,,0.62452225,
562500,2.445608,,0.611402,
563400,2.382631,,0.59565775,
564300,2.256677,,0.56416925,
565200,2.141219,,0.53530475,
566100,1.994273,,0.49856825,
567000,1.826334,,0.4565835,
567900,1.626907,,0.40672675,
568800,1.416983,,0.35424575,
569700,1.196564,,0.299141,
570600,0.976144,,0.244036,
571500,0.745228,,0.186307,
572400,0.514312,,0.128578,
573300,0.314885,,0.07872125,
574200,0.146946,,0.0367365,
575100,0,,0,
576000,0,,0,
576900,0,,0,
577800,0,,0,
578700,0,,0,
579600,0,,0,
580500,0,,0,
581400,0,,0,
582300,0,,0,
583200,0,,0,
584100,0,,0,
585000,0,,0,
585900,0,,0,
586800,0,,0,
587700,0,,0,
588600,0,,0,
589500,0,,0,
590400,0,,0,
591300,0,,0,
592200,0,,0,
593100,0,,0,
594000,0,,0,
594900,0,,0,
595800,0,,0,
596700,0,,0,
597600,0,,0,
598500,0,,0,
599400,0,,0,
600300,0,,0,
601200,0,,0,
602100,0,,0,
603000,0,,0,
603900,0,,0,
604800,0,,0,
605700,0,,0,
606600,0,,0,
607500,0,,0,
608400,0,,0,
609300,0,,0,
610200,0,,0,
611100,0,,0,
612000,0,,0,
612900,0,,0,
613800,0,,0,
614700,0,,0,
615600,0,,0,
616500,0,,0,
617400,0,,0,
618300,0,,0,
619200,0,,0,
620100,0,,0,
621000,0,,0,
621900,0,,0,
622800,0,,0,
623700,0,,0,
624600,0,,0,
625500,0,,0,
626400,0,,0,
627300,0,,0,
628200,0,,0,
629100,0,,0,
630000,0,,0,
630900,0,,0,
631800,0,,0,
632700,0,,0,
633600,0.13645,,0.0341125,
634500,0.304389,,0.07609725,
635400,0.503816,,0.125954,
636300,0.703244,,0.175811,
637200,0.923663,,0.23091575,
638100,1.144083,,0.28602075,
639000,1.354006,,0.3385015,
639900,1.521945,,0.38048625,
640800,1.70038,,0.425095,
641700,1.868319,,0.46707975,
642600,2.004769,,0.50119225,
643500,2.109731,,0.52743275,
644400,2.214693,,0.55367325,
645300,2.27767,,0.5694175,
646200,2.319654,,0.5799135,
647100,2.393128,,0.598282,
648000,2.382631,,0.59565775,
648900,2.340647,,0.58516175,
649800,2.27767,,0.5694175,
650700,2.162212,,0.540553,
651600,2.046754,,0.5116885,
652500,1.899807,,0.47495175,
653400,1.731869,,0.43296725,
654300,1.521945,,0.38048625,
655200,1.322518,,0.3306295,
656100,1.112594,,0.2781485,
657000,0.892175,,0.22304375,
657900,0.692747,,0.17318675,
658800,0.482824,,0.120706,
659700,0.283397,,0.07084925,
660600,0.115458,,0.0288645,
661500,0,,0,
662400,0,,0,
663300,0,,0,
664200,0,,0,
665100,0,,0,
666000,0,,0,
666900,0,,0,
667800,0,,0,
668700,0,,0,
669600,0,,0,
670500,0,,0,
671400,0,,0,
672300,0,,0,
673200,0,,0,
674100,0,,0,
675000,0,,0,
675900,0,,0,
676800,0,,0,
677700,0,,0,
678600,0,,0,
679500,0,,0,
680400,0,,0,
681300,0,,0,
682200,0,,0,
683100,0,,0,
684000,0,,0,
684900,0,,0,
685800,0,,0,
686700,0,,0,
687600,0,,0,
688500,0,,0,
689400,0,,0,
690300,0,,0,
691200,0,,0,
692100,0,,0,
693000,0,,0,
693900,0,,0,
694800,0,,0,
695700,0,,0,
696600,0,,0,
697500,0,,0,
698400,0,,0,
699300,0,,0,
700200,0,,0,
701100,0,,0,
702000,0,,0,
702900,0,,0,
703800,0,,0,
704700,0,,0,
705600,0,,0,
706500,0,,0,
707400,0,,0,
708300,0,,0,
709200,0,,0,
710100,0,,0,
711000,0,,0,
711900,0,,0,
712800,0,,0,
713700,0,,0,
714600,0,,0,
715500,0,,0,
716400,0,,0,
717300,0,,0,
718200,0,,0,
719100,0,,0,
720000,0.188931,,0.04723275,
720900,0.367366,,0.0918415,
721800,0.587786,,0.1469465,
722700,0.85019,,0.2125475,
723600,1.091602,,0.2729005,
724500,1.354006,,0.3385015,
725400,1.584922,,0.3962305,
726300,1.83683,,0.4592075,
727200,2.036258,,0.5090645,
728100,2.214693,,0.55367325,
729000,2.372135,,0.59303375,
729900,2.519082,,0.6297705,
730800,2.624043,,0.65601075,
731700,2.697517,,0.67437925,
732600,2.739501,,0.68487525,
733500,2.739501,,0.68487525,
734400,2.729005,,0.68225125,
735300,2.68702,,0.671755,
736200,2.603051,,0.65076275,
737100,2.487593,,0.62189825,
738000,2.351143,,0.58778575,
738900,2.204196,,0.551049,
739800,2.025761,,0.50644025,
740700,1.815838,,0.4539595,
741600,1.595418,,0.3988545,
742500,1.364503,,0.34112575,
743400,1.112594,,0.2781485,
744300,0.871182,,0.2177955,
745200,0.619274,,0.1548185,
746100,0.398855,,0.09971375,
747000,0.199427,,0.04985675,
747900,0,,0,
748800,0,,0,
749700,0,,0,
750600,0,,0,
751500,0,,0,
752400,0,,0,
753300,0,,0,
754200,0,,0,
755100,0,,0,
756000,0,,0,
756900,0,,0,
757800,0,,0,
758700,0,,0,
759600,0,,0,
760500,0,,0,
761400,0,,0,
762300,0,,0,
763200,0,,0,
764100,0,,0,
765000,0,,0,
765900,0,,0,
766800,0,,0,
767700,0,,0,
768600,0,,0,
769500,0,,0,
770400,0,,0,
771300,0,,0,
772200,0,,0,
773100,0,,0,
774000,0,,0,
774900,0,,0,
775800,0,,0,
776700,0,,0,
777600,0,,0,
778500,0,,0,
779400,0,,0,
780300,0,,0,
781200,0,,0,
782100,0,,0,
783000,0,,0,
783900,0,,0,
784800,0,,0,
785700,0,,0,
786600,0,,0,
787500,0,,0,
788400,0,,0,
789300,0,,0,
790200,0,,0,
791100,0,,0,
792000,0,,0,
792900,0,,0,
793800,0,,0,
794700,0,,0,
795600,0,,0,
796500,0,,0,
797400,0,,0,
798300,0,,0,
799200,0,,0,
800100,0,,0,
801000,0,,0,
801900,0,,0,
802800,0,,0,
803700,0,,0,
804600,0,,0,
805500,0,,0,
806400,0.22042,,0.055105,
807300,0.419847,,0.10496175,
808200,0.650763,,0.16269075,
809100,0.913167,,0.22829175,
810000,1.165075,,0.29126875,
810900,1.416983,,0.35424575,
811800,1.637403,,0.40935075,
812700,1.868319,,0.46707975,
813600,2.078242,,0.5195605,
814500,2.256677,,0.56416925,
815400,2.403624,,0.600906,
816300,2.540074,,0.6350185,
817200,2.645036,,0.661259,
818100,2.708013,,0.67700325,
819000,2.749997,,0.68749925,
819900,2.77099,,0.6927475,
820800,2.760494,,0.6901235,
821700,2.718509,,0.67962725,
822600,2.645036,,0.661259,
823500,2.55057,,0.6376425,
824400,2.424616,,0.606154,
825300,2.267173,,0.56679325,
826200,2.088738,,0.5221845,
827100,1.889311,,0.47232775,
828000,1.668892,,0.417223,
828900,1.437976,,0.359494,
829800,1.186068,,0.296517,
830700,0.934159,,0.23353975,
831600,0.682251,,0.17056275,
832500,0.440839,,0.11020975,
833400,0.230916,,0.057729,
834300,0,,0,
835200,0,,0,
836100,0,,0,
837000,0,,0,
837900,0,,0,
838800,0,,0,
839700,0,,0,
840600,0,,0,
841500,0,,0,
842400,0,,0,
843300,0,,0,
844200,0,,0,
845100,0,,0,
846000,0,,0,
846900,0,,0,
847800,0,,0,
848700,0,,0,
849600,0,,0,
850500,0,,0,
851400,0,,0,
852300,0,,0,
853200,0,,0,
854100,0,,0,
855000,0,,0,
855900,0,,0,
856800,0,,0,
857700,0,,0,
858600,0,,0,
859500,0,,0,
860400,0,,0,
861300,0,,0,
862200,0,,0,
863100,0,,0,
864000,0,,0,
864900,0,,0,
865800,0,,0,
866700,0,,0,
867600,0,,0,
868500,0,,0,
869400,0,,0,
870300,0,,0,
871200,0,,0,
872100,0,,0,
873000,0,,0,
873900,0,,0,
874800,0,,0,
875700,0,,0,
876600,0,,0,
877500,0,,0,
878400,0,,0,
879300,0,,0,
880200,0,,0,
881100,0,,0,
882000,0,,0,
882900,0,,0,
883800,0,,0,
884700,0,,0,
885600,0,,0,
886500,0,,0,
887400,0,,0,
888300,0,,0,
889200,0,,0,
890100,0,,0,
891000,0,,0,
891900,0,,0,
892800,0.209923,,0.05248075,
893700,0.409351,,0.10233775,
894600,0.62977,,0.1574425,
895500,0.881679,,0.22041975,
896400,1.123091,,0.28077275,
897300,1.364503,,0.34112575,
898200,1.595418,,0.3988545,
899100,1.784349,,0.44608725,
900000,1.983777,,0.49594425,
900900,2.162212,,0.540553,
901800,2.309158,,0.5772895,
902700,2.403624,,0.600906,
903600,2.508585,,0.62714625,
904500,2.592555,,0.64813875,
905400,2.63454,,0.658635,
906300,2.645036,,0.661259,
907200,2.645036,,0.661259,
908100,2.603051,,0.65076275,
909000,2.540074,,0.6350185,
909900,2.456105,,0.61402625,
910800,2.33015,,0.5825375,
911700,2.183204,,0.545801,
912600,2.004769,,0.50119225,
913500,1.815838,,0.4539595,
914400,1.605915,,0.40147875,
915300,1.374999,,0.34374975,
916200,1.133587,,0.28339675,
917100,0.881679,,0.22041975,
918000,0.650763,,0.16269075,
918900,0.419847,,0.10496175,
919800,0.230916,,0.057729,
920700,0,,0,
921600,0,,0,
922500,0,,0,
923400,0,,0,
924300,0,,0,
925200,0,,0,
926100,0,,0,
927000,0,,0,
927900,0,,0,
928800,0,,0,
929700,0,,0,
930600,0,,0,
931500,0,,0,
932400,0,,0,
933300,0,,0,
934200,0,,0,
935100,0,,0,
936000,0,,0,
936900,0,,0,
937800,0,,0,
938700,0,,0,
939600,0,,0,
940500,0,,0,
941400,0,,0,
942300,0,,0,
943200,0,,0,
944100,0,,0,
945000,0,,0,
945900,0,,0,
946800,0,,0,
947700,0,,0,
948600,0,,0,
949500,0,,0,
950400,0,,0,
951300,0,,0,
952200,0,,0,
953100,0,,0,
954000,0,,0,
954900,0,,0,
955800,0,,0,
956700,0,,0,
957600,0,,0,
958500,0,,0,
959400,0,,0,
960300,0,,0,
961200,0,,0,
962100,0,,0,
963000,0,,0,
963900,0,,0,
964800,0,,0,
965700,0,,0,
966600,0,,0,
967500,0,,0,
968400,0,,0,
969300,0,,0,
970200,0,,0,
971100,0,,0,
972000,0,,0,
972900,0,,0,
973800,0,,0,
974700,0,,0,
975600,0,,0,
976500,0,,0,
977400,0,,0,
978300,0,,0,
979200,0.22042,,0.055105,
980100,0.419847,,0.10496175,
981000,0.650763,,0.16269075,
981900,0.892175,,0.22304375,
982800,1.144083,,0.28602075,
983700,1.374999,,0.34374975,
984600,1.616411,,0.40410275,
985500,1.815838,,0.4539595,
986400,2.015265,,0.50381625,
987300,2.204196,,0.551049,
988200,2.351143,,0.58778575,
989100,2.477097,,0.61927425,
990000,2.571562,,0.6428905,
990900,2.655532,,0.663883,
991800,2.697517,,0.67437925,
992700,2.68702,,0.671755,
993600,2.676524,,0.669131,
994500,2.63454,,0.658635,
995400,2.571562,,0.6428905,
996300,2.445608,,0.611402,
997200,2.33015,,0.5825375,
998100,2.183204,,0.545801,
999000,2.015265,,0.50381625,
999900,1.826334,,0.4565835,
1000800,1.616411,,0.40410275,
1001700,1.385495,,0.34637375,
1002600,1.154579,,0.28864475,
1003500,0.923663,,0.23091575,
1004400,0.671755,,0.16793875,
1005300,0.451335,,0.11283375,
1006200,0.241412,,0.060353,
1007100,0,,0,
1008000,0,,0,
1008900,0,,0,
1009800,0,,0,
1010700,0,,0,
1011600,0,,0,
1012500,0,,0,
1013400,0,,0,
1014300,0,,0,
1015200,0,,0,
1016100,0,,0,
1017000,0,,0,
1017900,0,,0,
1018800,0,,0,
1019700,0,,0,
1020600,0,,0,
1021500,0,,0,
1022400,0,,0,
1023300,0,,0,
1024200,0,,0,
1025100,0,,0,
1026000,0,,0,
1026900,0,,0,
1027800,0,,0,
1028700,0,,0,
1029600,0,,0,
1030500,0,,0,
1031400,0,,0,
1032300,0,,0,
1033200,0,,0,
1034100,0,,0,
1035000,0,,0,
1035900,0,,0,
1036800,0,,0,
1037700,0,,0,
1038600,0,,0,
1039500,0,,0,
1040400,0,,0,
1041300,0,,0,
1042200,0,,0,
1043100,0,,0,
1044000,0,,0,
1044900,0,,0,
1045800,0,,0,
1046700,0,,0,
1047600,0,,0,
1048500,0,,0,
1049400,0,,0,
1050300,0,,0,
1051200,0,,0,
1052100,0,,0,
1053000,0,,0,
1053900,0,,0,
1054800,0,,0,
1055700,0,,0,
1056600,0,,0,
1057500,0,,0,
1058400,0,,0,
1059300,0,,0,
1060200,0,,0,
1061100,0,,0,
1062000,0,,0,
1062900,0,,0,
1063800,0,,0,
1064700,0,,0,
1065600,0.199427,,0.04985675,
1066500,0.388358,,0.0970895,
1067400,0.608778,,0.1521945,
1068300,0.839694,,0.2099235,
1069200,1.081106,,0.2702765,
1070100,1.322518,,0.3306295,
1071000,1.542937,,0.38573425,
1071900,1.763357,,0.44083925,
1072800,1.973281,,0.49332025,
1073700,2.141219,,0.53530475,
1074600,2.298662,,0.5746655,
1075500,2.424616,,0.606154,
1076400,2.540074,,0.6350185,
1077300,2.613547,,0.65338675,
1078200,2.655532,,0.663883,
1079100,2.729005,,0.68225125,
1080000,2.718509,,0.67962725,
1080900,2.68702,,0.671755,
1081800,2.624043,,0.65601075,
1082700,2.519082,,0.6297705,
1083600,2.393128,,0.598282,
1084500,2.256677,,0.56416925,
1085400,2.088738,,0.5221845,
1086300,1.899807,,0.47495175,
1087200,1.689884,,0.422471,
1088100,1.458968,,0.364742,
1089000,1.228052,,0.307013,
1089900,0.955152,,0.238788,
1090800,0.703244,,0.175811,
1091700,0.472328,,0.118082,
1092600,0.262404,,0.065601,
1093500,0,,0,
1094400,0,,0,
1095300,0,,0,
1096200,0,,0,
1097100,0,,0,
1098000,0,,0,
1098900,0,,0,
1099800,0,,0,
1100700,0,,0,
1101600,0,,0,
1102500,0,,0,
1103400,0,,0,
1104300,0,,0,
1105200,0,,0,
1106100,0,,0,
1107000,0,,0,
1107900,0,,0,
1108800,0,,0,
1109700,0,,0,
1110600,0,,0,
1111500,0,,0,
1112400,0,,0,
1113300,0,,0,
1114200,0,,0,
1115100,0,,0,
1116000,0,,0,
1116900,0,,0,
1117800,0,,0,
1118700,0,,0,
1119600,0,,0,
1120500,0,,0,
1121400,0,,0,
1122300,0,,0,
1123200,0,,0,
1124100,0,,0,
1125000,0,,0,
1125900,0,,0,
1126800,0,,0,
1127700,0,,0,
1128600,0,,0,
1129500,0,,0,
1130400,0,,0,
1131300,0,,0,
1132200,0,,0,
1133100,0,,0,
1134000,0,,0,
1134900,0,,0,
1135800,0,,0,
1136700,0,,0,
1137600,0,,0,
1138500,0,,0,
1139400,0,,0,
1140300,0,,0,
1141200,0,,0,
1142100,0,,0,
1143000,0,,0,
1143900,0,,0,
1144800,0,,0,
1145700,0,,0,
1146600,0,,0,
1147500,0,,0,
1148400,0,,0,
1149300,0,,0,
1150200,0,,0,
1151100,0,,0,
1152000,0.188931,,0.04723275,
1152900,0.377862,,0.0944655,
1153800,0.598282,,0.1495705,
1154700,0.902671,,0.22566775,
1155600,1.144083,,0.28602075,
1156500,1.395991,,0.34899775,
1157400,1.637403,,0.40935075,
1158300,1.9208,,0.4802,
1159200,2.120227,,0.53005675,
1160100,2.309158,,0.5772895,
1161000,2.477097,,0.61927425,
1161900,2.603051,,0.65076275,
1162800,2.708013,,0.67700325,
1163700,2.791982,,0.6979955,
1164600,2.833967,,0.70849175,
1165500,2.854959,,0.71373975,
1166400,2.844463,,0.71111575,
1167300,2.802478,,0.7006195,
1168200,2.739501,,0.68487525,
1169100,2.63454,,0.658635,
1170000,2.508585,,0.62714625,
1170900,2.361639,,0.59040975,
1171800,2.183204,,0.545801,
1172700,1.983777,,0.49594425,
1173600,1.763357,,0.44083925,
1174500,1.521945,,0.38048625,
1175400,1.270037,,0.31750925,
1176300,1.007633,,0.25190825,
1177200,0.755724,,0.188931,
1178100,0.514312,,0.128578,
1179000,0.293893,,0.07347325,
1179900,0.13645,,0.0341125,
1180800,0,,0,
1181700,0,,0,
1182600,0,,0,
1183500,0,,0,
1184400,0,,0,
1185300,0,,0,
1186200,0,,0,
1187100,0,,0,
1188000,0,,0,
1188900,0,,0,
1189800,0,,0,
1190700,0,,0,
1191600,0,,0,
1192500,0,,0,
1193400,0,,0,
1194300,0,,0,
1195200,0,,0,
1196100,0,,0,
1197000,0,,0,
1197900,0,,0,
1198800,0,,0,
1199700,0,,0,
1200600,0,,0,
1201500,0,,0,
1202400,0,,0,
1203300,0,,0,
1204200,0,,0,
1205100,0,,0,
1206000,0,,0,
1206900,0,,0,
1207800,0,,0,
1208700,0,,0,
1209600,0,,0,
1210500,0,,0,
1211400,0,,0,
1212300,0,,0,
1213200,0,,0,
1214100,0,,0,
1215000,0,,0,
1215900,0,,0,
1216800,0,,0,
1217700,0,,0,
1218600,0,,0,
1219500,0,,0,
1220400,0,,0,
1221300,0,,0,
1222200,0,,0,
1223100,0,,0,
1224000,0,,0,
1224900,0,,0,
1225800,0,,0,
1226700,0,,0,
1227600,0,,0,
1228500,0,,0,
1229400,0,,0,
1230300,0,,0,
1231200,0,,0,
1232100,0,,0,
1233000,0,,0,
1233900,0,,0,
1234800,0,,0,
1235700,0,,0,
1236600,0,,0,
1237500,0,,0,
1238400,0.241412,,0.060353,
1239300,0.440839,,0.11020975,
1240200,0.682251,,0.17056275,
1241100,0.934159,,0.23353975,
1242000,1.186068,,0.296517,
1242900,1.42748,,0.35687,
1243800,1.668892,,0.417223,
1244700,1.910304,,0.477576,
1245600,2.109731,,0.52743275,
1246500,2.288166,,0.5720415,
1247400,2.456105,,0.61402625,
1248300,2.603051,,0.65076275,
1249200,2.718509,,0.67962725,
1250100,2.791982,,0.6979955,
1251000,2.844463,,0.71111575,
1251900,2.886448,,0.721612,
1252800,2.875951,,0.71898775,
1253700,2.833967,,0.70849175,
1254600,2.77099,,0.6927475,
1255500,2.666028,,0.666507,
1256400,2.540074,,0.6350185,
1257300,2.393128,,0.598282,
1258200,2.214693,,0.55367325,
1259100,2.015265,,0.50381625,
1260000,1.805342,,0.4513355,
1260900,1.574426,,0.3936065,
1261800,1.322518,,0.3306295,
1262700,1.049617,,0.26240425,
1263600,0.797709,,0.19942725,
1264500,0.545801,,0.13645025,
1265400,0.325381,,0.08134525,
1266300,0.146946,,0.0367365,
1267200,0,,0,
1268100,0,,0,
1269000,0,,0,
1269900,0,,0,
1270800,0,,0,
1271700,0,,0,
1272600,0,,0,
1273500,0,,0,
1274400,0,,0,
1275300,0,,0,
1276200,0,,0,
1277100,0,,0,
1278000,0,,0,
1278900,0,,0,
1279800,0,,0,
1280700,0,,0,
1281600,0,,0,
1282500,0,,0,
1283400,0,,0,
1284300,0,,0,
1285200,0,,0,
1286100,0,,0,
1287000,0,,0,
1287900,0,,0,
1288800,0,,0,
1289700,0,,0,
1290600,0,,0,
1291500,0,,0,
1292400,0,,0,
1293300,0,,0,
1294200,0,,0,
1295100,0,,0,
1296000,0,,0,
1296900,0,,0,
1297800,0,,0,
1298700,0,,0,
1299600,0,,0,
1300500,0,,0,
1301400,0,,0,
1302300,0,,0,
1303200,0,,0,
1304100,0,,0,
1305000,0,,0,
1305900,0,,0,
1306800,0,,0,
1307700,0,,0,
1308600,0,,0,
1309500,0,,0,
1310400,0,,0,
1311300,0,,0,
1312200,0,,0,
1313100,0,,0,
1314000,0,,0,
1314900,0,,0,
1315800,0,,0,
1316700,0,,0,
1317600,0,,0,
1318500,0,,0,
1319400,0,,0,
1320300,0,,0,
1321200,0,,0,
1322100,0,,0,
1323000,0,,0,
1323900,0,,0,
1324800,0.251908,,0.062977,
1325700,0.461832,,0.115458,
1326600,0.703244,,0.175811,
1327500,0.955152,,0.238788,
1328400,1.217556,,0.304389,
1329300,1.458968,,0.364742,
1330200,1.70038,,0.425095,
1331100,1.910304,,0.477576,
1332000,2.120227,,0.53005675,
1332900,2.298662,,0.5746655,
1333800,2.456105,,0.61402625,
1334700,2.582059,,0.64551475,
1335600,2.68702,,0.671755,
1336500,2.77099,,0.6927475,
1337400,2.823471,,0.70586775,
1338300,2.833967,,0.70849175,
1339200,2.823471,,0.70586775,
1340100,2.781486,,0.6953715,
1341000,2.718509,,0.67962725,
1341900,2.624043,,0.65601075,
1342800,2.508585,,0.62714625,
1343700,2.361639,,0.59040975,
1344600,2.1937,,0.548425,
1345500,2.004769,,0.50119225,
1346400,1.794846,,0.4487115,
1347300,1.553434,,0.3883585,
1348200,1.312022,,0.3280055,
1349100,1.060114,,0.2650285,
1350000,0.808205,,0.20205125,
1350900,0.566793,,0.14169825,
1351800,0.335878,,0.0839695,
1352700,0.157443,,0.03936075,
1353600,0,,0,
1354500,0,,0,
1355400,0,,0,
1356300,0,,0,
1357200,0,,0,
1358100,0,,0,
1359000,0,,0,
1359900,0,,0,
1360800,0,,0,
1361700,0,,0,
1362600,0,,0,
1363500,0,,0,
1364400,0,,0,
1365300,0,,0,
1366200,0,,0,
1367100,0,,0,
1368000,0,,0,
1368900,0,,0,
1369800,0,,0,
1370700,0,,0,
1371600,0,,0,
1372500,0,,0,
1373400,0,,0,
1374300,0,,0,
1375200,0,,0,
1376100,0,,0,
1377000,0,,0,
1377900,0,,0,
1378800,0,,0,
1379700,0,,0,
1380600,0,,0,
1381500,0,,0,
1382400,0,,0,
1383300,0,,0,
1384200,0,,0,
1385100,0,,0,
1386000,0,,0,
1386900,0,,0,
1387800,0,,0,
1388700,0,,0,
1389600,0,,0,
1390500,0,,0,
1391400,0,,0,
1392300,0,,0,
1393200,0,,0,
1394100,0,,0,
1395000,0,,0,
1395900,0,,0,
1396800,0,,0,
1397700,0,,0,
1398600,0,,0,
1399500,0,,0,
1400400,0,,0,
1401300,0,,0,
1402200,0,,0,
1403100,0,,0,
1404000,0,,0,
1404900,0,,0,
1405800,0,,0,
1406700,0,,0,
1407600,0,,0,
1408500,0,,0,
1409400,0,,0,
1410300,0,,0,
1411200,0.262404,,0.065601,
1412100,0.472328,,0.118082,
1413000,0.71374,,0.178435,
1413900,0.934159,,0.23353975,
1414800,1.186068,,0.296517,
1415700,1.42748,,0.35687,
1416600,1.658395,,0.41459875,
1417500,1.899807,,0.47495175,
1418400,2.088738,,0.5221845,
1419300,2.27767,,0.5694175,
1420200,2.445608,,0.611402,
1421100,2.540074,,0.6350185,
1422000,2.655532,,0.663883,
1422900,2.739501,,0.68487525,
1423800,2.791982,,0.6979955,
1424700,2.854959,,0.71373975,
1425600,2.844463,,0.71111575,
1426500,2.812974,,0.7032435,
1427400,2.739501,,0.68487525,
1428300,2.676524,,0.669131,
1429200,2.55057,,0.6376425,
1430100,2.403624,,0.600906,
1431000,2.225189,,0.55629725,
1431900,2.015265,,0.50381625,
1432800,1.794846,,0.4487115,
1433700,1.56393,,0.3909825,
1434600,1.322518,,0.3306295,
1435500,1.049617,,0.26240425,
1436400,0.797709,,0.19942725,
1437300,0.556297,,0.13907425,
1438200,0.335878,,0.0839695,
1439100,0.157443,,0.03936075,
1440000,0,,0,
1440900,0,,0,
1441800,0,,0,
1442700,0,,0,
1443600,0,,0,
1444500,0,,0,
1445400,0,,0,
1446300,0,,0,
1447200,0,,0,
1448100,0,,0,
1449000,0,,0,
1449900,0,,0,
1450800,0,,0,
1451700,0,,0,
1452600,0,,0,
1453500,0,,0,
1454400,0,,0,
1455300,0,,0,
1456200,0,,0,
1457100,0,,0,
1458000,0,,0,
1458900,0,,0,
1459800,0,,0,
1460700,0,,0,
1461600,0,,0,
1462500,0,,0,
1463400,0,,0,
1464300,0,,0,
1465200,0,,0,
1466100,0,,0,
1467000,0,,0,
1467900,0,,0,
1468800,0,,0,
1469700,0,,0,
1470600,0,,0,
1471500,0,,0,
1472400,0,,0,
1473300,0,,0,
1474200,0,,0,
1475100,0,,0,
1476000,0,,0,
1476900,0,,0,
1477800,0,,0,
1478700,0,,0,
1479600,0,,0,
1480500,0,,0,
1481400,0,,0,
1482300,0,,0,
1483200,0,,0,
1484100,0,,0,
1485000,0,,0,
1485900,0,,0,
1486800,0,,0,
1487700,0,,0,
1488600,0,,0,
1489500,0,,0,
1490400,0,,0,
1491300,0,,0,
1492200,0,,0,
1493100,0,,0,
1494000,0,,0,
1494900,0,,0,
1495800,0,,0,
1496700,0,,0,
1497600,0.325381,,0.08134525,
1498500,0.57729,,0.1443225,
1499400,0.85019,,0.2125475,
1500300,1.133587,,0.28339675,
1501200,1.406487,,0.35162175,
1502100,1.689884,,0.422471,
1503000,1.941792,,0.485448,
1503900,2.1937,,0.548425,
1504800,2.41412,,0.60353,
1505700,2.603051,,0.65076275,
1506600,2.781486,,0.6953715,
1507500,2.928432,,0.732108,
1508400,3.04389,,0.7609725,
1509300,3.12786,,0.781965,
1510200,3.180341,,0.79508525,
1511100,3.211829,,0.80295725,
1512000,3.201333,,0.80033325,
1512900,3.169844,,0.792461,
1513800,3.096371,,0.77409275,
1514700,3.001906,,0.7504765,
1515600,2.875951,,0.71898775,
1516500,2.718509,,0.67962725,
1517400,2.529578,,0.6323945,
1518300,2.319654,,0.5799135,
1519200,2.088738,,0.5221845,
1520100,1.83683,,0.4592075,
1521000,1.56393,,0.3909825,
1521900,1.291029,,0.32275725,
1522800,1.007633,,0.25190825,
1523700,0.724236,,0.181059,
1524600,0.451335,,0.11283375,
1525500,0.22042,,0.055105,
1526400,0,,0,
1527300,0,,0,
1528200,0,,0,
1529100,0,,0,
1530000,0,,0,
1530900,0,,0,
1531800,0,,0,
1532700,0,,0,
1533600,0,,0,
1534500,0,,0,
1535400,0,,0,
1536300,0,,0,
1537200,0,,0,
1538100,0,,0,
1539000,0,,0,
1539900,0,,0,
1540800,0,,0,
1541700,0,,0,
1542600,0,,0,
1543500,0,,0,
1544400,0,,0,
1545300,0,,0,
1546200,0,,0,
1547100,0,,0,
1548000,0,,0,
1548900,0,,0,
1549800,0,,0,
1550700,0,,0,
1551600,0,,0,
1552500,0,,0,
1553400,0,,0,
1554300,0,,0,
1555200,0,,0,
1556100,0,,0,
1557000,0,,0,
1557900,0,,0,
1558800,0,,0,
1559700,0,,0,
1560600,0,,0,
1561500,0,,0,
1562400,0,,0,
1563300,0,,0,
1564200,0,,0,
1565100,0,,0,
1566000,0,,0,
1566900,0,,0,
1567800,0,,0,
1568700,0,,0,
1569600,0,,0,
1570500,0,,0,
1571400,0,,0,
1572300,0,,0,
1573200,0,,0,
1574100,0,,0,
1575000,0,,0,
1575900,0,,0,
1576800,0,,0,
1577700,0,,0,
1578600,0,,0,
1579500,0,,0,
1580400,0,,0,
1581300,0,,0,
1582200,0,,0,
1583100,0.13645,,0.0341125,
1584000,0.325381,,0.08134525,
1584900,0.566793,,0.14169825,
1585800,0.839694,,0.2099235,
1586700,1.123091,,0.28077275,
1587600,1.406487,,0.35162175,
1588500,1.679388,,0.419847,
1589400,1.931296,,0.482824,
1590300,2.183204,,0.545801,
1591200,2.403624,,0.600906,
1592100,2.592555,,0.64813875,
1593000,2.77099,,0.6927475,
1593900,2.917936,,0.729484,
1594800,3.033394,,0.7583485,
1595700,3.117363,,0.77934075,
1596600,3.169844,,0.792461,
1597500,3.201333,,0.80033325,
1598400,3.190837,,0.79770925,
1599300,3.159348,,0.789837,
1600200,3.085875,,0.77146875,
1601100,2.991409,,0.74785225,
1602000,2.865455,,0.71636375,
1602900,2.718509,,0.67962725,
1603800,2.529578,,0.6323945,
1604700,2.33015,,0.5825375,
1605600,2.099235,,0.52480875,
1606500,1.847327,,0.46183175,
1607400,1.584922,,0.3962305,
1608300,1.301525,,0.32538125,
1609200,1.018129,,0.25453225,
1610100,0.734732,,0.183683,
1611000,0.472328,,0.118082,
1611900,0.241412,,0.060353,
1612800,0,,0,
1613700,0,,0,
1614600,0,,0,
1615500,0,,0,
1616400,0,,0,
1617300,0,,0,
1618200,0,,0,
1619100,0,,0,
1620000,0,,0,
1620900,0,,0,
1621800,0,,0,
1622700,0,,0,
1623600,0,,0,
1624500,0,,0,
1625400,0,,0,
1626300,0,,0,
1627200,0,,0,
1628100,0,,0,
1629000,0,,0,
1629900,0,,0,
1630800,0,,0,
1631700,0,,0,
1632600,0,,0,
1633500,0,,0,
1634400,0,,0,
1635300,0,,0,
1636200,0,,0,
1637100,0,,0,
1638000,0,,0,
1638900,0,,0,
1639800,0,,0,
1640700,0,,0,
1641600,0,,0,
1642500,0,,0,
1643400,0,,0,
1644300,0,,0,
1645200,0,,0,
1646100,0,,0,
1647000,0,,0,
1647900,0,,0,
1648800,0,,0,
1649700,0,,0,
1650600,0,,0,
1651500,0,,0,
1652400,0,,0,
1653300,0,,0,
1654200,0,,0,
1655100,0,,0,
1656000,0,,0,
1656900,0,,0,
1657800,0,,0,
1658700,0,,0,
1659600,0,,0,
1660500,0,,0,
1661400,0,,0,
1662300,0,,0,
1663200,0,,0,
1664100,0,,0,
1665000,0,,0,
1665900,0,,0,
1666800,0,,0,
1667700,0,,0,
1668600,0,,0,
1669500,0.157443,,0.03936075,
1670400,0.367366,,0.0918415,
1671300,0.62977,,0.1574425,
1672200,0.913167,,0.22829175,
1673100,1.20706,,0.301765,
1674000,1.490457,,0.37261425,
1674900,1.773853,,0.44346325,
1675800,2.036258,,0.5090645,
1676700,2.288166,,0.5720415,
1677600,2.508585,,0.62714625,
1678500,2.708013,,0.67700325,
1679400,2.886448,,0.721612,
1680300,3.022898,,0.7557245,
1681200,3.148852,,0.787213,
1682100,3.232821,,0.80820525,
1683000,3.253814,,0.8134535,
1683900,3.274806,,0.8187015,
1684800,3.274806,,0.8187015,
1685700,3.232821,,0.80820525,
1686600,3.169844,,0.792461,
1687500,3.064883,,0.76622075,
1688400,2.938929,,0.73473225,
1689300,2.781486,,0.6953715,
1690200,2.603051,,0.65076275,
1691100,2.393128,,0.598282,
1692000,2.162212,,0.540553,
1692900,1.910304,,0.477576,
1693800,1.637403,,0.40935075,
1694700,1.364503,,0.34112575,
1695600,1.07061,,0.2676525,
1696500,0.787213,,0.19680325,
1697400,0.514312,,0.128578,
1698300,0.272901,,0.06822525,
1699200,0,,0,
1700100,0,,0,
1701000,0,,0,
1701900,0,,0,
1702800,0,,0,
1703700,0,,0,
1704600,0,,0,
1705500,0,,0,
1706400,0,,0,
1707300,0,,0,
1708200,0,,0,
1709100,0,,0,
1710000,0,,0,
1710900,0,,0,
1711800,0,,0,
1712700,0,,0,
1713600,0,,0,
1714500,0,,0,
1715400,0,,0,
1716300,0,,0,
1717200,0,,0,
1718100,0,,0,
1719000,0,,0,
1719900,0,,0,
1720800,0,,0,
1721700,0,,0,
1722600,0,,0,
1723500,0,,0,
1724400,0,,0,
1725300,0,,0,
1726200,0,,0,
1727100,0,,0,
1728000,0,,0,
1728900,0,,0,
1729800,0,,0,
1730700,0,,0,
1731600,0,,0,
1732500,0,,0,
1733400,0,,0,
1734300,0,,0,
1735200,0,,0,
1736100,0,,0,
1737000,0,,0,
1737900,0,,0,
1738800,0,,0,
1739700,0,,0,
1740600,0,,0,
1741500,0,,0,
1742400,0,,0,
1743300,0,,0,
1744200,0,,0,
1745100,0,,0,
1746000,0,,0,
1746900,0,,0,
1747800,0,,0,
1748700,0,,0,
1749600,0,,0,
1750500,0,,0,
1751400,0,,0,
1752300,0,,0,
1753200,0,,0,
1754100,0,,0,
1755000,0,,0,
1755900,0.167939,,0.04198475,
1756800,0.377862,,0.0944655,
1757700,0.640267,,0.16006675,
1758600,0.923663,,0.23091575,
1759500,1.217556,,0.304389,
1760400,1.511449,,0.37786225,
1761300,1.784349,,0.44608725,
1762200,2.046754,,0.5116885,
1763100,2.298662,,0.5746655,
1764000,2.519082,,0.6297705,
1764900,2.718509,,0.67962725,
1765800,2.896944,,0.724236,
1766700,3.04389,,0.7609725,
1767600,3.159348,,0.789837,
1768500,3.243318,,0.8108295,
1769400,3.306295,,0.82657375,
1770300,3.295798,,0.8239495,
1771200,3.285302,,0.8213255,
1772100,3.253814,,0.8134535,
1773000,3.180341,,0.79508525,
1773900,3.085875,,0.77146875,
1774800,2.959921,,0.73998025,
1775700,2.802478,,0.7006195,
1776600,2.624043,,0.65601075,
1777500,2.403624,,0.600906,
1778400,2.172708,,0.543177,
1779300,1.9208,,0.4802,
1780200,1.658395,,0.41459875,
1781100,1.354006,,0.3385015,
1782000,1.07061,,0.2676525,
1782900,0.787213,,0.19680325,
1783800,0.514312,,0.128578,
1784700,0.272901,,0.06822525,
1785600,0,,0,
1786500,0,,0,
1787400,0,,0,
1788300,0,,0,
1789200,0,,0,
1790100,0,,0,
1791000,0,,0,
1791900,0,,0,
1792800,0,,0,
1793700,0,,0,
1794600,0,,0,
1795500,0,,0,
1796400,0,,0,
1797300,0,,0,
1798200,0,,0,
1799100,0,,0,
1800000,0,,0,
1800900,0,,0,
1801800,0,,0,
1802700,0,,0,
1803600,0,,0,
1804500,0,,0,
1805400,0,,0,
1806300,0,,0,
1807200,0,,0,
1808100,0,,0,
1809000,0,,0,
1809900,0,,0,
1810800,0,,0,
1811700,0,,0,
1812600,0,,0,
1813500,0,,0,
1814400,0,,0,
1815300,0,,0,
1816200,0,,0,
1817100,0,,0,
1818000,0,,0,
1818900,0,,0,
1819800,0,,0,
1820700,0,,0,
1821600,0,,0,
1822500,0,,0,
1823400,0,,0,
1824300,0,,0,
1825200,0,,0,
1826100,0,,0,
1827000,0,,0,
1827900,0,,0,
1828800,0,,0,
1829700,0,,0,
1830600,0,,0,
1831500,0,,0,
1832400,0,,0,
1833300,0,,0,
1834200,0,,0,
1835100,0,,0,
1836000,0,,0,
1836900,0,,0,
1837800,0,,0,
1838700,0,,0,
1839600,0,,0,
1840500,0,,0,
1841400,0,,0,
1842300,0.178435,,0.04460875,
1843200,0.388358,,0.0970895,
1844100,0.650763,,0.16269075,
1845000,0.934159,,0.23353975,
1845900,1.228052,,0.307013,
1846800,1.511449,,0.37786225,
1847700,1.794846,,0.4487115,
1848600,2.05725,,0.5143125,
1849500,2.27767,,0.5694175,
1850400,2.498089,,0.62452225,
1851300,2.708013,,0.67700325,
1852200,2.886448,,0.721612,
1853100,2.991409,,0.74785225,
1854000,3.117363,,0.77934075,
1854900,3.201333,,0.80033325,
1855800,3.253814,,0.8134535,
1856700,3.274806,,0.8187015,
1857600,3.253814,,0.8134535,
1858500,3.222325,,0.80558125,
1859400,3.148852,,0.787213,
1860300,3.033394,,0.7583485,
1861200,2.90744,,0.72686,
1862100,2.749997,,0.68749925,
1863000,2.571562,,0.6428905,
1863900,2.351143,,0.58778575,
1864800,2.120227,,0.53005675,
1865700,1.878815,,0.46970375,
1866600,1.616411,,0.40410275,
1867500,1.322518,,0.3306295,
1868400,1.049617,,0.26240425,
1869300,0.766221,,0.19155525,
1870200,0.503816,,0.125954,
1871100,0.272901,,0.06822525,
1872000,0,,0,
1872900,0,,0,
1873800,0,,0,
1874700,0,,0,
1875600,0,,0,
1876500,0,,0,
1877400,0,,0,
1878300,0,,0,
1879200,0,,0,
1880100,0,,0,
1881000,0,,0,
1881900,0,,0,
1882800,0,,0,
1883700,0,,0,
1884600,0,,0,
1885500,0,,0,
1886400,0,,0,
1887300,0,,0,
1888200,0,,0,
1889100,0,,0,
1890000,0,,0,
1890900,0,,0,
1891800,0,,0,
1892700,0,,0,
1893600,0,,0,
1894500,0,,0,
1895400,0,,0,
1896300,0,,0,
1897200,0,,0,
1898100,0,,0,
1899000,0,,0,
1899900,0,,0,
1900800,0,,0,
1901700,0,,0,
1902600,0,,0,
1903500,0,,0,
1904400,0,,0,
1905300,0,,0,
1906200,0,,0,
1907100,0,,0,
1908000,0,,0,
1908900,0,,0,
1909800,0,,0,
1910700,0,,0,
1911600,0,,0,
1912500,0,,0,
1913400,0,,0,
1914300,0,,0,
1915200,0,,0,
1916100,0,,0,
1917000,0,,0,
1917900,0,,0,
1918800,0,,0,
1919700,0,,0,
1920600,0,,0,
1921500,0,,0,
1922400,0,,0,
1923300,0,,0,
1924200,0,,0,
1925100,0,,0,
1926000,0,,0,
1926900,0,,0,
1927800,0,,0,
1928700,0.167939,,0.04198475,
1929600,0.377862,,0.0944655,
1930500,0.62977,,0.1574425,
1931400,0.913167,,0.22829175,
1932300,1.196564,,0.299141,
1933200,1.469464,,0.367366,
1934100,1.752861,,0.43821525,
1935000,2.015265,,0.50381625,
1935900,2.256677,,0.56416925,
1936800,2.487593,,0.62189825,
1937700,2.68702,,0.671755,
1938600,2.865455,,0.71636375,
1939500,3.001906,,0.7504765,
1940400,3.12786,,0.781965,
1941300,3.211829,,0.80295725,
1942200,3.274806,,0.8187015,
1943100,3.274806,,0.8187015,
1944000,3.253814,,0.8134535,
1944900,3.211829,,0.80295725,
1945800,3.148852,,0.787213,
1946700,3.054386,,0.7635965,
1947600,2.917936,,0.729484,
1948500,2.77099,,0.6927475,
1949400,2.603051,,0.65076275,
1950300,2.403624,,0.600906,
1951200,2.172708,,0.543177,
1952100,1.910304,,0.477576,
1953000,1.647899,,0.41197475,
1953900,1.364503,,0.34112575,
1954800,1.081106,,0.2702765,
1955700,0.797709,,0.19942725,
1956600,0.535305,,0.13382625,
1957500,0.293893,,0.07347325,
1958400,0.115458,,0.0288645,
1959300,0,,0,
1960200,0,,0,
1961100,0,,0,
1962000,0,,0,
1962900,0,,0,
1963800,0,,0,
1964700,0,,0,
1965600,0,,0,
1966500,0,,0,
1967400,0,,0,
1968300,0,,0,
1969200,0,,0,
1970100,0,,0,
1971000,0,,0,
1971900,0,,0,
1972800,0,,0,
1973700,0,,0,
1974600,0,,0,
1975500,0,,0,
1976400,0,,0,
1977300,0,,0,
1978200,0,,0,
1979100,0,,0,
1980000,0,,0,
1980900,0,,0,
1981800,0,,0,
1982700,0,,0,
1983600,0,,0,
1984500,0,,0,
1985400,0,,0,
1986300,0,,0,
1987200,0,,0,
1988100,0,,0,
1989000,0,,0,
1989900,0,,0,
1990800,0,,0,
1991700,0,,0,
1992600,0,,0,
1993500,0,,0,
1994400,0,,0,
1995300,0,,0,
1996200,0,,0,
1997100,0,,0,
1998000,0,,0,
1998900,0,,0,
1999800,0,,0,
2000700,0,,0,
2001600,0,,0,
2002500,0,,0,
2003400,0,,0,
2004300,0,,0,
2005200,0,,0,
2006100,0,,0,
2007000,0,,0,
2007900,0,,0,
2008800,0,,0,
2009700,0,,0,
2010600,0,,0,
2011500,0,,0,
2012400,0,,0,
2013300,0,,0,
2014200,0,,0,
2015100,0.188931,,0.04723275,
2016000,0.409351,,0.10233775,
2016900,0.671755,,0.16793875,
2017800,0.955152,,0.238788,
2018700,1.259541,,0.31488525,
2019600,1.56393,,0.3909825,
2020500,1.826334,,0.4565835,
2021400,2.099235,,0.52480875,
2022300,2.351143,,0.58778575,
2023200,2.582059,,0.64551475,
2024100,2.791982,,0.6979955,
2025000,2.970417,,0.74260425,
2025900,3.12786,,0.781965,
2026800,3.253814,,0.8134535,
2027700,3.337783,,0.83444575,
2028600,3.40076,,0.85019,
2029500,3.421753,,0.85543825,
2030400,3.411256,,0.852814,
2031300,3.379768,,0.844942,
2032200,3.306295,,0.82657375,
2033100,3.201333,,0.80033325,
2034000,3.075379,,0.76884475,
2034900,2.917936,,0.729484,
2035800,2.729005,,0.68225125,
2036700,2.477097,,0.61927425,
2037600,2.246181,,0.56154525,
2038500,1.994273,,0.49856825,
2039400,1.721372,,0.430343,
2040300,1.42748,,0.35687,
2041200,1.133587,,0.28339675,
2042100,0.85019,,0.2125475,
2043000,0.566793,,0.14169825,
2043900,0.314885,,0.07872125,
2044800,0.125954,,0.0314885,
2045700,0,,0,
2046600,0,,0,
2047500,0,,0,
2048400,0,,0,
2049300,0,,0,
2050200,0,,0,
2051100,0,,0,
2052000,0,,0,
2052900,0,,0,
2053800,0,,0,
2054700,0,,0,
2055600,0,,0,
2056500,0,,0,
2057400,0,,0,
2058300,0,,0,
2059200,0,,0,
2060100,0,,0,
2061000,0,,0,
2061900,0,,0,
2062800,0,,0,
2063700,0,,0,
2064600,0,,0,
2065500,0,,0,
2066400,0,,0,
2067300,0,,0,
2068200,0,,0,
2069100,0,,0,
2070000,0,,0,
2070900,0,,0,
2071800,0,,0,
2072700,0,,0,
2073600,0,,0,
2074500,0,,0,
2075400,0,,0,
2076300,0,,0,
2077200,0,,0,
2078100,0,,0,
2079000,0,,0,
2079900,0,,0,
2080800,0,,0,
2081700,0,,0,
2082600,0,,0,
2083500,0,,0,
2084400,0,,0,
2085300,0,,0,
2086200,0,,0,
2087100,0,,0,
2088000,0,,0,
2088900,0,,0,
2089800,0,,0,
2090700,0,,0,
2091600,0,,0,
2092500,0,,0,
2093400,0,,0,
2094300,0,,0,
2095200,0,,0,
2096100,0,,0,
2097000,0,,0,
2097900,0,,0,
2098800,0,,0,
2099700,0,,0,
2100600,0,,0,
2101500,0.188931,,0.04723275,
2102400,0.398855,,0.09971375,
2103300,0.661259,,0.16531475,
2104200,0.944656,,0.236164,
2105100,1.228052,,0.307013,
2106000,1.521945,,0.38048625,
2106900,1.794846,,0.4487115,
2107800,2.067746,,0.5169365,
2108700,2.309158,,0.5772895,
2109600,2.540074,,0.6350185,
2110500,2.729005,,0.68225125,
2111400,2.90744,,0.72686,
2112300,3.054386,,0.7635965,
2113200,3.180341,,0.79508525,
2114100,3.274806,,0.8187015,
2115000,3.337783,,0.83444575,
2115900,3.358775,,0.83969375,
2116800,3.348279,,0.83706975,
2117700,3.306295,,0.82657375,
2118600,3.243318,,0.8108295,
2119500,3.148852,,0.787213,
2120400,3.022898,,0.7557245,
2121300,2.875951,,0.71898775,
2122200,2.676524,,0.669131,
2123100,2.456105,,0.61402625,
2124000,2.225189,,0.55629725,
2124900,1.983777,,0.49594425,
2125800,1.710876,,0.427719,
2126700,1.395991,,0.34899775,
2127600,1.123091,,0.28077275,
2128500,0.839694,,0.2099235,
2129400,0.566793,,0.14169825,
2130300,0.325381,,0.08134525,
2131200,0.146946,,0.0367365,
2132100,0,,0,
2133000,0,,0,
2133900,0,,0,
2134800,0,,0,
2135700,0,,0,
2136600,0,,0,
2137500,0,,0,
2138400,0,,0,
2139300,0,,0,
2140200,0,,0,
2141100,0,,0,
2142000,0,,0,
2142900,0,,0,
2143800,0,,0,
2144700,0,,0,
2145600,0,,0,
2146500,0,,0,
2147400,0,,0,
2148300,0,,0,
2149200,0,,0,
2150100,0,,0,
2151000,0,,0,
2151900,0,,0,
2152800,0,,0,
2153700,0,,0,
2154600,0,,0,
2155500,0,,0,
2156400,0,,0,
2157300,0,,0,
2158200,0,,0,
2159100,0,,0,
2160000,0,,0,
2160900,0,,0,
2161800,0,,0,
2162700,0,,0,
2163600,0,,0,
2164500,0,,0,
2165400,0,,0,
2166300,0,,0,
2167200,0,,0,
2168100,0,,0,
2169000,0,,0,
2169900,0,,0,
2170800,0,,0,
2171700,0,,0,
2172600,0,,0,
2173500,0,,0,
2174400,0,,0,
2175300,0,,0,
2176200,0,,0,
2177100,0,,0,
2178000,0,,0,
2178900,0,,0,
2179800,0,,0,
2180700,0,,0,
2181600,0,,0,
2182500,0,,0,
2183400,0,,0,
2184300,0,,0,
2185200,0,,0,
2186100,0,,0,
2187000,0,,0,
2187900,0.22042,,0.055105,
2188800,0.430343,,0.10758575,
2189700,0.692747,,0.17318675,
2190600,0.965648,,0.241412,
2191500,1.238548,,0.309637,
2192400,1.521945,,0.38048625,
2193300,1.784349,,0.44608725,
2194200,2.046754,,0.5116885,
2195100,2.288166,,0.5720415,
2196000,2.508585,,0.62714625,
2196900,2.708013,,0.67700325,
2197800,2.875951,,0.71898775,
2198700,3.033394,,0.7583485,
2199600,3.159348,,0.789837,
2200500,3.243318,,0.8108295,
2201400,3.316791,,0.82919775,
2202300,3.348279,,0.83706975,
2203200,3.337783,,0.83444575,
2204100,3.316791,,0.82919775,
2205000,3.253814,,0.8134535,
2205900,3.159348,,0.789837,
2206800,3.054386,,0.7635965,
2207700,2.896944,,0.724236,
2208600,2.718509,,0.67962725,
2209500,2.519082,,0.6297705,
2210400,2.288166,,0.5720415,
2211300,2.046754,,0.5116885,
2212200,1.784349,,0.44608725,
2213100,1.47996,,0.36999,
2214000,1.196564,,0.299141,
2214900,0.913167,,0.22829175,
2215800,0.640267,,0.16006675,
2216700,0.377862,,0.0944655,
2217600,0.178435,,0.04460875,
2218500,0,,0,
2219400,0,,0,
2220300,0,,0,
2221200,0,,0,
2222100,0,,0,
2223000,0,,0,
2223900,0,,0,
2224800,0,,0,
2225700,0,,0,
2226600,0,,0,
2227500,0,,0,
2228400,0,,0,
2229300,0,,0,
2230200,0,,0,
2231100,0,,0,
2232000,0,,0,
2232900,0,,0,
2233800,0,,0,
2234700,0,,0,
2235600,0,,0,
2236500,0,,0,
2237400,0,,0,
2238300,0,,0,
2239200,0,,0,
2240100,0,,0,
2241000,0,,0,
2241900,0,,0,
2242800,0,,0,
2243700,0,,0,
2244600,0,,0,
2245500,0,,0,
2246400,0,,0,
2247300,0,,0,
2248200,0,,0,
2249100,0,,0,
2250000,0,,0,
2250900,0,,0,
2251800,0,,0,
2252700,0,,0,
2253600,0,,0,
2254500,0,,0,
2255400,0,,0,
2256300,0,,0,
2257200,0,,0,
2258100,0,,0,
2259000,0,,0,
2259900,0,,0,
2260800,0,,0,
2261700,0,,0,
2262600,0,,0,
2263500,0,,0,
2264400,0,,0,
2265300,0,,0,
2266200,0,,0,
2267100,0,,0,
2268000,0,,0,
2268900,0,,0,
2269800,0,,0,
2270700,0,,0,
2271600,0,,0,
2272500,0,,0,
2273400,0,,0,
2274300,0.209923,,0.05248075,
2275200,0.419847,,0.10496175,
2276100,0.671755,,0.16793875,
2277000,0.934159,,0.23353975,
2277900,1.196564,,0.299141,
2278800,1.469464,,0.367366,
2279700,1.742365,,0.43559125,
2280600,1.994273,,0.49856825,
2281500,2.214693,,0.55367325,
2282400,2.435112,,0.608778,
2283300,2.624043,,0.65601075,
2284200,2.791982,,0.6979955,
2285100,2.90744,,0.72686,
2286000,3.022898,,0.7557245,
2286900,3.106867,,0.77671675,
2287800,3.169844,,0.792461,
2288700,3.12786,,0.781965,
2289600,3.12786,,0.781965,
2290500,3.096371,,0.77409275,
2291400,3.033394,,0.7583485,
2292300,2.938929,,0.73473225,
2293200,2.823471,,0.70586775,
2294100,2.676524,,0.669131,
2295000,2.508585,,0.62714625,
2295900,2.33015,,0.5825375,
2296800,2.120227,,0.53005675,
2297700,1.878815,,0.46970375,
2298600,1.637403,,0.40935075,
2299500,1.374999,,0.34374975,
2300400,1.102098,,0.2755245,
2301300,0.839694,,0.2099235,
2302200,0.57729,,0.1443225,
2303100,0.35687,,0.0892175,
2304000,0.167939,,0.04198475,
2304900,0,,0,
2305800,0,,0,
2306700,0,,0,
2307600,0,,0,
2308500,0,,0,
2309400,0,,0,
2310300,0,,0,
2311200,0,,0,
2312100,0,,0,
2313000,0,,0,
2313900,0,,0,
2314800,0,,0,
2315700,0,,0,
2316600,0,,0,
2317500,0,,0,
2318400,0,,0,
2319300,0,,0,
2320200,0,,0,
2321100,0,,0,
2322000,0,,0,
2322900,0,,0,
2323800,0,,0,
2324700,0,,0,
2325600,0,,0,
2326500,0,,0,
2327400,0,,0,
2328300,0,,0,
2329200,0,,0,
2330100,0,,0,
2331000,0,,0,
2331900,0,,0,
2332800,0,,0,
2333700,0,,0,
2334600,0,,0,
2335500,0,,0,
2336400,0,,0,
2337300,0,,0,
2338200,0,,0,
2339100,0,,0,
2340000,0,,0,
2340900,0,,0,
2341800,0,,0,
2342700,0,,0,
2343600,0,,0,
2344500,0,,0,
2345400,0,,0,
2346300,0,,0,
2347200,0,,0,
2348100,0,,0,
2349000,0,,0,
2349900,0,,0,
2350800,0,,0,
2351700,0,,0,
2352600,0,,0,
2353500,0,,0,
2354400,0,,0,
2355300,0,,0,
2356200,0,,0,
2357100,0,,0,
2358000,0,,0,
2358900,0,,0,
2359800,0,,0,
2360700,0.146946,,0.0367365,
2361600,0.335878,,0.0839695,
2362500,0.566793,,0.14169825,
2363400,0.818702,,0.2046755,
2364300,1.091602,,0.2729005,
2365200,1.354006,,0.3385015,
2366100,1.605915,,0.40147875,
2367000,1.847327,,0.46183175,
2367900,2.109731,,0.52743275,
2368800,2.33015,,0.5825375,
2369700,2.519082,,0.6297705,
2370600,2.676524,,0.669131,
2371500,2.875951,,0.71898775,
2372400,2.991409,,0.74785225,
2373300,3.075379,,0.76884475,
2374200,3.12786,,0.781965,
2375100,3.26431,,0.8160775,
2376000,3.26431,,0.8160775,
2376900,3.232821,,0.80820525,
2377800,3.180341,,0.79508525,
2378700,3.159348,,0.789837,
2379600,3.04389,,0.7609725,
2380500,2.886448,,0.721612,
2381400,2.718509,,0.67962725,
2382300,2.540074,,0.6350185,
2383200,2.319654,,0.5799135,
2384100,2.078242,,0.5195605,
2385000,1.815838,,0.4539595,
2385900,1.532441,,0.38311025,
2386800,1.249045,,0.31226125,
2387700,0.965648,,0.241412,
2388600,0.682251,,0.17056275,
2389500,0.419847,,0.10496175,
2390400,0.209923,,0.05248075,
2391300,0,,0,
2392200,0,,0,
2393100,0,,0,
2394000,0,,0,
2394900,0,,0,
2395800,0,,0,
2396700,0,,0,
2397600,0,,0,
2398500,0,,0,
2399400,0,,0,
2400300,0,,0,
2401200,0,,0,
2402100,0,,0,
2403000,0,,0,
2403900,0,,0,
2404800,0,,0,
2405700,0,,0,
2406600,0,,0,
2407500,0,,0,
2408400,0,,0,
2409300,0,,0,
2410200,0,,0,
2411100,0,,0,
2412000,0,,0,
2412900,0,,0,
2413800,0,,0,
2414700,0,,0,
2415600,0,,0,
2416500,0,,0,
2417400,0,,0,
2418300,0,,0,
2419200,0,,0,
2420100,0,,0,
2421000,0,,0,
2421900,0,,0,
2422800,0,,0,
2423700,0,,0,
2424600,0,,0,
2425500,0,,0,
2426400,0,,0,
2427300,0,,0,
2428200,0,,0,
2429100,0,,0,
2430000,0,,0,
2430900,0,,0,
2431800,0,,0,
2432700,0,,0,
2433600,0,,0,
2434500,0,,0,
2435400,0,,0,
2436300,0,,0,
2437200,0,,0,
2438100,0,,0,
2439000,0,,0,
2439900,0,,0,
2440800,0,,0,
2441700,0,,0,
2442600,0,,0,
2443500,0,,0,
2444400,0,,0,
2445300,0,,0,
2446200,0,,0,
2447100,0.293893,,0.07347325,
2448000,0.535305,,0.13382625,
2448900,0.818702,,0.2046755,
2449800,1.123091,,0.28077275,
2450700,1.448472,,0.362118,
2451600,1.752861,,0.43821525,
2452500,2.036258,,0.5090645,
2453400,2.309158,,0.5772895,
2454300,2.582059,,0.64551475,
2455200,2.812974,,0.7032435,
2456100,3.012402,,0.7531005,
2457000,3.190837,,0.79770925,
2457900,3.358775,,0.83969375,
2458800,3.474233,,0.86855825,
2459700,3.568699,,0.89217475,
2460600,3.631676,,0.907919,
2461500,3.652668,,0.913167,
2462400,3.652668,,0.913167,
2463300,3.62118,,0.905295,
2464200,3.558203,,0.88955075,
2465100,3.463737,,0.86593425,
2466000,3.337783,,0.83444575,
2466900,3.180341,,0.79508525,
2467800,2.991409,,0.74785225,
2468700,2.791982,,0.6979955,
2469600,2.55057,,0.6376425,
2470500,2.298662,,0.5746655,
2471400,2.025761,,0.50644025,
2472300,1.731869,,0.43296725,
2473200,1.42748,,0.35687,
2474100,1.123091,,0.28077275,
2475000,0.818702,,0.2046755,
2475900,0.535305,,0.13382625,
2476800,0.283397,,0.07084925,
2477700,0,,0,
2478600,0,,0,
2479500,0,,0,
2480400,0,,0,
2481300,0,,0,
2482200,0,,0,
2483100,0,,0,
2484000,0,,0,
2484900,0,,0,
2485800,0,,0,
2486700,0,,0,
2487600,0,,0,
2488500,0,,0,
2489400,0,,0,
2490300,0,,0,
2491200,0,,0,
2492100,0,,0,
2493000,0,,0,
2493900,0,,0,
2494800,0,,0,
2495700,0,,0,
2496600,0,,0,
2497500,0,,0,
2498400,0,,0,
2499300,0,,0,
2500200,0,,0,
2501100,0,,0,
2502000,0,,0,
2502900,0,,0,
2503800,0,,0,
2504700,0,,0,
2505600,0,,0,
2506500,0,,0,
2507400,0,,0,
2508300,0,,0,
2509200,0,,0,
2510100,0,,0,
2511000,0,,0,
2511900,0,,0,
2512800,0,,0,
2513700,0,,0,
2514600,0,,0,
2515500,0,,0,
2516400,0,,0,
2517300,0,,0,
2518200,0,,0,
2519100,0,,0,
2520000,0,,0,
2520900,0,,0,
2521800,0,,0,
2522700,0,,0,
2523600,0,,0,
2524500,0,,0,
2525400,0,,0,
2526300,0,,0,
2527200,0,,0,
2528100,0,,0,
2529000,0,,0,
2529900,0,,0,
2530800,0,,0,
2531700,0,,0,
2532600,0,,0,
2533500,0.293893,,0.07347325,
2534400,0.545801,,0.13645025,
2535300,0.818702,,0.2046755,
2536200,1.112594,,0.2781485,
2537100,1.406487,,0.35162175,
2538000,1.70038,,0.425095,
2538900,1.973281,,0.49332025,
2539800,2.246181,,0.56154525,
2540700,2.477097,,0.61927425,
2541600,2.708013,,0.67700325,
2542500,2.90744,,0.72686,
2543400,3.085875,,0.77146875,
2544300,3.222325,,0.80558125,
2545200,3.348279,,0.83706975,
2546100,3.432249,,0.85806225,
2547000,3.495226,,0.8738065,
2547900,3.495226,,0.8738065,
2548800,3.495226,,0.8738065,
2549700,3.453241,,0.86331025,
2550600,3.40076,,0.85019,
2551500,3.285302,,0.8213255,
2552400,3.159348,,0.789837,
2553300,3.012402,,0.7531005,
2554200,2.833967,,0.70849175,
2555100,2.613547,,0.65338675,
2556000,2.382631,,0.59565775,
2556900,2.141219,,0.53530475,
2557800,1.878815,,0.46970375,
2558700,1.553434,,0.3883585,
2559600,1.270037,,0.31750925,
2560500,0.98664,,0.24666,
2561400,0.71374,,0.178435,
2562300,0.430343,,0.10758575,
2563200,0.209923,,0.05248075,
2564100,0,,0,
2565000,0,,0,
2565900,0,,0,
2566800,0,,0,
2567700,0,,0,
2568600,0,,0,
2569500,0,,0,
2570400,0,,0,
2571300,0,,0,
2572200,0,,0,
2573100,0,,0,
2574000,0,,0,
2574900,0,,0,
2575800,0,,0,
2576700,0,,0,
2577600,0,,0,
2578500,0,,0,
2579400,0,,0,
2580300,0,,0,
2581200,0,,0,
2582100,0,,0,
2583000,0,,0,
2583900,0,,0,
2584800,0,,0,
2585700,0,,0,
2586600,0,,0,
2587500,0,,0,
2588400,0,,0,
2589300,0,,0,
2590200,0,,0,
2591100,0,,0,
2592000,0,,0,
2592900,0,,0,
2593800,0,,0,
2594700,0,,0,
2595600,0,,0,
2596500,0,,0,
2597400,0,,0,
2598300,0,,0,
2599200,0,,0,
2600100,0,,0,
2601000,0,,0,
2601900,0,,0,
2602800,0,,0,
2603700,0,,0,
2604600,0,,0,
2605500,0,,0,
2606400,0,,0,
2607300,0,,0,
2608200,0,,0,
2609100,0,,0,
2610000,0,,0,
2610900,0,,0,
2611800,0,,0,
2612700,0,,0,
2613600,0,,0,
2614500,0,,0,
2615400,0,,0,
2616300,0,,0,
2617200,0,,0,
2618100,0,,0,
2619000,0.13645,,0.0341125,
2619900,0.335878,,0.0839695,
2620800,0.598282,,0.1495705,
2621700,0.892175,,0.22304375,
2622600,1.20706,,0.301765,
2623500,1.521945,,0.38048625,
2624400,1.815838,,0.4539595,
2625300,2.109731,,0.52743275,
2626200,2.393128,,0.598282,
2627100,2.645036,,0.661259,
2628000,2.886448,,0.721612,
2628900,3.096371,,0.77409275,
2629800,3.274806,,0.8187015,
2630700,3.442745,,0.86068625,
2631600,3.568699,,0.89217475,
2632500,3.663164,,0.915791,
2633400,3.726142,,0.9315355,
2634300,3.726142,,0.9315355,
2635200,3.726142,,0.9315355,
2636100,3.694653,,0.92366325,
2637000,3.631676,,0.907919,
2637900,3.526714,,0.8816785,
2638800,3.40076,,0.85019,
2639700,3.243318,,0.8108295,
2640600,3.075379,,0.76884475,
2641500,2.844463,,0.71111575,
2642400,2.613547,,0.65338675,
2643300,2.361639,,0.59040975,
2644200,2.078242,,0.5195605,
2645100,1.773853,,0.44346325,
2646000,1.47996,,0.36999,
2646900,1.165075,,0.29126875,
2647800,0.860686,,0.2151715,
2648700,0.566793,,0.14169825,
2649600,0.314885,,0.07872125,
2650500,0.125954,,0.0314885,
2651400,0,,0,
2652300,0,,0,
2653200,0,,0,
2654100,0,,0,
2655000,0,,0,
2655900,0,,0,
2656800,0,,0,
2657700,0,,0,
2658600,0,,0,
2659500,0,,0,
2660400,0,,0,
2661300,0,,0,
2662200,0,,0,
2663100,0,,0,
2664000,0,,0,
2664900,0,,0,
2665800,0,,0,
2666700,0,,0,
2667600,0,,0,
2668500,0,,0,
2669400,0,,0,
2670300,0,,0,
2671200,0,,0,
2672100,0,,0,
2673000,0,,0,
2673900,0,,0,
2674800,0,,0,
2675700,0,,0,
2676600,0,,0,
2677500,0,,0,
2678400,0,,0,
2679300,0,,0,
2680200,0,,0,
2681100,0,,0,
2682000,0,,0,
2682900,0,,0,
2683800,0,,0,
2684700,0,,0,
2685600,0,,0,
2686500,0,,0,
2687400,0,,0,
2688300,0,,0,
2689200,0,,0,
2690100,0,,0,
2691000,0,,0,
2691900,0,,0,
2692800,0,,0,
2693700,0,,0,
2694600,0,,0,
2695500,0,,0,
2696400,0,,0,
2697300,0,,0,
2698200,0,,0,
2699100,0,,0,
2700000,0,,0,
2700900,0,,0,
2701800,0,,0,
2702700,0,,0,
2703600,0,,0,
2704500,0,,0,
2705400,0.13645,,0.0341125,
2706300,0.314885,,0.07872125,
2707200,0.566793,,0.14169825,
2708100,0.85019,,0.2125475,
2709000,1.154579,,0.28864475,
2709900,1.437976,,0.359494,
2710800,1.731869,,0.43296725,
2711700,2.025761,,0.50644025,
2712600,2.298662,,0.5746655,
2713500,2.55057,,0.6376425,
2714400,2.791982,,0.6979955,
2715300,3.001906,,0.7504765,
2716200,3.180341,,0.79508525,
2717100,3.369272,,0.842318,
2718000,3.495226,,0.8738065,
2718900,3.589691,,0.89742275,
2719800,3.652668,,0.913167,
2720700,3.694653,,0.92366325,
2721600,3.694653,,0.92366325,
2722500,3.652668,,0.913167,
2723400,3.589691,,0.89742275,
2724300,3.495226,,0.8738065,
2725200,3.348279,,0.83706975,
2726100,3.190837,,0.79770925,
2727000,3.001906,,0.7504765,
2727900,2.802478,,0.7006195,
2728800,2.561066,,0.6402665,
2729700,2.298662,,0.5746655,
2730600,2.025761,,0.50644025,
2731500,1.752861,,0.43821525,
2732400,1.448472,,0.362118,
2733300,1.133587,,0.28339675,
2734200,0.839694,,0.2099235,
2735100,0.566793,,0.14169825,
2736000,0.325381,,0.08134525,
2736900,0.13645,,0.0341125,
2737800,0,,0,
2738700,0,,0,
2739600,0,,0,
2740500,0,,0,
2741400,0,,0,
2742300,0,,0,
2743200,0,,0,
2744100,0,,0,
2745000,0,,0,
2745900,0,,0,
2746800,0,,0,
2747700,0,,0,
2748600,0,,0,
2749500,0,,0,
2750400,0,,0,
2751300,0,,0,
2752200,0,,0,
2753100,0,,0,
2754000,0,,0,
2754900,0,,0,
2755800,0,,0,
2756700,0,,0,
2757600,0,,0,
2758500,0,,0,
2759400,0,,0,
2760300,0,,0,
2761200,0,,0,
2762100,0,,0,
2763000,0,,0,
2763900,0,,0,
2764800,0,,0,
2765700,0,,0,
2766600,0,,0,
2767500,0,,0,
2768400,0,,0,
2769300,0,,0,
2770200,0,,0,
2771100,0,,0,
2772000,0,,0,
2772900,0,,0,
2773800,0,,0,
2774700,0,,0,
2775600,0,,0,
2776500,0,,0,
2777400,0,,0,
2778300,0,,0,
2779200,0,,0,
2780100,0,,0,
2781000,0,,0,
2781900,0,,0,
2782800,0,,0,
2783700,0,,0,
2784600,0,,0,
2785500,0,,0,
2786400,0,,0,
2787300,0,,0,
2788200,0,,0,
2789100,0,,0,
2790000,0,,0,
2790900,0,,0,
2791800,0.157443,,0.03936075,
2792700,0.367366,,0.0918415,
2793600,0.62977,,0.1574425,
2794500,0.923663,,0.23091575,
2795400,1.228052,,0.307013,
2796300,1.521945,,0.38048625,
2797200,1.83683,,0.4592075,
2798100,2.130723,,0.53268075,
2799000,2.403624,,0.600906,
2799900,2.645036,,0.661259,
2800800,2.886448,,0.721612,
2801700,3.096371,,0.77409275,
2802600,3.274806,,0.8187015,
2803500,3.432249,,0.85806225,
2804400,3.558203,,0.88955075,
2805300,3.652668,,0.913167,
2806200,3.715645,,0.92891125,
2807100,3.736638,,0.9341595,
2808000,3.736638,,0.9341595,
2808900,3.705149,,0.92628725,
2809800,3.642172,,0.910543,
2810700,3.53721,,0.8843025,
2811600,3.411256,,0.852814,
2812500,3.26431,,0.8160775,
2813400,3.075379,,0.76884475,
2814300,2.865455,,0.71636375,
2815200,2.624043,,0.65601075,
2816100,2.372135,,0.59303375,
2817000,2.088738,,0.5221845,
2817900,1.794846,,0.4487115,
2818800,1.500953,,0.37523825,
2819700,1.186068,,0.296517,
2820600,0.881679,,0.22041975,
2821500,0.608778,,0.1521945,
2822400,0.346374,,0.0865935,
2823300,0.146946,,0.0367365,
2824200,0,,0,
2825100,0,,0,
2826000,0,,0,
2826900,0,,0,
2827800,0,,0,
2828700,0,,0,
2829600,0,,0,
2830500,0,,0,
2831400,0,,0,
2832300,0,,0,
2833200,0,,0,
2834100,0,,0,
2835000,0,,0,
2835900,0,,0,
2836800,0,,0,
2837700,0,,0,
2838600,0,,0,
2839500,0,,0,
2840400,0,,0,
2841300,0,,0,
2842200,0,,0,
2843100,0,,0,
2844000,0,,0,
2844900,0,,0,
2845800,0,,0,
2846700,0,,0,
2847600,0,,0,
2848500,0,,0,
2849400,0,,0,
2850300,0,,0,
2851200,0,,0,
2852100,0,,0,
2853000,0,,0,
2853900,0,,0,
2854800,0,,0,
2855700,0,,0,
2856600,0,,0,
2857500,0,,0,
2858400,0,,0,
2859300,0,,0,
2860200,0,,0,
2861100,0,,0,
2862000,0,,0,
2862900,0,,0,
2863800,0,,0,
2864700,0,,0,
2865600,0,,0,
2866500,0,,0,
2867400,0,,0,
2868300,0,,0,
2869200,0,,0,
2870100,0,,0,
2871000,0,,0,
2871900,0,,0,
2872800,0,,0,
2873700,0,,0,
2874600,0,,0,
2875500,0,,0,
2876400,0,,0,
2877300,0,,0,
2878200,0.199427,,0.04985675,
2879100,0.440839,,0.11020975,
2880000,0.724236,,0.181059,
2880900,1.028625,,0.25715625,
2881800,1.354006,,0.3385015,
2882700,1.668892,,0.417223,
2883600,1.973281,,0.49332025,
2884500,2.267173,,0.56679325,
2885400,2.55057,,0.6376425,
2886300,2.812974,,0.7032435,
2887200,3.04389,,0.7609725,
2888100,3.253814,,0.8134535,
2889000,3.442745,,0.86068625,
2889900,3.589691,,0.89742275,
2890800,3.715645,,0.92891125,
2891700,3.810111,,0.95252775,
2892600,3.873088,,0.968272,
2893500,3.904576,,0.976144,
2894400,3.904576,,0.976144,
2895300,3.873088,,0.968272,
2896200,3.810111,,0.95252775,
2897100,3.705149,,0.92628725,
2898000,3.579195,,0.89479875,
2898900,3.421753,,0.85543825,
2899800,3.243318,,0.8108295,
2900700,3.033394,,0.7583485,
2901600,2.791982,,0.6979955,
2902500,2.540074,,0.6350185,
2903400,2.256677,,0.56416925,
2904300,1.962784,,0.490696,
2905200,1.647899,,0.41197475,
2906100,1.333014,,0.3332535,
2907000,1.018129,,0.25453225,
2907900,0.71374,,0.178435,
2908800,0.430343,,0.10758575,
2909700,0.199427,,0.04985675,
2910600,0,,0,
2911500,0,,0,
2912400,0,,0,
2913300,0,,0,
2914200,0,,0,
2915100,0,,0,
2916000,0,,0,
2916900,0,,0,
2917800,0,,0,
2918700,0,,0,
2919600,0,,0,
2920500,0,,0,
2921400,0,,0,
2922300,0,,0,
2923200,0,,0,
2924100,0,,0,
2925000,0,,0,
2925900,0,,0,
2926800,0,,0,
2927700,0,,0,
2928600,0,,0,
2929500,0,,0,
2930400,0,,0,
2931300,0,,0,
2932200,0,,0,
2933100,0,,0,
2934000,0,,0,
2934900,0,,0,
2935800,0,,0,
2936700,0,,0,
2937600,0,,0,
2938500,0,,0,
2939400,0,,0,
2940300,0,,0,
2941200,0,,0,
2942100,0,,0,
2943000,0,,0,
2943900,0,,0,
2944800,0,,0,
2945700,0,,0,
2946600,0,,0,
2947500,0,,0,
2948400,0,,0,
2949300,0,,0,
2950200,0,,0,
2951100,0,,0,
2952000,0,,0,
2952900,0,,0,
2953800,0,,0,
2954700,0,,0,
2955600,0,,0,
2956500,0,,0,
2957400,0,,0,
2958300,0,,0,
2959200,0,,0,
2960100,0,,0,
2961000,0,,0,
2961900,0,,0,
2962800,0,,0,
2963700,0,,0,
2964600,0.230916,,0.057729,
2965500,0.482824,,0.120706,
2966400,0.776717,,0.19417925,
2967300,1.091602,,0.2729005,
2968200,1.416983,,0.35424575,
2969100,1.731869,,0.43296725,
2970000,2.036258,,0.5090645,
2970900,2.33015,,0.5825375,
2971800,2.613547,,0.65338675,
2972700,2.865455,,0.71636375,
2973600,3.106867,,0.77671675,
2974500,3.316791,,0.82919775,
2975400,3.474233,,0.86855825,
2976300,3.642172,,0.910543,
2977200,3.768126,,0.9420315,
2978100,3.862592,,0.965648,
2979000,3.904576,,0.976144,
2979900,3.936065,,0.98401625,
2980800,3.936065,,0.98401625,
2981700,3.883584,,0.970896,
2982600,3.820607,,0.95515175,
2983500,3.726142,,0.9315355,
2984400,3.589691,,0.89742275,
2985300,3.432249,,0.85806225,
2986200,3.253814,,0.8134535,
2987100,3.022898,,0.7557245,
2988000,2.791982,,0.6979955,
2988900,2.540074,,0.6350185,
2989800,2.246181,,0.56154525,
2990700,1.952288,,0.488072,
2991600,1.647899,,0.41197475,
2992500,1.333014,,0.3332535,
2993400,1.028625,,0.25715625,
2994300,0.724236,,0.181059,
2995200,0.451335,,0.11283375,
2996100,0.209923,,0.05248075,
2997000,0,,0,
2997900,0,,0,
2998800,0,,0,
2999700,0,,0,
3000600,0,,0,
3001500,0,,0,
3002400,0,,0,
3003300,0,,0,
3004200,0,,0,
3005100,0,,0,
3006000,0,,0,
3006900,0,,0,
3007800,0,,0,
3008700,0,,0,
3009600,0,,0,
3010500,0,,0,
3011400,0,,0,
3012300,0,,0,
3013200,0,,0,
3014100,0,,0,
3015000,0,,0,
3015900,0,,0,
3016800,0,,0,
3017700,0,,0,
3018600,0,,0,
3019500,0,,0,
3020400,0,,0,
3021300,0,,0,
3022200,0,,0,
3023100,0,,0,
3024000,0,,0,
3024900,0,,0,
3025800,0,,0,
3026700,0,,0,
3027600,0,,0,
3028500,0,,0,
3029400,0,,0,
3030300,0,,0,
3031200,0,,0,
3032100,0,,0,
3033000,0,,0,
3033900,0,,0,
3034800,0,,0,
3035700,0,,0,
3036600,0,,0,
3037500,0,,0,
3038400,0,,0,
3039300,0,,0,
3040200,0,,0,
3041100,0,,0,
3042000,0,,0,
3042900,0,,0,
3043800,0,,0,
3044700,0,,0,
3045600,0,,0,
3046500,0,,0,
3047400,0,,0,
3048300,0,,0,
3049200,0,,0,
3050100,0,,0,
3051000,0.22042,,0.055105,
3051900,0.451335,,0.11283375,
3052800,0.724236,,0.181059,
3053700,1.018129,,0.25453225,
3054600,1.333014,,0.3332535,
3055500,1.637403,,0.40935075,
3056400,1.931296,,0.482824,
3057300,2.204196,,0.551049,
3058200,2.477097,,0.61927425,
3059100,2.739501,,0.68487525,
3060000,2.970417,,0.74260425,
3060900,3.180341,,0.79508525,
3061800,3.348279,,0.83706975,
3062700,3.516218,,0.8790545,
3063600,3.642172,,0.910543,
3064500,3.736638,,0.9341595,
3065400,3.778622,,0.9446555,
3066300,3.799615,,0.94990375,
3067200,3.799615,,0.94990375,
3068100,3.768126,,0.9420315,
3069000,3.694653,,0.92366325,
3069900,3.631676,,0.907919,
3070800,3.516218,,0.8790545,
3071700,3.358775,,0.83969375,
3072600,3.180341,,0.79508525,
3073500,3.022898,,0.7557245,
3074400,2.791982,,0.6979955,
3075300,2.529578,,0.6323945,
3076200,2.256677,,0.56416925,
3077100,2.004769,,0.50119225,
3078000,1.70038,,0.425095,
3078900,1.374999,,0.34374975,
3079800,1.060114,,0.2650285,
3080700,0.776717,,0.19417925,
3081600,0.482824,,0.120706,
3082500,0.241412,,0.060353,
3083400,0,,0,
3084300,0,,0,
3085200,0,,0,
3086100,0,,0,
3087000,0,,0,
3087900,0,,0,
3088800,0,,0,
3089700,0,,0,
3090600,0,,0,
3091500,0,,0,
3092400,0,,0,
3093300,0,,0,
3094200,0,,0,
3095100,0,,0,
3096000,0,,0,
3096900,0,,0,
3097800,0,,0,
3098700,0,,0,
3099600,0,,0,
3100500,0,,0,
3101400,0,,0,
3102300,0,,0,
3103200,0,,0,
3104100,0,,0,
3105000,0,,0,
3105900,0,,0,
3106800,0,,0,
3107700,0,,0,
3108600,0,,0,
3109500,0,,0,
3110400,0,,0,
3111300,0,,0,
3112200,0,,0,
3113100,0,,0,
3114000,0,,0,
3114900,0,,0,
3115800,0,,0,
3116700,0,,0,
3117600,0,,0,
3118500,0,,0,
3119400,0,,0,
3120300,0,,0,
3121200,0,,0,
3122100,0,,0,
3123000,0,,0,
3123900,0,,0,
3124800,0,,0,
3125700,0,,0,
3126600,0,,0,
3127500,0,,0,
3128400,0,,0,
3129300,0,,0,
3130200,0,,0,
3131100,0,,0,
3132000,0,,0,
3132900,0,,0,
3133800,0,,0,
3134700,0,,0,
3135600,0,,0,
3136500,0,,0,
3137400,0.251908,,0.062977,
3138300,0.482824,,0.120706,
3139200,0.766221,,0.19155525,
3140100,1.060114,,0.2650285,
3141000,1.364503,,0.34112575,
3141900,1.647899,,0.41197475,
3142800,1.941792,,0.485448,
3143700,2.235685,,0.55892125,
3144600,2.498089,,0.62452225,
3145500,2.729005,,0.68225125,
3146400,2.959921,,0.73998025,
3147300,3.159348,,0.789837,
3148200,3.337783,,0.83444575,
3149100,3.474233,,0.86855825,
3150000,3.600187,,0.90004675,
3150900,3.694653,,0.92366325,
3151800,3.75763,,0.9394075,
3152700,3.75763,,0.9394075,
3153600,3.75763,,0.9394075,
3154500,3.726142,,0.9315355,
3155400,3.673661,,0.91841525,
3156300,3.568699,,0.89217475,
3157200,3.453241,,0.86331025,
3158100,3.306295,,0.82657375,
3159000,3.12786,,0.781965,
3159900,2.928432,,0.732108,
3160800,2.708013,,0.67700325,
3161700,2.456105,,0.61402625,
3162600,2.1937,,0.548425,
3163500,1.910304,,0.477576,
3164400,1.616411,,0.40410275,
3165300,1.322518,,0.3306295,
3166200,1.028625,,0.25715625,
3167100,0.734732,,0.183683,
3168000,0.461832,,0.115458,
3168900,0.241412,,0.060353,
3169800,0,,0,
3170700,0,,0,
3171600,0,,0,
3172500,0,,0,
3173400,0,,0,
3174300,0,,0,
3175200,0,,0,
3176100,0,,0,
3177000,0,,0,
3177900,0,,0,
3178800,0,,0,
3179700,0,,0,
3180600,0,,0,
3181500,0,,0,
3182400,0,,0,
3183300,0,,0,
3184200,0,,0,
3185100,0,,0,
3186000,0,,0,
3186900,0,,0,
3187800,0,,0,
3188700,0,,0,
3189600,0,,0,
3190500,0,,0,
3191400,0,,0,
3192300,0,,0,
3193200,0,,0,
3194100,0,,0,
3195000,0,,0,
3195900,0,,0,
3196800,0,,0,
3197700,0,,0,
3198600,0,,0,
3199500,0,,0,
3200400,0,,0,
3201300,0,,0,
3202200,0,,0,
3203100,0,,0,
3204000,0,,0,
3204900,0,,0,
3205800,0,,0,
3206700,0,,0,
3207600,0,,0,
3208500,0,,0,
3209400,0,,0,
3210300,0,,0,
3211200,0,,0,
3212100,0,,0,
3213000,0,,0,
3213900,0,,0,
3214800,0,,0,
3215700,0,,0,
3216600,0,,0,
3217500,0,,0,
3218400,0,,0,
3219300,0,,0,
3220200,0,,0,
3221100,0,,0,
3222000,0,,0,
3222900,0,,0,
3223800,0.251908,,0.062977,
3224700,0.49332,,0.12333,
3225600,0.776717,,0.19417925,
3226500,1.081106,,0.2702765,
3227400,1.395991,,0.34899775,
3228300,1.721372,,0.430343,
3229200,2.025761,,0.50644025,
3230100,2.319654,,0.5799135,
3231000,2.603051,,0.65076275,
3231900,2.854959,,0.71373975,
3232800,3.085875,,0.77146875,
3233700,3.295798,,0.8239495,
3234600,3.48473,,0.8711825,
3235500,3.610684,,0.902671,
3236400,3.736638,,0.9341595,
3237300,3.831103,,0.95777575,
3238200,3.89408,,0.97352,
3239100,3.89408,,0.97352,
3240000,3.89408,,0.97352,
3240900,3.862592,,0.965648,
3241800,3.799615,,0.94990375,
3242700,3.715645,,0.92891125,
3243600,3.589691,,0.89742275,
3244500,3.432249,,0.85806225,
3245400,3.253814,,0.8134535,
3246300,3.075379,,0.76884475,
3247200,2.844463,,0.71111575,
3248100,2.582059,,0.64551475,
3249000,2.309158,,0.5772895,
3249900,2.036258,,0.5090645,
3250800,1.731869,,0.43296725,
3251700,1.416983,,0.35424575,
3252600,1.102098,,0.2755245,
3253500,0.797709,,0.19942725,
3254400,0.514312,,0.128578,
3255300,0.272901,,0.06822525,
3256200,0,,0,
3257100,0,,0,
3258000,0,,0,
3258900,0,,0,
3259800,0,,0,
3260700,0,,0,
3261600,0,,0,
3262500,0,,0,
3263400,0,,0,
3264300,0,,0,
3265200,0,,0,
3266100,0,,0,
3267000,0,,0,
3267900,0,,0,
3268800,0,,0,
3269700,0,,0,
3270600,0,,0,
3271500,0,,0,
3272400,0,,0,
3273300,0,,0,
3274200,0,,0,
3275100,0,,0,
3276000,0,,0,
3276900,0,,0,
3277800,0,,0,
3278700,0,,0,
3279600,0,,0,
3280500,0,,0,
3281400,0,,0,
3282300,0,,0,
3283200,0,,0,
3284100,0,,0,
3285000,0,,0,
3285900,0,,0,
3286800,0,,0,
3287700,0,,0,
3288600,0,,0,
3289500,0,,0,
3290400,0,,0,
3291300,0,,0,
3292200,0,,0,
3293100,0,,0,
3294000,0,,0,
3294900,0,,0,
3295800,0,,0,
3296700,0,,0,
3297600,0,,0,
3298500,0,,0,
3299400,0,,0,
3300300,0,,0,
3301200,0,,0,
3302100,0,,0,
3303000,0,,0,
3303900,0,,0,
3304800,0,,0,
3305700,0,,0,
3306600,0,,0,
3307500,0,,0,
3308400,0,,0,
3309300,0,,0,
3310200,0.283397,,0.07084925,
3311100,0.535305,,0.13382625,
3312000,0.818702,,0.2046755,
3312900,1.112594,,0.2781485,
3313800,1.42748,,0.35687,
3314700,1.742365,,0.43559125,
3315600,2.046754,,0.5116885,
3316500,2.33015,,0.5825375,
3317400,2.603051,,0.65076275,
3318300,2.865455,,0.71636375,
3319200,3.096371,,0.77409275,
3320100,3.295798,,0.8239495,
3321000,3.48473,,0.8711825,
3321900,3.631676,,0.907919,
3322800,3.747134,,0.9367835,
3323700,3.841599,,0.96039975,
3324600,3.904576,,0.976144,
3325500,3.904576,,0.976144,
3326400,3.904576,,0.976144,
3327300,3.89408,,0.97352,
3328200,3.831103,,0.95777575,
3329100,3.694653,,0.92366325,
3330000,3.579195,,0.89479875,
3330900,3.421753,,0.85543825,
3331800,3.253814,,0.8134535,
3332700,3.022898,,0.7557245,
3333600,2.802478,,0.7006195,
3334500,2.561066,,0.6402665,
3335400,2.27767,,0.5694175,
3336300,1.983777,,0.49594425,
3337200,1.689884,,0.422471,
3338100,1.385495,,0.34637375,
3339000,1.081106,,0.2702765,
3339900,0.797709,,0.19942725,
3340800,0.524809,,0.13120225,
3341700,0.283397,,0.07084925,
3342600,0,,0,
3343500,0,,0,
3344400,0,,0,
3345300,0,,0,
3346200,0,,0,
3347100,0,,0,
3348000,0,,0,
3348900,0,,0,
3349800,0,,0,
3350700,0,,0,
3351600,0,,0,
3352500,0,,0,
3353400,0,,0,
3354300,0,,0,
3355200,0,,0,
3356100,0,,0,
3357000,0,,0,
3357900,0,,0,
3358800,0,,0,
3359700,0,,0,
3360600,0,,0,
3361500,0,,0,
3362400,0,,0,
3363300,0,,0,
3364200,0,,0,
3365100,0,,0,
3366000,0,,0,
3366900,0,,0,
3367800,0,,0,
3368700,0,,0,
3369600,0,,0,
3370500,0,,0,
3371400,0,,0,
3372300,0,,0,
3373200,0,,0,
3374100,0,,0,
3375000,0,,0,
3375900,0,,0,
3376800,0,,0,
3377700,0,,0,
3378600,0,,0,
3379500,0,,0,
3380400,0,,0,
3381300,0,,0,
3382200,0,,0,
3383100,0,,0,
3384000,0,,0,
3384900,0,,0,
3385800,0,,0,
3386700,0,,0,
3387600,0,,0,
3388500,0,,0,
3389400,0,,0,
3390300,0,,0,
3391200,0,,0,
3392100,0,,0,
3393000,0,,0,
3393900,0,,0,
3394800,0,,0,
3395700,0.094466,,0.0236165,
3396600,0.272901,,0.06822525,
3397500,0.49332,,0.12333,
3398400,0.766221,,0.19155525,
3399300,1.060114,,0.2650285,
3400200,1.354006,,0.3385015,
3401100,1.668892,,0.417223,
3402000,1.962784,,0.490696,
3402900,2.267173,,0.56679325,
3403800,2.529578,,0.6323945,
3404700,2.865455,,0.71636375,
3405600,3.096371,,0.77409275,
3406500,3.306295,,0.82657375,
3407400,3.48473,,0.8711825,
3408300,3.694653,,0.92366325,
3409200,3.820607,,0.95515175,
3410100,3.915073,,0.97876825,
3411000,3.97805,,0.9945125,
3411900,4.030531,,1.00763275,
3412800,4.030531,,1.00763275,
3413700,3.999042,,0.9997605,
3414600,3.936065,,0.98401625,
3415500,3.831103,,0.95777575,
3416400,3.705149,,0.92628725,
3417300,3.558203,,0.88955075,
3418200,3.369272,,0.842318,
3419100,3.159348,,0.789837,
3420000,2.928432,,0.732108,
3420900,2.666028,,0.666507,
3421800,2.393128,,0.598282,
3422700,2.109731,,0.52743275,
3423600,1.805342,,0.4513355,
3424500,1.490457,,0.37261425,
3425400,1.165075,,0.29126875,
3426300,0.871182,,0.2177955,
3427200,0.57729,,0.1443225,
3428100,0.325381,,0.08134525,
3429000,0.13645,,0.0341125,
3429900,0,,0,
3430800,0,,0,
3431700,0,,0,
3432600,0,,0,
3433500,0,,0,
3434400,0,,0,
3435300,0,,0,
3436200,0,,0,
3437100,0,,0,
3438000,0,,0,
3438900,0,,0,
3439800,0,,0,
3440700,0,,0,
3441600,0,,0,
3442500,0,,0,
3443400,0,,0,
3444300,0,,0,
3445200,0,,0,
3446100,0,,0,
3447000,0,,0,
3447900,0,,0,
3448800,0,,0,
3449700,0,,0,
3450600,0,,0,
3451500,0,,0,
3452400,0,,0,
3453300,0,,0,
3454200,0,,0,
3455100,0,,0,
3456000,0,,0,
3456900,0,,0,
3457800,0,,0,
3458700,0,,0,
3459600,0,,0,
3460500,0,,0,
3461400,0,,0,
3462300,0,,0,
3463200,0,,0,
3464100,0,,0,
3465000,0,,0,
3465900,0,,0,
3466800,0,,0,
3467700,0,,0,
3468600,0,,0,
3469500,0,,0,
3470400,0,,0,
3471300,0,,0,
3472200,0,,0,
3473100,0,,0,
3474000,0,,0,
3474900,0,,0,
3475800,0,,0,
3476700,0,,0,
3477600,0,,0,
3478500,0,,0,
3479400,0,,0,
3480300,0,,0,
3481200,0,,0,
3482100,0.13645,,0.0341125,
3483000,0.325381,,0.08134525,
3483900,0.57729,,0.1443225,
3484800,0.860686,,0.2151715,
3485700,1.165075,,0.29126875,
3486600,1.469464,,0.367366,
3487500,1.784349,,0.44608725,
3488400,2.078242,,0.5195605,
3489300,2.361639,,0.59040975,
3490200,2.63454,,0.658635,
3491100,2.928432,,0.732108,
3492000,3.159348,,0.789837,
3492900,3.358775,,0.83969375,
3493800,3.547707,,0.88692675,
3494700,3.768126,,0.9420315,
3495600,3.89408,,0.97352,
3496500,3.999042,,0.9997605,
3497400,4.062019,,1.01550475,
3498300,4.104004,,1.026001,
3499200,4.104004,,1.026001,
3500100,4.072515,,1.01812875,
3501000,4.009538,,1.0023845,
3501900,3.89408,,0.97352,
3502800,3.768126,,0.9420315,
3503700,3.62118,,0.905295,
3504600,3.442745,,0.86068625,
3505500,3.222325,,0.80558125,
3506400,2.991409,,0.74785225,
3507300,2.739501,,0.68487525,
3508200,2.466601,,0.61665025,
3509100,2.172708,,0.543177,
3510000,1.857823,,0.46445575,
3510900,1.542937,,0.38573425,
3511800,1.228052,,0.307013,
3512700,0.892175,,0.22304375,
3513600,0.598282,,0.1495705,
3514500,0.335878,,0.0839695,
3515400,0.146946,,0.0367365,
3516300,0,,0,
3517200,0,,0,
3518100,0,,0,
3519000,0,,0,
3519900,0,,0,
3520800,0,,0,
3521700,0,,0,
3522600,0,,0,
3523500,0,,0,
3524400,0,,0,
3525300,0,,0,
3526200,0,,0,
3527100,0,,0,
3528000,0,,0,
3528900,0,,0,
3529800,0,,0,
3530700,0,,0,
3531600,0,,0,
3532500,0,,0,
3533400,0,,0,
3534300,0,,0,
3535200,0,,0,
3536100,0,,0,
3537000,0,,0,
3537900,0,,0,
3538800,0,,0,
3539700,0,,0,
3540600,0,,0,
3541500,0,,0,
3542400,0,,0,
3543300,0,,0,
3544200,0,,0,
3545100,0,,0,
3546000,0,,0,
3546900,0,,0,
3547800,0,,0,
3548700,0,,0,
3549600,0,,0,
3550500,0,,0,
3551400,0,,0,
3552300,0,,0,
3553200,0,,0,
3554100,0,,0,
3555000,0,,0,
3555900,0,,0,
3556800,0,,0,
3557700,0,,0,
3558600,0,,0,
3559500,0,,0,
3560400,0,,0,
3561300,0,,0,
3562200,0,,0,
3563100,0,,0,
3564000,0,,0,
3564900,0,,0,
3565800,0,,0,
3566700,0,,0,
3567600,0,,0,
3568500,0.178435,,0.04460875,
3569400,0.388358,,0.0970895,
3570300,0.661259,,0.16531475,
3571200,0.965648,,0.241412,
3572100,1.291029,,0.32275725,
3573000,1.616411,,0.40410275,
3573900,1.952288,,0.488072,
3574800,2.256677,,0.56416925,
3575700,2.55057,,0.6376425,
3576600,2.833967,,0.70849175,
3577500,3.096371,,0.77409275,
3578400,3.327287,,0.83182175,
3579300,3.547707,,0.88692675,
3580200,3.726142,,0.9315355,
3581100,3.873088,,0.968272,
3582000,3.999042,,0.9997605,
3582900,4.104004,,1.026001,
3583800,4.166981,,1.04174525,
3584700,4.198469,,1.04961725,
3585600,4.198469,,1.04961725,
3586500,4.187973,,1.04699325,
3587400,4.124996,,1.031249,
3588300,4.072515,,1.01812875,
3589200,3.946561,,0.98664025,
3590100,3.789119,,0.94727975,
3591000,3.62118,,0.905295,
3591900,3.421753,,0.85543825,
3592800,3.201333,,0.80033325,
3593700,2.938929,,0.73473225,
3594600,2.655532,,0.663883,
3595500,2.372135,,0.59303375,
3596400,2.046754,,0.5116885,
3597300,1.710876,,0.427719,
3598200,1.374999,,0.34374975,
3599100,1.039121,,0.25978025,
3600000,0.71374,,0.178435,
3600900,0.419847,,0.10496175,
3601800,0.188931,,0.04723275,
3602700,0,,0,
3603600,0,,0,
3604500,0,,0,
3605400,0,,0,
3606300,0,,0,
3607200,0,,0,
3608100,0,,0,
3609000,0,,0,
3609900,0,,0,
3610800,0,,0,
3611700,0,,0,
3612600,0,,0,
3613500,0,,0,
3614400,0,,0,
3615300,0,,0,
3616200,0,,0,
3617100,0,,0,
3618000,0,,0,
3618900,0,,0,
3619800,0,,0,
3620700,0,,0,
3621600,0,,0,
3622500,0,,0,
3623400,0,,0,
3624300,0,,0,
3625200,0,,0,
3626100,0,,0,
3627000,0,,0,
3627900,0,,0,
3628800,0,,0,
3629700,0,,0,
3630600,0,,0,
3631500,0,,0,
3632400,0,,0,
3633300,0,,0,
3634200,0,,0,
3635100,0,,0,
3636000,0,,0,
3636900,0,,0,
3637800,0,,0,
3638700,0,,0,
3639600,0,,0,
3640500,0,,0,
3641400,0,,0,
3642300,0,,0,
3643200,0,,0,
3644100,0,,0,
3645000,0,,0,
3645900,0,,0,
3646800,0,,0,
3647700,0,,0,
3648600,0,,0,
3649500,0,,0,
3650400,0,,0,
3651300,0,,0,
3652200,0,,0,
3653100,0,,0,
3654000,0,,0,
3654900,0.178435,,0.04460875,
3655800,0.398855,,0.09971375,
3656700,0.671755,,0.16793875,
3657600,0.976144,,0.244036,
3658500,1.291029,,0.32275725,
3659400,1.616411,,0.40410275,
3660300,1.931296,,0.482824,
3661200,2.246181,,0.56154525,
3662100,2.540074,,0.6350185,
3663000,2.802478,,0.7006195,
3663900,3.085875,,0.77146875,
3664800,3.316791,,0.82919775,
3665700,3.526714,,0.8816785,
3666600,3.705149,,0.92628725,
3667500,3.904576,,0.976144,
3668400,4.030531,,1.00763275,
3669300,4.1145,,1.028625,
3670200,4.177477,,1.04436925,
3671100,4.25095,,1.0627375,
3672000,4.25095,,1.0627375,
3672900,4.219462,,1.0548655,
3673800,4.156485,,1.03912125,
3674700,4.093508,,1.023377,
3675600,3.957057,,0.98926425,
3676500,3.799615,,0.94990375,
3677400,3.62118,,0.905295,
3678300,3.421753,,0.85543825,
3679200,3.190837,,0.79770925,
3680100,2.928432,,0.732108,
3681000,2.645036,,0.661259,
3681900,2.351143,,0.58778575,
3682800,2.036258,,0.5090645,
3683700,1.710876,,0.427719,
3684600,1.385495,,0.34637375,
3685500,1.049617,,0.26240425,
3686400,0.734732,,0.183683,
3687300,0.440839,,0.11020975,
3688200,0.209923,,0.05248075,
3689100,0,,0,
3690000,0,,0,
3690900,0,,0,
3691800,0,,0,
3692700,0,,0,
3693600,0,,0,
3694500,0,,0,
3695400,0,,0,
3696300,0,,0,
3697200,0,,0,
3698100,0,,0,
3699000,0,,0,
3699900,0,,0,
3700800,0,,0,
3701700,0,,0,
3702600,0,,0,
3703500,0,,0,
3704400,0,,0,
3705300,0,,0,
3706200,0,,0,
3707100,0,,0,
3708000,0,,0,
3708900,0,,0,
3709800,0,,0,
3710700,0,,0,
3711600,0,,0,
3712500,0,,0,
3713400,0,,0,
3714300,0,,0,
3715200,0,,0,
3716100,0,,0,
3717000,0,,0,
3717900,0,,0,
3718800,0,,0,
3719700,0,,0,
3720600,0,,0,
3721500,0,,0,
3722400,0,,0,
3723300,0,,0,
3724200,0,,0,
3725100,0,,0,
3726000,0,,0,
3726900,0,,0,
3727800,0,,0,
3728700,0,,0,
3729600,0,,0,
3730500,0,,0,
3731400,0,,0,
3732300,0,,0,
3733200,0,,0,
3734100,0,,0,
3735000,0,,0,
3735900,0,,0,
3736800,0,,0,
3737700,0,,0,
3738600,0,,0,
3739500,0,,0,
3740400,0,,0,
3741300,0.188931,,0.04723275,
3742200,0.409351,,0.10233775,
3743100,0.692747,,0.17318675,
3744000,0.997136,,0.249284,
3744900,1.322518,,0.3306295,
3745800,1.647899,,0.41197475,
3746700,1.973281,,0.49332025,
3747600,2.288166,,0.5720415,
3748500,2.592555,,0.64813875,
3749400,2.865455,,0.71636375,
3750300,3.12786,,0.781965,
3751200,3.390264,,0.847566,
3752100,3.600187,,0.90004675,
3753000,3.778622,,0.9446555,
3753900,3.946561,,0.98664025,
3754800,4.072515,,1.01812875,
3755700,4.166981,,1.04174525,
3756600,4.229958,,1.0574895,
3757500,4.313927,,1.07848175,
3758400,4.33492,,1.08373,
3759300,4.303431,,1.07585775,
3760200,4.240454,,1.0601135,
3761100,4.145988,,1.036497,
3762000,4.020034,,1.0050085,
3762900,3.862592,,0.965648,
3763800,3.652668,,0.913167,
3764700,3.453241,,0.86331025,
3765600,3.211829,,0.80295725,
3766500,2.949425,,0.73735625,
3767400,2.655532,,0.663883,
3768300,2.361639,,0.59040975,
3769200,2.046754,,0.5116885,
3770100,1.721372,,0.430343,
3771000,1.385495,,0.34637375,
3771900,1.060114,,0.2650285,
3772800,0.745228,,0.186307,
3773700,0.451335,,0.11283375,
3774600,0.22042,,0.055105,
3775500,0,,0,
3776400,0,,0,
3777300,0,,0,
3778200,0,,0,
3779100,0,,0,
3780000,0,,0,
3780900,0,,0,
3781800,0,,0,
3782700,0,,0,
3783600,0,,0,
3784500,0,,0,
3785400,0,,0,
3786300,0,,0,
3787200,0,,0,
3788100,0,,0,
3789000,0,,0,
3789900,0,,0,
3790800,0,,0,
3791700,0,,0,
3792600,0,,0,
3793500,0,,0,
3794400,0,,0,
3795300,0,,0,
3796200,0,,0,
3797100,0,,0,
3798000,0,,0,
3798900,0,,0,
3799800,0,,0,
3800700,0,,0,
3801600,0,,0,
3802500,0,,0,
3803400,0,,0,
3804300,0,,0,
3805200,0,,0,
3806100,0,,0,
3807000,0,,0,
3807900,0,,0,
3808800,0,,0,
3809700,0,,0,
3810600,0,,0,
3811500,0,,0,
3812400,0,,0,
3813300,0,,0,
3814200,0,,0,
3815100,0,,0,
3816000,0,,0,
3816900,0,,0,
3817800,0,,0,
3818700,0,,0,
3819600,0,,0,
3820500,0,,0,
3821400,0,,0,
3822300,0,,0,
3823200,0,,0,
3824100,0,,0,
3825000,0,,0,
3825900,0,,0,
3826800,0,,0,
3827700,0.262404,,0.065601,
3828600,0.535305,,0.13382625,
3829500,0.85019,,0.2125475,
3830400,1.186068,,0.296517,
3831300,1.532441,,0.38311025,
3832200,1.878815,,0.46970375,
3833100,2.225189,,0.55629725,
3834000,2.55057,,0.6376425,
3834900,2.865455,,0.71636375,
3835800,3.148852,,0.787213,
3836700,3.421753,,0.85543825,
3837600,3.663164,,0.915791,
3838500,3.883584,,0.970896,
3839400,4.072515,,1.01812875,
3840300,4.261446,,1.0653615,
3841200,4.3874,,1.09685,
3842100,4.481866,,1.1204665,
3843000,4.544843,,1.13621075,
3843900,4.576332,,1.144083,
3844800,4.576332,,1.144083,
3845700,4.544843,,1.13621075,
3846600,4.481866,,1.1204665,
3847500,4.3874,,1.09685,
3848400,4.25095,,1.0627375,
3849300,4.093508,,1.023377,
3850200,3.904576,,0.976144,
3851100,3.694653,,0.92366325,
3852000,3.442745,,0.86068625,
3852900,3.180341,,0.79508525,
3853800,2.886448,,0.721612,
3854700,2.571562,,0.6428905,
3855600,2.246181,,0.56154525,
3856500,1.910304,,0.477576,
3857400,1.553434,,0.3883585,
3858300,1.20706,,0.301765,
3859200,0.871182,,0.2177955,
3860100,0.545801,,0.13645025,
3861000,0.272901,,0.06822525,
3861900,0,,0,
3862800,0,,0,
3863700,0,,0,
3864600,0,,0,
3865500,0,,0,
3866400,0,,0,
3867300,0,,0,
3868200,0,,0,
3869100,0,,0,
3870000,0,,0,
3870900,0,,0,
3871800,0,,0,
3872700,0,,0,
3873600,0,,0,
3874500,0,,0,
3875400,0,,0,
3876300,0,,0,
3877200,0,,0,
3878100,0,,0,
3879000,0,,0,
3879900,0,,0,
3880800,0,,0,
3881700,0,,0,
3882600,0,,0,
3883500,0,,0,
3884400,0,,0,
3885300,0,,0,
3886200,0,,0,
3887100,0,,0,
3888000,0,,0,
3888900,0,,0,
3889800,0,,0,
3890700,0,,0,
3891600,0,,0,
3892500,0,,0,
3893400,0,,0,
3894300,0,,0,
3895200,0,,0,
3896100,0,,0,
3897000,0,,0,
3897900,0,,0,
3898800,0,,0,
3899700,0,,0,
3900600,0,,0,
3901500,0,,0,
3902400,0,,0,
3903300,0,,0,
3904200,0,,0,
3905100,0,,0,
3906000,0,,0,
3906900,0,,0,
3907800,0,,0,
3908700,0,,0,
3909600,0,,0,
3910500,0,,0,
3911400,0,,0,
3912300,0,,0,
3913200,0,,0,
3914100,0.293893,,0.07347325,
3915000,0.566793,,0.14169825,
3915900,0.892175,,0.22304375,
3916800,1.238548,,0.309637,
3917700,1.584922,,0.3962305,
3918600,1.931296,,0.482824,
3919500,2.288166,,0.5720415,
3920400,2.624043,,0.65601075,
3921300,2.938929,,0.73473225,
3922200,3.232821,,0.80820525,
3923100,3.495226,,0.8738065,
3924000,3.747134,,0.9367835,
3924900,3.967554,,0.9918885,
3925800,4.156485,,1.03912125,
3926700,4.313927,,1.07848175,
3927600,4.439881,,1.10997025,
3928500,4.534347,,1.13358675,
3929400,4.60782,,1.151955,
3930300,4.660301,,1.16507525,
3931200,4.660301,,1.16507525,
3932100,4.628812,,1.157203,
3933000,4.565835,,1.14145875,
3933900,4.460874,,1.1152185,
3934800,4.324423,,1.08110575,
3935700,4.166981,,1.04174525,
3936600,3.97805,,0.9945125,
3937500,3.75763,,0.9394075,
3938400,3.505722,,0.8764305,
3939300,3.232821,,0.80820525,
3940200,2.949425,,0.73735625,
3941100,2.624043,,0.65601075,
3942000,2.288166,,0.5720415,
3942900,1.952288,,0.488072,
3943800,1.595418,,0.3988545,
3944700,1.238548,,0.309637,
3945600,0.892175,,0.22304375,
3946500,0.566793,,0.14169825,
3947400,0.293893,,0.07347325,
3948300,0,,0,
3949200,0,,0,
3950100,0,,0,
3951000,0,,0,
3951900,0,,0,
3952800,0,,0,
3953700,0,,0,
3954600,0,,0,
3955500,0,,0,
3956400,0,,0,
3957300,0,,0,
3958200,0,,0,
3959100,0,,0,
3960000,0,,0,
3960900,0,,0,
3961800,0,,0,
3962700,0,,0,
3963600,0,,0,
3964500,0,,0,
3965400,0,,0,
3966300,0,,0,
3967200,0,,0,
3968100,0,,0,
3969000,0,,0,
3969900,0,,0,
3970800,0,,0,
3971700,0,,0,
3972600,0,,0,
3973500,0,,0,
3974400,0,,0,
3975300,0,,0,
3976200,0,,0,
3977100,0,,0,
3978000,0,,0,
3978900,0,,0,
3979800,0,,0,
3980700,0,,0,
3981600,0,,0,
3982500,0,,0,
3983400,0,,0,
3984300,0,,0,
3985200,0,,0,
3986100,0,,0,
3987000,0,,0,
3987900,0,,0,
3988800,0,,0,
3989700,0,,0,
3990600,0,,0,
3991500,0,,0,
3992400,0,,0,
3993300,0,,0,
3994200,0,,0,
3995100,0,,0,
3996000,0,,0,
3996900,0,,0,
3997800,0,,0,
3998700,0,,0,
3999600,0,,0,
4000500,0.335878,,0.0839695,
4001400,0.608778,,0.1521945,
4002300,0.944656,,0.236164,
4003200,1.291029,,0.32275725,
4004100,1.647899,,0.41197475,
4005000,2.004769,,0.50119225,
4005900,2.351143,,0.58778575,
4006800,2.676524,,0.669131,
4007700,2.991409,,0.74785225,
4008600,3.285302,,0.8213255,
4009500,3.558203,,0.88955075,
4010400,3.799615,,0.94990375,
4011300,4.020034,,1.0050085,
4012200,4.219462,,1.0548655,
4013100,4.366408,,1.091602,
4014000,4.502858,,1.1257145,
4014900,4.60782,,1.151955,
4015800,4.670797,,1.16769925,
4016700,4.628812,,1.157203,
4017600,4.628812,,1.157203,
4018500,4.597324,,1.149331,
4019400,4.534347,,1.13358675,
4020300,4.439881,,1.10997025,
4021200,4.303431,,1.07585775,
4022100,4.145988,,1.036497,
4023000,3.957057,,0.98926425,
4023900,3.736638,,0.9341595,
4024800,3.474233,,0.86855825,
4025700,3.201333,,0.80033325,
4026600,2.917936,,0.729484,
4027500,2.592555,,0.64813875,
4028400,2.267173,,0.56679325,
4029300,1.931296,,0.482824,
4030200,1.584922,,0.3962305,
4031100,1.228052,,0.307013,
4032000,0.892175,,0.22304375,
4032900,0.57729,,0.1443225,
4033800,0.304389,,0.07609725,
4034700,0,,0,
4035600,0,,0,
4036500,0,,0,
4037400,0,,0,
4038300,0,,0,
4039200,0,,0,
4040100,0,,0,
4041000,0,,0,
4041900,0,,0,
4042800,0,,0,
4043700,0,,0,
4044600,0,,0,
4045500,0,,0,
4046400,0,,0,
4047300,0,,0,
4048200,0,,0,
4049100,0,,0,
4050000,0,,0,
4050900,0,,0,
4051800,0,,0,
4052700,0,,0,
4053600,0,,0,
4054500,0,,0,
4055400,0,,0,
4056300,0,,0,
4057200,0,,0,
4058100,0,,0,
4059000,0,,0,
4059900,0,,0,
4060800,0,,0,
4061700,0,,0,
4062600,0,,0,
4063500,0,,0,
4064400,0,,0,
4065300,0,,0,
4066200,0,,0,
4067100,0,,0,
4068000,0,,0,
4068900,0,,0,
4069800,0,,0,
4070700,0,,0,
4071600,0,,0,
4072500,0,,0,
4073400,0,,0,
4074300,0,,0,
4075200,0,,0,
4076100,0,,0,
4077000,0,,0,
4077900,0,,0,
4078800,0,,0,
4079700,0,,0,
4080600,0,,0,
4081500,0,,0,
4082400,0,,0,
4083300,0,,0,
4084200,0,,0,
4085100,0,,0,
4086000,0.146946,,0.0367365,
4086900,0.377862,,0.0944655,
4087800,0.682251,,0.17056275,
4088700,1.018129,,0.25453225,
4089600,1.374999,,0.34374975,
4090500,1.731869,,0.43296725,
4091400,2.099235,,0.52480875,
4092300,2.445608,,0.611402,
4093200,2.77099,,0.6927475,
4094100,3.096371,,0.77409275,
4095000,3.390264,,0.847566,
4095900,3.663164,,0.915791,
4096800,3.904576,,0.976144,
4097700,4.124996,,1.031249,
4098600,4.292935,,1.07323375,
4099500,4.450377,,1.11259425,
4100400,4.576332,,1.144083,
4101300,4.681293,,1.17032325,
4102200,4.74427,,1.1860675,
4103100,4.775759,,1.19393975,
4104000,4.775759,,1.19393975,
4104900,4.74427,,1.1860675,
4105800,4.681293,,1.17032325,
4106700,4.576332,,1.144083,
4107600,4.450377,,1.11259425,
4108500,4.292935,,1.07323375,
4109400,4.093508,,1.023377,
4110300,3.873088,,0.968272,
4111200,3.62118,,0.905295,
4112100,3.348279,,0.83706975,
4113000,3.054386,,0.7635965,
4113900,2.718509,,0.67962725,
4114800,2.393128,,0.598282,
4115700,2.036258,,0.5090645,
4116600,1.679388,,0.419847,
4117500,1.322518,,0.3306295,
4118400,0.976144,,0.244036,
4119300,0.650763,,0.16269075,
4120200,0.35687,,0.0892175,
4121100,0.13645,,0.0341125,
4122000,0,,0,
4122900,0,,0,
4123800,0,,0,
4124700,0,,0,
4125600,0,,0,
4126500,0,,0,
4127400,0,,0,
4128300,0,,0,
4129200,0,,0,
4130100,0,,0,
4131000,0,,0,
4131900,0,,0,
4132800,0,,0,
4133700,0,,0,
4134600,0,,0,
4135500,0,,0,
4136400,0,,0,
4137300,0,,0,
4138200,0,,0,
4139100,0,,0,
4140000,0,,0,
4140900,0,,0,
4141800,0,,0,
4142700,0,,0,
4143600,0,,0,
4144500,0,,0,
4145400,0,,0,
4146300,0,,0,
4147200,0,,0,
4148100,0,,0,
4149000,0,,0,
4149900,0,,0,
4150800,0,,0,
4151700,0,,0,
4152600,0,,0,
4153500,0,,0,
4154400,0,,0,
4155300,0,,0,
4156200,0,,0,
4157100,0,,0,
4158000,0,,0,
4158900,0,,0,
4159800,0,,0,
4160700,0,,0,
4161600,0,,0,
4162500,0,,0,
4163400,0,,0,
4164300,0,,0,
4165200,0,,0,
4166100,0,,0,
4167000,0,,0,
4167900,0,,0,
4168800,0,,0,
4169700,0,,0,
4170600,0,,0,
4171500,0,,0,
4172400,0.146946,,0.0367365,
4173300,0.35687,,0.0892175,
4174200,0.640267,,0.16006675,
4175100,0.965648,,0.241412,
4176000,1.301525,,0.32538125,
4176900,1.658395,,0.41459875,
4177800,2.004769,,0.50119225,
4178700,2.340647,,0.58516175,
4179600,2.676524,,0.669131,
4180500,2.980913,,0.74522825,
4181400,3.274806,,0.8187015,
4182300,3.547707,,0.88692675,
4183200,3.789119,,0.94727975,
4184100,4.009538,,1.0023845,
4185000,4.198469,,1.04961725,
4185900,4.366408,,1.091602,
4186800,4.492362,,1.1230905,
4187700,4.586828,,1.146707,
4188600,4.649805,,1.16245125,
4189500,4.702286,,1.1755715,
4190400,4.702286,,1.1755715,
4191300,4.670797,,1.16769925,
4192200,4.60782,,1.151955,
4193100,4.513355,,1.12833875,
4194000,4.3874,,1.09685,
4194900,4.219462,,1.0548655,
4195800,4.030531,,1.00763275,
4196700,3.789119,,0.94727975,
4197600,3.547707,,0.88692675,
4198500,3.274806,,0.8187015,
4199400,2.991409,,0.74785225,
4200300,2.676524,,0.669131,
4201200,2.351143,,0.58778575,
4202100,2.015265,,0.50381625,
4203000,1.668892,,0.417223,
4203900,1.312022,,0.3280055,
4204800,0.965648,,0.241412,
4205700,0.640267,,0.16006675,
4206600,0.35687,,0.0892175,
4207500,0.146946,,0.0367365,
4208400,0,,0,
4209300,0,,0,
4210200,0,,0,
4211100,0,,0,
4212000,0,,0,
4212900,0,,0,
4213800,0,,0,
4214700,0,,0,
4215600,0,,0,
4216500,0,,0,
4217400,0,,0,
4218300,0,,0,
4219200,0,,0,
4220100,0,,0,
4221000,0,,0,
4221900,0,,0,
4222800,0,,0,
4223700,0,,0,
4224600,0,,0,
4225500,0,,0,
4226400,0,,0,
4227300,0,,0,
4228200,0,,0,
4229100,0,,0,
4230000,0,,0,
4230900,0,,0,
4231800,0,,0,
4232700,0,,0,
4233600,0,,0,
4234500,0,,0,
4235400,0,,0,
4236300,0,,0,
4237200,0,,0,
4238100,0,,0,
4239000,0,,0,
4239900,0,,0,
4240800,0,,0,
4241700,0,,0,
4242600,0,,0,
4243500,0,,0,
4244400,0,,0,
4245300,0,,0,
4246200,0,,0,
4247100,0,,0,
4248000,0,,0,
4248900,0,,0,
4249800,0,,0,
4250700,0,,0,
4251600,0,,0,
4252500,0,,0,
4253400,0,,0,
4254300,0,,0,
4255200,0,,0,
4256100,0,,0,
4257000,0,,0,
4257900,0,,0,
4258800,0.188931,,0.04723275,
4259700,0.430343,,0.10758575,
4260600,0.734732,,0.183683,
4261500,1.07061,,0.2676525,
4262400,1.42748,,0.35687,
4263300,1.784349,,0.44608725,
4264200,2.141219,,0.53530475,
4265100,2.508585,,0.62714625,
4266000,2.833967,,0.70849175,
4266900,3.138356,,0.784589,
4267800,3.421753,,0.85543825,
4268700,3.715645,,0.92891125,
4269600,3.967554,,0.9918885,
4270500,4.187973,,1.04699325,
4271400,4.376904,,1.094226,
4272300,4.544843,,1.13621075,
4273200,4.681293,,1.17032325,
4274100,4.775759,,1.19393975,
4275000,4.817744,,1.204436,
4275900,4.859728,,1.214932,
4276800,4.859728,,1.214932,
4277700,4.817744,,1.204436,
4278600,4.754767,,1.18869175,
4279500,4.649805,,1.16245125,
4280400,4.523851,,1.13096275,
4281300,4.355912,,1.088978,
4282200,4.166981,,1.04174525,
4283100,3.936065,,0.98401625,
4284000,3.715645,,0.92891125,
4284900,3.442745,,0.86068625,
4285800,3.148852,,0.787213,
4286700,2.812974,,0.7032435,
4287600,2.487593,,0.62189825,
4288500,2.141219,,0.53530475,
4289400,1.784349,,0.44608725,
4290300,1.416983,,0.35424575,
4291200,1.07061,,0.2676525,
4292100,0.734732,,0.183683,
4293000,0.430343,,0.10758575,
4293900,0.188931,,0.04723275,
4294800,0,,0,
4295700,0,,0,
4296600,0,,0,
4297500,0,,0,
4298400,0,,0,
4299300,0,,0,
4300200,0,,0,
4301100,0,,0,
4302000,0,,0,
4302900,0,,0,
4303800,0,,0,
4304700,0,,0,
4305600,0,,0,
4306500,0,,0,
4307400,0,,0,
4308300,0,,0,
4309200,0,,0,
4310100,0,,0,
4311000,0,,0,
4311900,0,,0,
4312800,0,,0,
4313700,0,,0,
4314600,0,,0,
4315500,0,,0,
4316400,0,,0,
4317300,0,,0,
4318200,0,,0,
4319100,0,,0,
4320000,0,,0,
4320900,0,,0,
4321800,0,,0,
4322700,0,,0,
4323600,0,,0,
4324500,0,,0,
4325400,0,,0,
4326300,0,,0,
4327200,0,,0,
4328100,0,,0,
4329000,0,,0,
4329900,0,,0,
4330800,0,,0,
4331700,0,,0,
4332600,0,,0,
4333500,0,,0,
4334400,0,,0,
4335300,0,,0,
4336200,0,,0,
4337100,0,,0,
4338000,0,,0,
4338900,0,,0,
4339800,0,,0,
4340700,0,,0,
4341600,0,,0,
4342500,0,,0,
4343400,0,,0,
4344300,0,,0,
4345200,0.209923,,0.05248075,
4346100,0.461832,,0.115458,
4347000,0.766221,,0.19155525,
4347900,1.112594,,0.2781485,
4348800,1.458968,,0.364742,
4349700,1.805342,,0.4513355,
4350600,2.151716,,0.537929,
4351500,2.498089,,0.62452225,
4352400,2.823471,,0.70586775,
4353300,3.138356,,0.784589,
4354200,3.411256,,0.852814,
4355100,3.684157,,0.92103925,
4356000,3.925569,,0.98139225,
4356900,4.135492,,1.033873,
4357800,4.324423,,1.08110575,
4358700,4.492362,,1.1230905,
4359600,4.597324,,1.149331,
4360500,4.702286,,1.1755715,
4361400,4.765263,,1.19131575,
4362300,4.754767,,1.18869175,
4363200,4.754767,,1.18869175,
4364100,4.723278,,1.1808195,
4365000,4.660301,,1.16507525,
4365900,4.576332,,1.144083,
4366800,4.450377,,1.11259425,
4367700,4.292935,,1.07323375,
4368600,4.104004,,1.026001,
4369500,3.904576,,0.976144,
4370400,3.642172,,0.910543,
4371300,3.390264,,0.847566,
4372200,3.106867,,0.77671675,
4373100,2.802478,,0.7006195,
4374000,2.477097,,0.61927425,
4374900,2.141219,,0.53530475,
4375800,1.794846,,0.4487115,
4376700,1.448472,,0.362118,
4377600,1.091602,,0.2729005,
4378500,0.766221,,0.19155525,
4379400,0.461832,,0.115458,
4380300,0.209923,,0.05248075,
4381200,0,,0,
4382100,0,,0,
4383000,0,,0,
4383900,0,,0,
4384800,0,,0,
4385700,0,,0,
4386600,0,,0,
4387500,0,,0,
4388400,0,,0,
4389300,0,,0,
4390200,0,,0,
4391100,0,,0,
4392000,0,,0,
4392900,0,,0,
4393800,0,,0,
4394700,0,,0,
4395600,0,,0,
4396500,0,,0,
4397400,0,,0,
4398300,0,,0,
4399200,0,,0,
4400100,0,,0,
4401000,0,,0,
4401900,0,,0,
4402800,0,,0,
4403700,0,,0,
4404600,0,,0,
4405500,0,,0,
4406400,0,,0,
4407300,0,,0,
4408200,0,,0,
4409100,0,,0,
4410000,0,,0,
4410900,0,,0,
4411800,0,,0,
4412700,0,,0,
4413600,0,,0,
4414500,0,,0,
4415400,0,,0,
4416300,0,,0,
4417200,0,,0,
4418100,0,,0,
4419000,0,,0,
4419900,0,,0,
4420800,0,,0,
4421700,0,,0,
4422600,0,,0,
4423500,0,,0,
4424400,0,,0,
4425300,0,,0,
4426200,0,,0,
4427100,0,,0,
4428000,0,,0,
4428900,0,,0,
4429800,0,,0,
4430700,0,,0,
4431600,0.230916,,0.057729,
4432500,0.482824,,0.120706,
4433400,0.787213,,0.19680325,
4434300,1.133587,,0.28339675,
4435200,1.47996,,0.36999,
4436100,1.83683,,0.4592075,
4437000,2.183204,,0.545801,
4437900,2.529578,,0.6323945,
4438800,2.854959,,0.71373975,
4439700,3.159348,,0.789837,
4440600,3.453241,,0.86331025,
4441500,3.715645,,0.92891125,
4442400,3.957057,,0.98926425,
4443300,4.166981,,1.04174525,
4444200,4.355912,,1.088978,
4445100,4.502858,,1.1257145,
4446000,4.628812,,1.157203,
4446900,4.733774,,1.1834435,
4447800,4.775759,,1.19393975,
4448700,4.754767,,1.18869175,
4449600,4.74427,,1.1860675,
4450500,4.712782,,1.1781955,
4451400,4.649805,,1.16245125,
4452300,4.534347,,1.13358675,
4453200,4.397897,,1.09947425,
4454100,4.240454,,1.0601135,
4455000,4.051523,,1.01288075,
4455900,3.810111,,0.95252775,
4456800,3.579195,,0.89479875,
4457700,3.316791,,0.82919775,
4458600,3.033394,,0.7583485,
4459500,2.697517,,0.67437925,
4460400,2.382631,,0.59565775,
4461300,2.05725,,0.5143125,
4462200,1.721372,,0.430343,
4463100,1.354006,,0.3385015,
4464000,1.028625,,0.25715625,
4464900,0.71374,,0.178435,
4465800,0.430343,,0.10758575,
4466700,0.188931,,0.04723275,
4467600,0,,0,
4468500,0,,0,
4469400,0,,0,
4470300,0,,0,
4471200,0,,0,
4472100,0,,0,
4473000,0,,0,
4473900,0,,0,
4474800,0,,0,
4475700,0,,0,
4476600,0,,0,
4477500,0,,0,
4478400,0,,0,
4479300,0,,0,
4480200,0,,0,
4481100,0,,0,
4482000,0,,0,
4482900,0,,0,
4483800,0,,0,
4484700,0,,0,
4485600,0,,0,
4486500,0,,0,
4487400,0,,0,
4488300,0,,0,
4489200,0,,0,
4490100,0,,0,
4491000,0,,0,
4491900,0,,0,
4492800,0,,0,
4493700,0,,0,
4494600,0,,0,
4495500,0,,0,
4496400,0,,0,
4497300,0,,0,
4498200,0,,0,
4499100,0,,0,
4500000,0,,0,
4500900,0,,0,
4501800,0,,0,
4502700,0,,0,
4503600,0,,0,
4504500,0,,0,
4505400,0,,0,
4506300,0,,0,
4507200,0,,0,
4508100,0,,0,
4509000,0,,0,
4509900,0,,0,
4510800,0,,0,
4511700,0,,0,
4512600,0,,0,
4513500,0,,0,
4514400,0,,0,
4515300,0,,0,
4516200,0,,0,
4517100,0,,0,
4518000,0.262404,,0.065601,
4518900,0.524809,,0.13120225,
4519800,0.829198,,0.2072995,
4520700,1.175571,,0.29389275,
4521600,1.521945,,0.38048625,
4522500,1.868319,,0.46707975,
4523400,2.214693,,0.55367325,
4524300,2.561066,,0.6402665,
4525200,2.886448,,0.721612,
4526100,3.190837,,0.79770925,
4527000,3.463737,,0.86593425,
4527900,3.726142,,0.9315355,
4528800,3.957057,,0.98926425,
4529700,4.177477,,1.04436925,
4530600,4.355912,,1.088978,
4531500,4.534347,,1.13358675,
4532400,4.639309,,1.15982725,
4533300,4.733774,,1.1834435,
4534200,4.796751,,1.19918775,
4535100,4.82824,,1.20706,
4536000,4.82824,,1.20706,
4536900,4.796751,,1.19918775,
4537800,4.723278,,1.1808195,
4538700,4.639309,,1.15982725,
4539600,4.513355,,1.12833875,
4540500,4.355912,,1.088978,
4541400,4.156485,,1.03912125,
4542300,3.957057,,0.98926425,
4543200,3.715645,,0.92891125,
4544100,3.463737,,0.86593425,
4545000,3.169844,,0.792461,
4545900,2.865455,,0.71636375,
4546800,2.55057,,0.6376425,
4547700,2.214693,,0.55367325,
4548600,1.868319,,0.46707975,
4549500,1.511449,,0.37786225,
4550400,1.165075,,0.29126875,
4551300,0.829198,,0.2072995,
4552200,0.514312,,0.128578,
4553100,0.262404,,0.065601,
4554000,0,,0,
4554900,0,,0,
4555800,0,,0,
4556700,0,,0,
4557600,0,,0,
4558500,0,,0,
4559400,0,,0,
4560300,0,,0,
4561200,0,,0,
4562100,0,,0,
4563000,0,,0,
4563900,0,,0,
4564800,0,,0,
4565700,0,,0,
4566600,0,,0,
4567500,0,,0,
4568400,0,,0,
4569300,0,,0,
4570200,0,,0,
4571100,0,,0,
4572000,0,,0,
4572900,0,,0,
4573800,0,,0,
4574700,0,,0,
4575600,0,,0,
4576500,0,,0,
4577400,0,,0,
4578300,0,,0,
4579200,0,,0,
4580100,0,,0,
4581000,0,,0,
4581900,0,,0,
4582800,0,,0,
4583700,0,,0,
4584600,0,,0,
4585500,0,,0,
4586400,0,,0,
4587300,0,,0,
4588200,0,,0,
4589100,0,,0,
4590000,0,,0,
4590900,0,,0,
4591800,0,,0,
4592700,0,,0,
4593600,0,,0,
4594500,0,,0,
4595400,0,,0,
4596300,0,,0,
4597200,0,,0,
4598100,0,,0,
4599000,0,,0,
4599900,0,,0,
4600800,0,,0,
4601700,0,,0,
4602600,0,,0,
4603500,0,,0,
4604400,0.325381,,0.08134525,
4605300,0.608778,,0.1521945,
4606200,0.944656,,0.236164,
4607100,1.312022,,0.3280055,
4608000,1.679388,,0.419847,
4608900,2.046754,,0.5116885,
4609800,2.403624,,0.600906,
4610700,2.781486,,0.6953715,
4611600,3.117363,,0.77934075,
4612500,3.432249,,0.85806225,
4613400,3.726142,,0.9315355,
4614300,4.009538,,1.0023845,
4615200,4.25095,,1.0627375,
4616100,4.47137,,1.1178425,
4617000,4.660301,,1.16507525,
4617900,4.838736,,1.209684,
4618800,4.96469,,1.2411725,
4619700,5.059156,,1.264789,
4620600,5.132629,,1.28315725,
4621500,5.132629,,1.28315725,
4622400,5.132629,,1.28315725,
4623300,5.090644,,1.272661,
4624200,5.027667,,1.25691675,
4625100,4.933201,,1.23330025,
4626000,4.807247,,1.20181175,
4626900,4.639309,,1.15982725,
4627800,4.450377,,1.11259425,
4628700,4.229958,,1.0574895,
4629600,3.97805,,0.9945125,
4630500,3.705149,,0.92628725,
4631400,3.411256,,0.852814,
4632300,3.096371,,0.77409275,
4633200,2.760494,,0.6901235,
4634100,2.403624,,0.600906,
4635000,2.036258,,0.5090645,
4635900,1.679388,,0.419847,
4636800,1.312022,,0.3280055,
4637700,0.944656,,0.236164,
4638600,0.608778,,0.1521945,
4639500,0.314885,,0.07872125,
4640400,0,,0,
4641300,0,,0,
4642200,0,,0,
4643100,0,,0,
4644000,0,,0,
4644900,0,,0,
4645800,0,,0,
4646700,0,,0,
4647600,0,,0,
4648500,0,,0,
4649400,0,,0,
4650300,0,,0,
4651200,0,,0,
4652100,0,,0,
4653000,0,,0,
4653900,0,,0,
4654800,0,,0,
4655700,0,,0,
4656600,0,,0,
4657500,0,,0,
4658400,0,,0,
4659300,0,,0,
4660200,0,,0,
4661100,0,,0,
4662000,0,,0,
4662900,0,,0,
4663800,0,,0,
4664700,0,,0,
4665600,0,,0,
4666500,0,,0,
4667400,0,,0,
4668300,0,,0,
4669200,0,,0,
4670100,0,,0,
4671000,0,,0,
4671900,0,,0,
4672800,0,,0,
4673700,0,,0,
4674600,0,,0,
4675500,0,,0,
4676400,0,,0,
4677300,0,,0,
4678200,0,,0,
4679100,0,,0,
4680000,0,,0,
4680900,0,,0,
4681800,0,,0,
4682700,0,,0,
4683600,0,,0,
4684500,0,,0,
4685400,0,,0,
4686300,0,,0,
4687200,0,,0,
4688100,0,,0,
4689000,0,,0,
4689900,0.146946,,0.0367365,
4690800,0.377862,,0.0944655,
4691700,0.692747,,0.17318675,
4692600,1.039121,,0.25978025,
4693500,1.406487,,0.35162175,
4694400,1.773853,,0.44346325,
4695300,2.151716,,0.537929,
4696200,2.519082,,0.6297705,
4697100,2.865455,,0.71636375,
4698000,3.201333,,0.80033325,
4698900,3.526714,,0.8816785,
4699800,3.820607,,0.95515175,
4700700,4.093508,,1.023377,
4701600,4.345416,,1.086354,
4702500,4.565835,,1.14145875,
4703400,4.754767,,1.18869175,
4704300,4.912209,,1.22805225,
4705200,5.038163,,1.25954075,
4706100,5.111636,,1.277909,
4707000,5.18511,,1.2962775,
4707900,5.206102,,1.3015255,
4708800,5.206102,,1.3015255,
4709700,5.164117,,1.29102925,
4710600,5.10114,,1.275285,
4711500,4.996179,,1.24904475,
4712400,4.870224,,1.217556,
4713300,4.702286,,1.1755715,
4714200,4.513355,,1.12833875,
4715100,4.282439,,1.07060975,
4716000,4.041027,,1.01025675,
4716900,3.747134,,0.9367835,
4717800,3.453241,,0.86331025,
4718700,3.117363,,0.77934075,
4719600,2.781486,,0.6953715,
4720500,2.424616,,0.606154,
4721400,2.067746,,0.5169365,
4722300,1.689884,,0.422471,
4723200,1.322518,,0.3306295,
4724100,0.965648,,0.241412,
4725000,0.62977,,0.1574425,
4725900,0.335878,,0.0839695,
4726800,0,,0,
4727700,0,,0,
4728600,0,,0,
4729500,0,,0,
4730400,0,,0,
4731300,0,,0,
4732200,0,,0,
4733100,0,,0,
4734000,0,,0,
4734900,0,,0,
4735800,0,,0,
4736700,0,,0,
4737600,0,,0,
4738500,0,,0,
4739400,0,,0,
4740300,0,,0,
4741200,0,,0,
4742100,0,,0,
4743000,0,,0,
4743900,0,,0,
4744800,0,,0,
4745700,0,,0,
4746600,0,,0,
4747500,0,,0,
4748400,0,,0,
4749300,0,,0,
4750200,0,,0,
4751100,0,,0,
4752000,0,,0,
4752900,0,,0,
4753800,0,,0,
4754700,0,,0,
4755600,0,,0,
4756500,0,,0,
4757400,0,,0,
4758300,0,,0,
4759200,0,,0,
4760100,0,,0,
4761000,0,,0,
4761900,0,,0,
4762800,0,,0,
4763700,0,,0,
4764600,0,,0,
4765500,0,,0,
4766400,0,,0,
4767300,0,,0,
4768200,0,,0,
4769100,0,,0,
4770000,0,,0,
4770900,0,,0,
4771800,0,,0,
4772700,0,,0,
4773600,0,,0,
4774500,0,,0,
4775400,0,,0,
4776300,0.157443,,0.03936075,
4777200,0.409351,,0.10233775,
4778100,0.724236,,0.181059,
4779000,1.07061,,0.2676525,
4779900,1.437976,,0.359494,
4780800,1.815838,,0.4539595,
4781700,2.1937,,0.548425,
4782600,2.55057,,0.6376425,
4783500,2.90744,,0.72686,
4784400,3.243318,,0.8108295,
4785300,3.568699,,0.89217475,
4786200,3.862592,,0.965648,
4787100,4.135492,,1.033873,
4788000,4.376904,,1.094226,
4788900,4.597324,,1.149331,
4789800,4.817744,,1.204436,
4790700,4.975186,,1.2437965,
4791600,5.10114,,1.275285,
4792500,5.206102,,1.3015255,
4793400,5.269079,,1.31726975,
4794300,5.290071,,1.32251775,
4795200,5.290071,,1.32251775,
4796100,5.258583,,1.31464575,
4797000,5.18511,,1.2962775,
4797900,5.080148,,1.270037,
4798800,4.943698,,1.2359245,
4799700,4.775759,,1.19393975,
4800600,4.586828,,1.146707,
4801500,4.355912,,1.088978,
4802400,4.1145,,1.028625,
4803300,3.831103,,0.95777575,
4804200,3.526714,,0.8816785,
4805100,3.211829,,0.80295725,
4806000,2.865455,,0.71636375,
4806900,2.508585,,0.62714625,
4807800,2.141219,,0.53530475,
4808700,1.763357,,0.44083925,
4809600,1.385495,,0.34637375,
4810500,1.018129,,0.25453225,
4811400,0.671755,,0.16793875,
4812300,0.367366,,0.0918415,
4813200,0.13645,,0.0341125,
4814100,0,,0,
4815000,0,,0,
4815900,0,,0,
4816800,0,,0,
4817700,0,,0,
4818600,0,,0,
4819500,0,,0,
4820400,0,,0,
4821300,0,,0,
4822200,0,,0,
4823100,0,,0,
4824000,0,,0,
4824900,0,,0,
4825800,0,,0,
4826700,0,,0,
4827600,0,,0,
4828500,0,,0,
4829400,0,,0,
4830300,0,,0,
4831200,0,,0,
4832100,0,,0,
4833000,0,,0,
4833900,0,,0,
4834800,0,,0,
4835700,0,,0,
4836600,0,,0,
4837500,0,,0,
4838400,0,,0,
4839300,0,,0,
4840200,0,,0,
4841100,0,,0,
4842000,0,,0,
4842900,0,,0,
4843800,0,,0,
4844700,0,,0,
4845600,0,,0,
4846500,0,,0,
4847400,0,,0,
4848300,0,,0,
4849200,0,,0,
4850100,0,,0,
4851000,0,,0,
4851900,0,,0,
4852800,0,,0,
4853700,0,,0,
4854600,0,,0,
4855500,0,,0,
4856400,0,,0,
4857300,0,,0,
4858200,0,,0,
4859100,0,,0,
4860000,0,,0,
4860900,0,,0,
4861800,0,,0,
4862700,0.188931,,0.04723275,
4863600,0.440839,,0.11020975,
4864500,0.766221,,0.19155525,
4865400,1.123091,,0.28077275,
4866300,1.500953,,0.37523825,
4867200,1.878815,,0.46970375,
4868100,2.256677,,0.56416925,
4869000,2.624043,,0.65601075,
4869900,2.959921,,0.73998025,
4870800,3.295798,,0.8239495,
4871700,3.62118,,0.905295,
4872600,3.915073,,0.97876825,
4873500,4.198469,,1.04961725,
4874400,4.450377,,1.11259425,
4875300,4.670797,,1.16769925,
4876200,4.859728,,1.214932,
4877100,5.027667,,1.25691675,
4878000,5.153621,,1.28840525,
4878900,5.248087,,1.31202175,
4879800,5.311064,,1.327766,
4880700,5.353048,,1.338262,
4881600,5.353048,,1.338262,
4882500,5.32156,,1.33039,
4883400,5.248087,,1.31202175,
4884300,5.143125,,1.28578125,
4885200,5.006675,,1.25166875,
4886100,4.849232,,1.212308,
4887000,4.649805,,1.16245125,
4887900,4.429385,,1.10734625,
4888800,4.177477,,1.04436925,
4889700,3.89408,,0.97352,
4890600,3.589691,,0.89742275,
4891500,3.253814,,0.8134535,
4892400,2.90744,,0.72686,
4893300,2.55057,,0.6376425,
4894200,2.183204,,0.545801,
4895100,1.805342,,0.4513355,
4896000,1.42748,,0.35687,
4896900,1.060114,,0.2650285,
4897800,0.703244,,0.175811,
4898700,0.398855,,0.09971375,
4899600,0.157443,,0.03936075,
4900500,0,,0,
4901400,0,,0,
4902300,0,,0,
4903200,0,,0,
4904100,0,,0,
4905000,0,,0,
4905900,0,,0,
4906800,0,,0,
4907700,0,,0,
4908600,0,,0,
4909500,0,,0,
4910400,0,,0,
4911300,0,,0,
4912200,0,,0,
4913100,0,,0,
4914000,0,,0,
4914900,0,,0,
4915800,0,,0,
4916700,0,,0,
4917600,0,,0,
4918500,0,,0,
4919400,0,,0,
4920300,0,,0,
4921200,0,,0,
4922100,0,,0,
4923000,0,,0,
4923900,0,,0,
4924800,0,,0,
4925700,0,,0,
4926600,0,,0,
4927500,0,,0,
4928400,0,,0,
4929300,0,,0,
4930200,0,,0,
4931100,0,,0,
4932000,0,,0,
4932900,0,,0,
4933800,0,,0,
4934700,0,,0,
4935600,0,,0,
4936500,0,,0,
4937400,0,,0,
4938300,0,,0,
4939200,0,,0,
4940100,0,,0,
4941000,0,,0,
4941900,0,,0,
4942800,0,,0,
4943700,0,,0,
4944600,0,,0,
4945500,0,,0,
4946400,0,,0,
4947300,0,,0,
4948200,0,,0,
4949100,0.230916,,0.057729,
4950000,0.503816,,0.125954,
4950900,0.839694,,0.2099235,
4951800,1.20706,,0.301765,
4952700,1.584922,,0.3962305,
4953600,1.973281,,0.49332025,
4954500,2.361639,,0.59040975,
4955400,2.729005,,0.68225125,
4956300,3.085875,,0.77146875,
4957200,3.432249,,0.85806225,
4958100,3.75763,,0.9394075,
4959000,4.041027,,1.01025675,
4959900,4.303431,,1.07585775,
4960800,4.555339,,1.13883475,
4961700,4.775759,,1.19393975,
4962600,4.975186,,1.2437965,
4963500,5.122133,,1.28053325,
4964400,5.258583,,1.31464575,
4965300,5.353048,,1.338262,
4966200,5.416025,,1.35400625,
4967100,5.447514,,1.3618785,
4968000,5.447514,,1.3618785,
4968900,5.416025,,1.35400625,
4969800,5.342552,,1.335638,
4970700,5.227094,,1.3067735,
4971600,5.090644,,1.272661,
4972500,4.933201,,1.23330025,
4973400,4.754767,,1.18869175,
4974300,4.523851,,1.13096275,
4975200,4.261446,,1.0653615,
4976100,3.97805,,0.9945125,
4977000,3.673661,,0.91841525,
4977900,3.337783,,0.83444575,
4978800,2.991409,,0.74785225,
4979700,2.624043,,0.65601075,
4980600,2.256677,,0.56416925,
4981500,1.868319,,0.46707975,
4982400,1.47996,,0.36999,
4983300,1.102098,,0.2755245,
4984200,0.745228,,0.186307,
4985100,0.419847,,0.10496175,
4986000,0.167939,,0.04198475,
4986900,0,,0,
4987800,0,,0,
4988700,0,,0,
4989600,0,,0,
4990500,0,,0,
4991400,0,,0,
4992300,0,,0,
4993200,0,,0,
4994100,0,,0,
4995000,0,,0,
4995900,0,,0,
4996800,0,,0,
4997700,0,,0,
4998600,0,,0,
4999500,0,,0,
5000400,0,,0,
5001300,0,,0,
5002200,0,,0,
5003100,0,,0,
5004000,0,,0,
5004900,0,,0,
5005800,0,,0,
5006700,0,,0,
5007600,0,,0,
5008500,0,,0,
5009400,0,,0,
5010300,0,,0,
5011200,0,,0,
5012100,0,,0,
5013000,0,,0,
5013900,0,,0,
5014800,0,,0,
5015700,0,,0,
5016600,0,,0,
5017500,0,,0,
5018400,0,,0,
5019300,0,,0,
5020200,0,,0,
5021100,0,,0,
5022000,0,,0,
5022900,0,,0,
5023800,0,,0,
5024700,0,,0,
5025600,0,,0,
5026500,0,,0,
5027400,0,,0,
5028300,0,,0,
5029200,0,,0,
5030100,0,,0,
5031000,0,,0,
5031900,0,,0,
5032800,0,,0,
5033700,0,,0,
5034600,0,,0,
5035500,0.199427,,0.04985675,
5036400,0.451335,,0.11283375,
5037300,0.755724,,0.188931,
5038200,1.091602,,0.2729005,
5039100,1.437976,,0.359494,
5040000,1.794846,,0.4487115,
5040900,2.162212,,0.540553,
5041800,2.508585,,0.62714625,
5042700,2.791982,,0.6979955,
5043600,3.117363,,0.77934075,
5044500,3.411256,,0.852814,
5045400,3.705149,,0.92628725,
5046300,3.936065,,0.98401625,
5047200,4.166981,,1.04174525,
5048100,4.3874,,1.09685,
5049000,4.555339,,1.13883475,
5049900,4.681293,,1.17032325,
5050800,4.807247,,1.20181175,
5051700,4.891217,,1.22280425,
5052600,4.954194,,1.2385485,
5053500,4.96469,,1.2411725,
5054400,4.954194,,1.2385485,
5055300,4.943698,,1.2359245,
5056200,4.870224,,1.217556,
5057100,4.859728,,1.214932,
5058000,4.723278,,1.1808195,
5058900,4.576332,,1.144083,
5059800,4.3874,,1.09685,
5060700,4.271943,,1.06798575,
5061600,4.030531,,1.00763275,
5062500,3.747134,,0.9367835,
5063400,3.453241,,0.86331025,
5064300,3.148852,,0.787213,
5065200,2.812974,,0.7032435,
5066100,2.466601,,0.61665025,
5067000,2.109731,,0.52743275,
5067900,1.731869,,0.43296725,
5068800,1.364503,,0.34112575,
5069700,1.018129,,0.25453225,
5070600,0.692747,,0.17318675,
5071500,0.398855,,0.09971375,
5072400,0.167939,,0.04198475,
5073300,0,,0,
5074200,0,,0,
5075100,0,,0,
5076000,0,,0,
5076900,0,,0,
5077800,0,,0,
5078700,0,,0,
5079600,0,,0,
5080500,0,,0,
5081400,0,,0,
5082300,0,,0,
5083200,0,,0,
5084100,0,,0,
5085000,0,,0,
5085900,0,,0,
5086800,0,,0,
5087700,0,,0,
5088600,0,,0,
5089500,0,,0,
5090400,0,,0,
5091300,0,,0,
5092200,0,,0,
5093100,0,,0,
5094000,0,,0,
5094900,0,,0,
5095800,0,,0,
5096700,0,,0,
5097600,0,,0,
5098500,0,,0,
5099400,0,,0,
5100300,0,,0,
5101200,0,,0,
5102100,0,,0,
5103000,0,,0,
5103900,0,,0,
5104800,0,,0,
5105700,0,,0,
5106600,0,,0,
5107500,0,,0,
5108400,0,,0,
5109300,0,,0,
5110200,0,,0,
5111100,0,,0,
5112000,0,,0,
5112900,0,,0,
5113800,0,,0,
5114700,0,,0,
5115600,0,,0,
5116500,0,,0,
5117400,0,,0,
5118300,0,,0,
5119200,0,,0,
5120100,0,,0,
5121000,0,,0,
5121900,0.073473,,0.01836825,
5122800,0.22042,,0.055105,
5123700,0.440839,,0.11020975,
5124600,0.724236,,0.181059,
5125500,1.123091,,0.28077275,
5126400,1.458968,,0.364742,
5127300,1.794846,,0.4487115,
5128200,2.130723,,0.53268075,
5129100,2.540074,,0.6350185,
5130000,2.844463,,0.71111575,
5130900,3.138356,,0.784589,
5131800,3.421753,,0.85543825,
5132700,3.75763,,0.9394075,
5133600,3.97805,,0.9945125,
5134500,4.187973,,1.04699325,
5135400,4.366408,,1.091602,
5136300,4.60782,,1.151955,
5137200,4.723278,,1.1808195,
5138100,4.817744,,1.204436,
5139000,4.880721,,1.22018025,
5139900,5.111636,,1.277909,
5140800,5.111636,,1.277909,
5141700,5.080148,,1.270037,
5142600,5.006675,,1.25166875,
5143500,4.96469,,1.2411725,
5144400,4.849232,,1.212308,
5145300,4.691789,,1.17294725,
5146200,4.492362,,1.1230905,
5147100,4.324423,,1.08110575,
5148000,4.062019,,1.01550475,
5148900,3.789119,,0.94727975,
5149800,3.505722,,0.8764305,
5150700,3.222325,,0.80558125,
5151600,2.886448,,0.721612,
5152500,2.540074,,0.6350185,
5153400,2.172708,,0.543177,
5154300,1.83683,,0.4592075,
5155200,1.458968,,0.364742,
5156100,1.102098,,0.2755245,
5157000,0.755724,,0.188931,
5157900,0.461832,,0.115458,
5158800,0.209923,,0.05248075,
5159700,0,,0,
5160600,0,,0,
5161500,0,,0,
5162400,0,,0,
5163300,0,,0,
5164200,0,,0,
5165100,0,,0,
5166000,0,,0,
5166900,0,,0,
5167800,0,,0,
5168700,0,,0,
5169600,0,,0,
5170500,0,,0,
5171400,0,,0,
5172300,0,,0,
5173200,0,,0,
5174100,0,,0,
5175000,0,,0,
5175900,0,,0,
5176800,0,,0,
5177700,0,,0,
5178600,0,,0,
5179500,0,,0,
5180400,0,,0,
5181300,0,,0,
5182200,0,,0,
5183100,0,,0,
5184000,0,,0,
5184900,0,,0,
5185800,0,,0,
5186700,0,,0,
5187600,0,,0,
5188500,0,,0,
5189400,0,,0,
5190300,0,,0,
5191200,0,,0,
5192100,0,,0,
5193000,0,,0,
5193900,0,,0,
5194800,0,,0,
5195700,0,,0,
5196600,0,,0,
5197500,0,,0,
5198400,0,,0,
5199300,0,,0,
5200200,0,,0,
5201100,0,,0,
5202000,0,,0,
5202900,0,,0,
5203800,0,,0,
5204700,0,,0,
5205600,0,,0,
5206500,0,,0,
5207400,0,,0,
5208300,0.241412,,0.060353,
5209200,0.503816,,0.125954,
5210100,0.818702,,0.2046755,
5211000,1.154579,,0.28864475,
5211900,1.532441,,0.38311025,
5212800,1.899807,,0.47495175,
5213700,2.256677,,0.56416925,
5214600,2.613547,,0.65338675,
5215500,2.980913,,0.74522825,
5216400,3.306295,,0.82657375,
5217300,3.62118,,0.905295,
5218200,3.915073,,0.97876825,
5219100,4.240454,,1.0601135,
5220000,4.492362,,1.1230905,
5220900,4.702286,,1.1755715,
5221800,4.880721,,1.22018025,
5222700,5.10114,,1.275285,
5223600,5.227094,,1.3067735,
5224500,5.32156,,1.33039,
5225400,5.363545,,1.34088625,
5226300,5.384537,,1.34613425,
5227200,5.384537,,1.34613425,
5228100,5.32156,,1.33039,
5229000,5.258583,,1.31464575,
5229900,5.164117,,1.29102925,
5230800,5.027667,,1.25691675,
5231700,4.859728,,1.214932,
5232600,4.649805,,1.16245125,
5233500,4.429385,,1.10734625,
5234400,4.177477,,1.04436925,
5235300,3.904576,,0.976144,
5236200,3.610684,,0.902671,
5237100,3.243318,,0.8108295,
5238000,2.917936,,0.729484,
5238900,2.571562,,0.6428905,
5239800,2.214693,,0.55367325,
5240700,1.826334,,0.4565835,
5241600,1.469464,,0.367366,
5242500,1.112594,,0.2781485,
5243400,0.776717,,0.19417925,
5244300,0.472328,,0.118082,
5245200,0.22042,,0.055105,
5246100,0,,0,
5247000,0,,0,
5247900,0,,0,
5248800,0,,0,
5249700,0,,0,
5250600,0,,0,
5251500,0,,0,
5252400,0,,0,
5253300,0,,0,
5254200,0,,0,
5255100,0,,0,
5256000,0,,0,
5256900,0,,0,
5257800,0,,0,
5258700,0,,0,
5259600,0,,0,
5260500,0,,0,
5261400,0,,0,
5262300,0,,0,
5263200,0,,0,
5264100,0,,0,
5265000,0,,0,
5265900,0,,0,
5266800,0,,0,
5267700,0,,0,
5268600,0,,0,
5269500,0,,0,
5270400,0,,0,
5271300,0,,0,
5272200,0,,0,
5273100,0,,0,
5274000,0,,0,
5274900,0,,0,
5275800,0,,0,
5276700,0,,0,
5277600,0,,0,
5278500,0,,0,
5279400,0,,0,
5280300,0,,0,
5281200,0,,0,
5282100,0,,0,
5283000,0,,0,
5283900,0,,0,
5284800,0,,0,
5285700,0,,0,
5286600,0,,0,
5287500,0,,0,
5288400,0,,0,
5289300,0,,0,
5290200,0,,0,
5291100,0,,0,
5292000,0,,0,
5292900,0,,0,
5293800,0.104962,,0.0262405,
5294700,0.293893,,0.07347325,
5295600,0.556297,,0.13907425,
5296500,0.871182,,0.2177955,
5297400,1.20706,,0.301765,
5298300,1.574426,,0.3936065,
5299200,1.931296,,0.482824,
5300100,2.288166,,0.5720415,
5301000,2.63454,,0.658635,
5301900,2.949425,,0.73735625,
5302800,3.274806,,0.8187015,
5303700,3.579195,,0.89479875,
5304600,3.862592,,0.965648,
5305500,4.083011,,1.02075275,
5306400,4.313927,,1.07848175,
5307300,4.523851,,1.13096275,
5308200,4.712782,,1.1781955,
5309100,4.870224,,1.217556,
5310000,4.985682,,1.2464205,
5310900,5.080148,,1.270037,
5311800,5.153621,,1.28840525,
5312700,5.18511,,1.2962775,
5313600,5.174613,,1.29365325,
5314500,5.153621,,1.28840525,
5315400,5.090644,,1.272661,
5316300,4.985682,,1.2464205,
5317200,4.849232,,1.212308,
5318100,4.691789,,1.17294725,
5319000,4.502858,,1.1257145,
5319900,4.324423,,1.08110575,
5320800,4.083011,,1.02075275,
5321700,3.810111,,0.95252775,
5322600,3.526714,,0.8816785,
5323500,3.201333,,0.80033325,
5324400,2.875951,,0.71898775,
5325300,2.540074,,0.6350185,
5326200,2.183204,,0.545801,
5327100,1.847327,,0.46183175,
5328000,1.490457,,0.37261425,
5328900,1.133587,,0.28339675,
5329800,0.797709,,0.19942725,
5330700,0.514312,,0.128578,
5331600,0.251908,,0.062977,
5332500,0,,0,
5333400,0,,0,
5334300,0,,0,
5335200,0,,0,
5336100,0,,0,
5337000,0,,0,
5337900,0,,0,
5338800,0,,0,
5339700,0,,0,
5340600,0,,0,
5341500,0,,0,
5342400,0,,0,
5343300,0,,0,
5344200,0,,0,
5345100,0,,0,
5346000,0,,0,
5346900,0,,0,
5347800,0,,0,
5348700,0,,0,
5349600,0,,0,
5350500,0,,0,
5351400,0,,0,
5352300,0,,0,
5353200,0,,0,
5354100,0,,0,
5355000,0,,0,
5355900,0,,0,
5356800,0,,0,
5357700,0,,0,
5358600,0,,0,
5359500,0,,0,
5360400,0,,0,
5361300,0,,0,
5362200,0,,0,
5363100,0,,0,
5364000,0,,0,
5364900,0,,0,
5365800,0,,0,
5366700,0,,0,
5367600,0,,0,
5368500,0,,0,
5369400,0,,0,
5370300,0,,0,
5371200,0,,0,
5372100,0,,0,
5373000,0,,0,
5373900,0,,0,
5374800,0,,0,
5375700,0,,0,
5376600,0,,0,
5377500,0,,0,
5378400,0,,0,
5379300,0,,0,
5380200,0.13645,,0.0341125,
5381100,0.35687,,0.0892175,
5382000,0.640267,,0.16006675,
5382900,0.976144,,0.244036,
5383800,1.333014,,0.3332535,
5384700,1.616411,,0.40410275,
5385600,1.973281,,0.49332025,
5386500,2.33015,,0.5825375,
5387400,2.68702,,0.671755,
5388300,2.938929,,0.73473225,
5389200,3.26431,,0.8160775,
5390100,3.568699,,0.89217475,
5391000,3.862592,,0.965648,
5391900,4.166981,,1.04174525,
5392800,4.408393,,1.10209825,
5393700,4.628812,,1.157203,
5394600,4.838736,,1.209684,
5395500,5.206102,,1.3015255,
5396400,5.353048,,1.338262,
5397300,5.447514,,1.3618785,
5398200,5.510491,,1.37762275,
5399100,5.720414,,1.4301035,
5400000,5.709918,,1.4274795,
5400900,5.667934,,1.4169835,
5401800,5.59446,,1.398615,
5402700,5.479002,,1.3697505,
5403600,5.332056,,1.333014,
5404500,5.164117,,1.29102925,
5405400,4.985682,,1.2464205,
5406300,4.74427,,1.1860675,
5407200,4.513355,,1.12833875,
5408100,4.219462,,1.0548655,
5409000,3.936065,,0.98401625,
5409900,3.610684,,0.902671,
5410800,3.285302,,0.8213255,
5411700,2.886448,,0.721612,
5412600,2.508585,,0.62714625,
5413500,2.088738,,0.5221845,
5414400,1.70038,,0.425095,
5415300,1.312022,,0.3280055,
5416200,0.934159,,0.23353975,
5417100,0.587786,,0.1469465,
5418000,0.304389,,0.07609725,
5418900,0,,0,
5419800,0,,0,
5420700,0,,0,
5421600,0,,0,
5422500,0,,0,
5423400,0,,0,
5424300,0,,0,
5425200,0,,0,
5426100,0,,0,
5427000,0,,0,
5427900,0,,0,
5428800,0,,0,
5429700,0,,0,
5430600,0,,0,
5431500,0,,0,
5432400,0,,0,
5433300,0,,0,
5434200,0,,0,
5435100,0,,0,
5436000,0,,0,
5436900,0,,0,
5437800,0,,0,
5438700,0,,0,
5439600,0,,0,
5440500,0,,0,
5441400,0,,0,
5442300,0,,0,
5443200,0,,0,
5444100,0,,0,
5445000,0,,0,
5445900,0,,0,
5446800,0,,0,
5447700,0,,0,
5448600,0,,0,
5449500,0,,0,
5450400,0,,0,
5451300,0,,0,
5452200,0,,0,
5453100,0,,0,
5454000,0,,0,
5454900,0,,0,
5455800,0,,0,
5456700,0,,0,
5457600,0,,0,
5458500,0,,0,
5459400,0,,0,
5460300,0,,0,
5461200,0,,0,
5462100,0,,0,
5463000,0,,0,
5463900,0,,0,
5464800,0,,0,
5465700,0,,0,
5466600,0.146946,,0.0367365,
5467500,0.367366,,0.0918415,
5468400,0.650763,,0.16269075,
5469300,0.98664,,0.24666,
5470200,1.34351,,0.3358775,
5471100,1.763357,,0.44083925,
5472000,2.151716,,0.537929,
5472900,2.519082,,0.6297705,
5473800,2.886448,,0.721612,
5474700,3.348279,,0.83706975,
5475600,3.684157,,0.92103925,
5476500,3.999042,,0.9997605,
5477400,4.292935,,1.07323375,
5478300,4.639309,,1.15982725,
5479200,4.891217,,1.22280425,
5480100,5.10114,,1.275285,
5481000,5.300568,,1.325142,
5481900,5.489499,,1.37237475,
5482800,5.583964,,1.395991,
5483700,5.688926,,1.4222315,
5484600,5.751903,,1.43797575,
5485500,5.783392,,1.445848,
5486400,5.772895,,1.44322375,
5487300,5.730911,,1.43272775,
5488200,5.657437,,1.41435925,
5489100,5.552476,,1.388119,
5490000,5.416025,,1.35400625,
5490900,5.248087,,1.31202175,
5491800,5.048659,,1.26216475,
5492700,4.807247,,1.20181175,
5493600,4.555339,,1.13883475,
5494500,4.271943,,1.06798575,
5495400,3.957057,,0.98926425,
5496300,3.62118,,0.905295,
5497200,3.274806,,0.8187015,
5498100,2.90744,,0.72686,
5499000,2.540074,,0.6350185,
5499900,2.141219,,0.53530475,
5500800,1.752861,,0.43821525,
5501700,1.364503,,0.34112575,
5502600,0.997136,,0.249284,
5503500,0.640267,,0.16006675,
5504400,0.335878,,0.0839695,
5505300,0.125954,,0.0314885,
5506200,0,,0,
5507100,0,,0,
5508000,0,,0,
5508900,0,,0,
5509800,0,,0,
5510700,0,,0,
5511600,0,,0,
5512500,0,,0,
5513400,0,,0,
5514300,0,,0,
5515200,0,,0,
5516100,0,,0,
5517000,0,,0,
5517900,0,,0,
5518800,0,,0,
5519700,0,,0,
5520600,0,,0,
5521500,0,,0,
5522400,0,,0,
5523300,0,,0,
5524200,0,,0,
5525100,0,,0,
5526000,0,,0,
5526900,0,,0,
5527800,0,,0,
5528700,0,,0,
5529600,0,,0,
5530500,0,,0,
5531400,0,,0,
5532300,0,,0,
5533200,0,,0,
5534100,0,,0,
5535000,0,,0,
5535900,0,,0,
5536800,0,,0,
5537700,0,,0,
5538600,0,,0,
5539500,0,,0,
5540400,0,,0,
5541300,0,,0,
5542200,0,,0,
5543100,0,,0,
5544000,0,,0,
5544900,0,,0,
5545800,0,,0,
5546700,0,,0,
5547600,0,,0,
5548500,0,,0,
5549400,0,,0,
5550300,0,,0,
5551200,0,,0,
5552100,0,,0,
5553000,0.209923,,0.05248075,
5553900,0.461832,,0.115458,
5554800,0.776717,,0.19417925,
5555700,1.123091,,0.28077275,
5556600,1.490457,,0.37261425,
5557500,1.857823,,0.46445575,
5558400,2.225189,,0.55629725,
5559300,2.603051,,0.65076275,
5560200,2.959921,,0.73998025,
5561100,3.26431,,0.8160775,
5562000,3.589691,,0.89742275,
5562900,3.904576,,0.976144,
5563800,4.177477,,1.04436925,
5564700,4.429385,,1.10734625,
5565600,4.649805,,1.16245125,
5566500,4.859728,,1.214932,
5567400,5.048659,,1.26216475,
5568300,5.206102,,1.3015255,
5569200,5.32156,,1.33039,
5570100,5.405529,,1.35138225,
5571000,5.45801,,1.3645025,
5571900,5.489499,,1.37237475,
5572800,5.479002,,1.3697505,
5573700,5.447514,,1.3618785,
5574600,5.374041,,1.34351025,
5575500,5.290071,,1.32251775,
5576400,5.153621,,1.28840525,
5577300,4.996179,,1.24904475,
5578200,4.796751,,1.19918775,
5579100,4.586828,,1.146707,
5580000,4.345416,,1.086354,
5580900,4.072515,,1.01812875,
5581800,3.768126,,0.9420315,
5582700,3.474233,,0.86855825,
5583600,3.148852,,0.787213,
5584500,2.791982,,0.6979955,
5585400,2.435112,,0.608778,
5586300,2.067746,,0.5169365,
5587200,1.70038,,0.425095,
5588100,1.333014,,0.3332535,
5589000,0.976144,,0.244036,
5589900,0.62977,,0.1574425,
5590800,0.346374,,0.0865935,
5591700,0.13645,,0.0341125,
5592600,0,,0,
5593500,0,,0,
5594400,0,,0,
5595300,0,,0,
5596200,0,,0,
5597100,0,,0,
5598000,0,,0,
5598900,0,,0,
5599800,0,,0,
5600700,0,,0,
5601600,0,,0,
5602500,0,,0,
5603400,0,,0,
5604300,0,,0,
5605200,0,,0,
5606100,0,,0,
5607000,0,,0,
5607900,0,,0,
5608800,0,,0,
5609700,0,,0,
5610600,0,,0,
5611500,0,,0,
5612400,0,,0,
5613300,0,,0,
5614200,0,,0,
5615100,0,,0,
5616000,0,,0,
5616900,0,,0,
5617800,0,,0,
5618700,0,,0,
5619600,0,,0,
5620500,0,,0,
5621400,0,,0,
5622300,0,,0,
5623200,0,,0,
5624100,0,,0,
5625000,0,,0,
5625900,0,,0,
5626800,0,,0,
5627700,0,,0,
5628600,0,,0,
5629500,0,,0,
5630400,0,,0,
5631300,0,,0,
5632200,0,,0,
5633100,0,,0,
5634000,0,,0,
5634900,0,,0,
5635800,0,,0,
5636700,0,,0,
5637600,0,,0,
5638500,0,,0,
5639400,0.22042,,0.055105,
5640300,0.472328,,0.118082,
5641200,0.787213,,0.19680325,
5642100,1.144083,,0.28602075,
5643000,1.511449,,0.37786225,
5643900,1.962784,,0.490696,
5644800,2.361639,,0.59040975,
5645700,2.739501,,0.68487525,
5646600,3.12786,,0.781965,
5647500,3.526714,,0.8816785,
5648400,3.862592,,0.965648,
5649300,4.187973,,1.04699325,
5650200,4.492362,,1.1230905,
5651100,4.775759,,1.19393975,
5652000,5.038163,,1.25954075,
5652900,5.23759,,1.3093975,
5653800,5.437018,,1.3592545,
5654700,5.479002,,1.3697505,
5655600,5.615453,,1.40386325,
5656500,5.688926,,1.4222315,
5657400,5.751903,,1.43797575,
5658300,5.730911,,1.43272775,
5659200,5.730911,,1.43272775,
5660100,5.688926,,1.4222315,
5661000,5.615453,,1.40386325,
5661900,5.531483,,1.38287075,
5662800,5.395033,,1.34875825,
5663700,5.227094,,1.3067735,
5664600,5.027667,,1.25691675,
5665500,4.82824,,1.20706,
5666400,4.565835,,1.14145875,
5667300,4.292935,,1.07323375,
5668200,3.988546,,0.9971365,
5669100,3.673661,,0.91841525,
5670000,3.327287,,0.83182175,
5670900,2.959921,,0.73998025,
5671800,2.592555,,0.64813875,
5672700,2.235685,,0.55892125,
5673600,1.847327,,0.46183175,
5674500,1.458968,,0.364742,
5675400,1.081106,,0.2702765,
5676300,0.734732,,0.183683,
5677200,0.409351,,0.10233775,
5678100,0.178435,,0.04460875,
5679000,0,,0,
5679900,0,,0,
5680800,0,,0,
5681700,0,,0,
5682600,0,,0,
5683500,0,,0,
5684400,0,,0,
5685300,0,,0,
5686200,0,,0,
5687100,0,,0,
5688000,0,,0,
5688900,0,,0,
5689800,0,,0,
5690700,0,,0,
5691600,0,,0,
5692500,0,,0,
5693400,0,,0,
5694300,0,,0,
5695200,0,,0,
5696100,0,,0,
5697000,0,,0,
5697900,0,,0,
5698800,0,,0,
5699700,0,,0,
5700600,0,,0,
5701500,0,,0,
5702400,0,,0,
5703300,0,,0,
5704200,0,,0,
5705100,0,,0,
5706000,0,,0,
5706900,0,,0,
5707800,0,,0,
5708700,0,,0,
5709600,0,,0,
5710500,0,,0,
5711400,0,,0,
5712300,0,,0,
5713200,0,,0,
5714100,0,,0,
5715000,0,,0,
5715900,0,,0,
5716800,0,,0,
5717700,0,,0,
5718600,0,,0,
5719500,0,,0,
5720400,0,,0,
5721300,0,,0,
5722200,0,,0,
5723100,0,,0,
5724000,0,,0,
5724900,0,,0,
5725800,0.241412,,0.060353,
5726700,0.524809,,0.13120225,
5727600,0.85019,,0.2125475,
5728500,1.20706,,0.301765,
5729400,1.574426,,0.3936065,
5730300,2.036258,,0.5090645,
5731200,2.424616,,0.606154,
5732100,2.812974,,0.7032435,
5733000,3.190837,,0.79770925,
5733900,3.600187,,0.90004675,
5734800,3.946561,,0.98664025,
5735700,4.271943,,1.06798575,
5736600,4.597324,,1.149331,
5737500,4.922705,,1.23067625,
5738400,5.164117,,1.29102925,
5739300,5.395033,,1.34875825,
5740200,5.583964,,1.395991,
5741100,5.762399,,1.44059975,
5742000,5.888353,,1.47208825,
5742900,5.972323,,1.49308075,
5743800,6.0353,,1.508825,
5744700,6.066788,,1.516697,
5745600,6.056292,,1.514073,
5746500,6.014307,,1.50357675,
5747400,5.940834,,1.4852085,
5748300,5.793888,,1.448472,
5749200,5.646941,,1.41173525,
5750100,5.479002,,1.3697505,
5751000,5.269079,,1.31726975,
5751900,5.006675,,1.25166875,
5752800,4.723278,,1.1808195,
5753700,4.439881,,1.10997025,
5754600,4.135492,,1.033873,
5755500,3.715645,,0.92891125,
5756400,3.358775,,0.83969375,
5757300,2.991409,,0.74785225,
5758200,2.624043,,0.65601075,
5759100,2.1937,,0.548425,
5760000,1.805342,,0.4513355,
5760900,1.42748,,0.35687,
5761800,1.060114,,0.2650285,
5762700,0.724236,,0.181059,
5763600,0.419847,,0.10496175,
5764500,0.167939,,0.04198475,
5765400,0,,0,
5766300,0,,0,
5767200,0,,0,
5768100,0,,0,
5769000,0,,0,
5769900,0,,0,
5770800,0,,0,
5771700,0,,0,
5772600,0,,0,
5773500,0,,0,
5774400,0,,0,
5775300,0,,0,
5776200,0,,0,
5777100,0,,0,
5778000,0,,0,
5778900,0,,0,
5779800,0,,0,
5780700,0,,0,
5781600,0,,0,
5782500,0,,0,
5783400,0,,0,
5784300,0,,0,
5785200,0,,0,
5786100,0,,0,
5787000,0,,0,
5787900,0,,0,
5788800,0,,0,
5789700,0,,0,
5790600,0,,0,
5791500,0,,0,
5792400,0,,0,
5793300,0,,0,
5794200,0,,0,
5795100,0,,0,
5796000,0,,0,
5796900,0,,0,
5797800,0,,0,
5798700,0,,0,
5799600,0,,0,
5800500,0,,0,
5801400,0,,0,
5802300,0,,0,
5803200,0,,0,
5804100,0,,0,
5805000,0,,0,
5805900,0,,0,
5806800,0,,0,
5807700,0,,0,
5808600,0,,0,
5809500,0,,0,
5810400,0,,0,
5811300,0,,0,
5812200,0.304389,,0.07609725,
5813100,0.608778,,0.1521945,
5814000,0.944656,,0.236164,
5814900,1.322518,,0.3306295,
5815800,1.70038,,0.425095,
5816700,2.109731,,0.52743275,
5817600,2.498089,,0.62452225,
5818500,2.886448,,0.721612,
5819400,3.243318,,0.8108295,
5820300,3.600187,,0.90004675,
5821200,3.936065,,0.98401625,
5822100,4.261446,,1.0653615,
5823000,4.555339,,1.13883475,
5823900,4.82824,,1.20706,
5824800,5.080148,,1.270037,
5825700,5.290071,,1.32251775,
5826600,5.479002,,1.3697505,
5827500,5.604957,,1.40123925,
5828400,5.730911,,1.43272775,
5829300,5.835872,,1.458968,
5830200,5.888353,,1.47208825,
5831100,5.81488,,1.45372,
5832000,5.783392,,1.445848,
5832900,5.741407,,1.43535175,
5833800,5.667934,,1.4169835,
5834700,5.520987,,1.38024675,
5835600,5.374041,,1.34351025,
5836500,5.18511,,1.2962775,
5837400,4.996179,,1.24904475,
5838300,4.74427,,1.1860675,
5839200,4.492362,,1.1230905,
5840100,4.208966,,1.0522415,
5841000,3.904576,,0.976144,
5841900,3.495226,,0.8738065,
5842800,3.159348,,0.789837,
5843700,2.812974,,0.7032435,
5844600,2.445608,,0.611402,
5845500,2.05725,,0.5143125,
5846400,1.70038,,0.425095,
5847300,1.333014,,0.3332535,
5848200,0.98664,,0.24666,
5849100,0.682251,,0.17056275,
5850000,0.388358,,0.0970895,
5850900,0.157443,,0.03936075,
5851800,0,,0,
5852700,0,,0,
5853600,0,,0,
5854500,0,,0,
5855400,0,,0,
5856300,0,,0,
5857200,0,,0,
5858100,0,,0,
5859000,0,,0,
5859900,0,,0,
5860800,0,,0,
5861700,0,,0,
5862600,0,,0,
5863500,0,,0,
5864400,0,,0,
5865300,0,,0,
5866200,0,,0,
5867100,0,,0,
5868000,0,,0,
5868900,0,,0,
5869800,0,,0,
5870700,0,,0,
5871600,0,,0,
5872500,0,,0,
5873400,0,,0,
5874300,0,,0,
5875200,0,,0,
5876100,0,,0,
5877000,0,,0,
5877900,0,,0,
5878800,0,,0,
5879700,0,,0,
5880600,0,,0,
5881500,0,,0,
5882400,0,,0,
5883300,0,,0,
5884200,0,,0,
5885100,0,,0,
5886000,0,,0,
5886900,0,,0,
5887800,0,,0,
5888700,0,,0,
5889600,0,,0,
5890500,0,,0,
5891400,0,,0,
5892300,0,,0,
5893200,0,,0,
5894100,0,,0,
5895000,0,,0,
5895900,0,,0,
5896800,0,,0,
5897700,0.104962,,0.0262405,
5898600,0.304389,,0.07609725,
5899500,0.587786,,0.1469465,
5900400,0.913167,,0.22829175,
5901300,1.270037,,0.31750925,
5902200,1.637403,,0.40935075,
5903100,2.004769,,0.50119225,
5904000,2.382631,,0.59565775,
5904900,2.77099,,0.6927475,
5905800,3.12786,,0.781965,
5906700,3.379768,,0.844942,
5907600,3.705149,,0.92628725,
5908500,4.009538,,1.0023845,
5909400,4.292935,,1.07323375,
5910300,4.33492,,1.08373,
5911200,4.565835,,1.14145875,
5912100,4.786255,,1.19656375,
5913000,4.96469,,1.2411725,
5913900,5.017171,,1.25429275,
5914800,5.132629,,1.28315725,
5915700,5.23759,,1.3093975,
5916600,5.290071,,1.32251775,
5917500,5.363545,,1.34088625,
5918400,5.363545,,1.34088625,
5919300,5.342552,,1.335638,
5920200,5.269079,,1.31726975,
5921100,5.332056,,1.333014,
5922000,5.216598,,1.3041495,
5922900,5.048659,,1.26216475,
5923800,4.838736,,1.209684,
5924700,4.754767,,1.18869175,
5925600,4.502858,,1.1257145,
5926500,4.219462,,1.0548655,
5927400,3.915073,,0.97876825,
5928300,3.568699,,0.89217475,
5929200,3.232821,,0.80820525,
5930100,2.875951,,0.71898775,
5931000,2.508585,,0.62714625,
5931900,2.183204,,0.545801,
5932800,1.805342,,0.4513355,
5933700,1.437976,,0.359494,
5934600,1.07061,,0.2676525,
5935500,0.787213,,0.19680325,
5936400,0.472328,,0.118082,
5937300,0.22042,,0.055105,
5938200,0,,0,
5939100,0,,0,
5940000,0,,0,
5940900,0,,0,
5941800,0,,0,
5942700,0,,0,
5943600,0,,0,
5944500,0,,0,
5945400,0,,0,
5946300,0,,0,
5947200,0,,0,
5948100,0,,0,
5949000,0,,0,
5949900,0,,0,
5950800,0,,0,
5951700,0,,0,
5952600,0,,0,
5953500,0,,0,
5954400,0,,0,
5955300,0,,0,
5956200,0,,0,
5957100,0,,0,
5958000,0,,0,
5958900,0,,0,
5959800,0,,0,
5960700,0,,0,
5961600,0,,0,
5962500,0,,0,
5963400,0,,0,
5964300,0,,0,
5965200,0,,0,
5966100,0,,0,
5967000,0,,0,
5967900,0,,0,
5968800,0,,0,
5969700,0,,0,
5970600,0,,0,
5971500,0,,0,
5972400,0,,0,
5973300,0,,0,
5974200,0,,0,
5975100,0,,0,
5976000,0,,0,
5976900,0,,0,
5977800,0,,0,
5978700,0,,0,
5979600,0,,0,
5980500,0,,0,
5981400,0,,0,
5982300,0,,0,
5983200,0,,0,
5984100,0.083969,,0.02099225,
5985000,0.293893,,0.07347325,
5985900,0.566793,,0.14169825,
5986800,0.892175,,0.22304375,
5987700,1.249045,,0.31226125,
5988600,1.616411,,0.40410275,
5989500,2.046754,,0.5116885,
5990400,2.424616,,0.606154,
5991300,2.802478,,0.7006195,
5992200,3.169844,,0.792461,
5993100,3.579195,,0.89479875,
5994000,3.925569,,0.98139225,
5994900,4.240454,,1.0601135,
5995800,4.544843,,1.13621075,
5996700,4.870224,,1.217556,
5997600,5.122133,,1.28053325,
5998500,5.363545,,1.34088625,
5999400,5.552476,,1.388119,
6000300,5.783392,,1.445848,
6001200,5.940834,,1.4852085,
6002100,6.003811,,1.50095275,
6003000,6.056292,,1.514073,
6003900,6.129765,,1.53244125,
6004800,6.119269,,1.52981725,
6005700,6.077284,,1.519321,
6006600,6.003811,,1.50095275,
6007500,5.804384,,1.451096,
6008400,5.657437,,1.41435925,
6009300,5.489499,,1.37237475,
6010200,5.279575,,1.31989375,
6011100,4.954194,,1.2385485,
6012000,4.691789,,1.17294725,
6012900,4.408393,,1.10209825,
6013800,4.104004,,1.026001,
6014700,3.747134,,0.9367835,
6015600,3.40076,,0.85019,
6016500,3.033394,,0.7583485,
6017400,2.666028,,0.666507,
6018300,2.27767,,0.5694175,
6019200,1.889311,,0.47232775,
6020100,1.511449,,0.37786225,
6021000,1.144083,,0.28602075,
6021900,0.797709,,0.19942725,
6022800,0.482824,,0.120706,
6023700,0.22042,,0.055105,
6024600,0,,0,
6025500,0,,0,
6026400,0,,0,
6027300,0,,0,
6028200,0,,0,
6029100,0,,0,
6030000,0,,0,
6030900,0,,0,
6031800,0,,0,
6032700,0,,0,
6033600,0,,0,
6034500,0,,0,
6035400,0,,0,
6036300,0,,0,
6037200,0,,0,
6038100,0,,0,
6039000,0,,0,
6039900,0,,0,
6040800,0,,0,
6041700,0,,0,
6042600,0,,0,
6043500,0,,0,
6044400,0,,0,
6045300,0,,0,
6046200,0,,0,
6047100,0,,0,
6048000,0,,0,
6048900,0,,0,
6049800,0,,0,
6050700,0,,0,
6051600,0,,0,
6052500,0,,0,
6053400,0,,0,
6054300,0,,0,
6055200,0,,0,
6056100,0,,0,
6057000,0,,0,
6057900,0,,0,
6058800,0,,0,
6059700,0,,0,
6060600,0,,0,
6061500,0,,0,
6062400,0,,0,
6063300,0,,0,
6064200,0,,0,
6065100,0,,0,
6066000,0,,0,
6066900,0,,0,
6067800,0,,0,
6068700,0,,0,
6069600,0,,0,
6070500,0.178435,,0.04460875,
6071400,0.419847,,0.10496175,
6072300,0.745228,,0.186307,
6073200,1.091602,,0.2729005,
6074100,1.469464,,0.367366,
6075000,1.868319,,0.46707975,
6075900,2.27767,,0.5694175,
6076800,2.676524,,0.669131,
6077700,3.064883,,0.76622075,
6078600,3.442745,,0.86068625,
6079500,3.820607,,0.95515175,
6080400,4.166981,,1.04174525,
6081300,4.481866,,1.1204665,
6082200,4.786255,,1.19656375,
6083100,5.080148,,1.270037,
6084000,5.32156,,1.33039,
6084900,5.54198,,1.385495,
6085800,5.730911,,1.43272775,
6086700,5.898849,,1.47471225,
6087600,6.024804,,1.506201,
6088500,6.108773,,1.52719325,
6089400,6.17175,,1.5429375,
6090300,6.192742,,1.5481855,
6091200,6.182246,,1.5455615,
6092100,6.140261,,1.53506525,
6093000,6.0353,,1.508825,
6093900,5.909346,,1.4773365,
6094800,5.772895,,1.44322375,
6095700,5.59446,,1.398615,
6096600,5.395033,,1.34875825,
6097500,5.122133,,1.28053325,
6098400,4.870224,,1.217556,
6099300,4.576332,,1.144083,
6100200,4.271943,,1.06798575,
6101100,3.936065,,0.98401625,
6102000,3.579195,,0.89479875,
6102900,3.211829,,0.80295725,
6103800,2.833967,,0.70849175,
6104700,2.456105,,0.61402625,
6105600,2.05725,,0.5143125,
6106500,1.658395,,0.41459875,
6107400,1.270037,,0.31750925,
6108300,0.913167,,0.22829175,
6109200,0.566793,,0.14169825,
6110100,0.283397,,0.07084925,
6111000,0,,0,
6111900,0,,0,
6112800,0,,0,
6113700,0,,0,
6114600,0,,0,
6115500,0,,0,
6116400,0,,0,
6117300,0,,0,
6118200,0,,0,
6119100,0,,0,
6120000,0,,0,
6120900,0,,0,
6121800,0,,0,
6122700,0,,0,
6123600,0,,0,
6124500,0,,0,
6125400,0,,0,
6126300,0,,0,
6127200,0,,0,
6128100,0,,0,
6129000,0,,0,
6129900,0,,0,
6130800,0,,0,
6131700,0,,0,
6132600,0,,0,
6133500,0,,0,
6134400,0,,0,
6135300,0,,0,
6136200,0,,0,
6137100,0,,0,
6138000,0,,0,
6138900,0,,0,
6139800,0,,0,
6140700,0,,0,
6141600,0,,0,
6142500,0,,0,
6143400,0,,0,
6144300,0,,0,
6145200,0,,0,
6146100,0,,0,
6147000,0,,0,
6147900,0,,0,
6148800,0,,0,
6149700,0,,0,
6150600,0,,0,
6151500,0,,0,
6152400,0,,0,
6153300,0,,0,
6154200,0,,0,
6155100,0,,0,
6156000,0,,0,
6156900,0.167939,,0.04198475,
6157800,0.398855,,0.09971375,
6158700,0.650763,,0.16269075,
6159600,0.98664,,0.24666,
6160500,1.34351,,0.3358775,
6161400,1.70038,,0.425095,
6162300,2.025761,,0.50644025,
6163200,2.393128,,0.598282,
6164100,2.760494,,0.6901235,
6165000,3.117363,,0.77934075,
6165900,3.442745,,0.86068625,
6166800,3.768126,,0.9420315,
6167700,4.083011,,1.02075275,
6168600,4.366408,,1.091602,
6169500,4.660301,,1.16507525,
6170400,4.901713,,1.22542825,
6171300,5.111636,,1.277909,
6172200,5.290071,,1.32251775,
6173100,5.416025,,1.35400625,
6174000,5.531483,,1.38287075,
6174900,5.625949,,1.40648725,
6175800,5.67843,,1.4196075,
6176700,5.835872,,1.458968,
6177600,5.825376,,1.456344,
6178500,5.783392,,1.445848,
6179400,5.709918,,1.4274795,
6180300,5.59446,,1.398615,
6181200,5.45801,,1.3645025,
6182100,5.279575,,1.31989375,
6183000,5.080148,,1.270037,
6183900,4.775759,,1.19393975,
6184800,4.523851,,1.13096275,
6185700,4.25095,,1.0627375,
6186600,3.946561,,0.98664025,
6187500,3.579195,,0.89479875,
6188400,3.243318,,0.8108295,
6189300,2.90744,,0.72686,
6190200,2.540074,,0.6350185,
6191100,2.225189,,0.55629725,
6192000,1.847327,,0.46183175,
6192900,1.47996,,0.36999,
6193800,1.112594,,0.2781485,
6194700,0.818702,,0.2046755,
6195600,0.503816,,0.125954,
6196500,0.241412,,0.060353,
6197400,0,,0,
6198300,0,,0,
6199200,0,,0,
6200100,0,,0,
6201000,0,,0,
6201900,0,,0,
6202800,0,,0,
6203700,0,,0,
6204600,0,,0,
6205500,0,,0,
6206400,0,,0,
6207300,0,,0,
6208200,0,,0,
6209100,0,,0,
6210000,0,,0,
6210900,0,,0,
6211800,0,,0,
6212700,0,,0,
6213600,0,,0,
6214500,0,,0,
6215400,0,,0,
6216300,0,,0,
6217200,0,,0,
6218100,0,,0,
6219000,0,,0,
6219900,0,,0,
6220800,0,,0,
6221700,0,,0,
6222600,0,,0,
6223500,0,,0,
6224400,0,,0,
6225300,0,,0,
6226200,0,,0,
6227100,0,,0,
6228000,0,,0,
6228900,0,,0,
6229800,0,,0,
6230700,0,,0,
6231600,0,,0,
6232500,0,,0,
6233400,0,,0,
6234300,0,,0,
6235200,0,,0,
6236100,0,,0,
6237000,0,,0,
6237900,0,,0,
6238800,0,,0,
6239700,0,,0,
6240600,0,,0,
6241500,0,,0,
6242400,0,,0,
6243300,0.209923,,0.05248075,
6244200,0.461832,,0.115458,
6245100,0.776717,,0.19417925,
6246000,1.123091,,0.28077275,
6246900,1.490457,,0.37261425,
6247800,1.878815,,0.46970375,
6248700,2.298662,,0.5746655,
6249600,2.68702,,0.671755,
6250500,3.064883,,0.76622075,
6251400,3.432249,,0.85806225,
6252300,3.736638,,0.9341595,
6253200,4.072515,,1.01812875,
6254100,4.376904,,1.094226,
6255000,4.691789,,1.17294725,
6255900,4.922705,,1.23067625,
6256800,5.164117,,1.29102925,
6257700,5.374041,,1.34351025,
6258600,5.562972,,1.390743,
6259500,5.59446,,1.398615,
6260400,5.709918,,1.4274795,
6261300,5.804384,,1.451096,
6262200,5.856865,,1.46421625,
6263100,5.898849,,1.47471225,
6264000,5.909346,,1.4773365,
6264900,5.867361,,1.46684025,
6265800,5.783392,,1.445848,
6266700,5.762399,,1.44059975,
6267600,5.615453,,1.40386325,
6268500,5.447514,,1.3618785,
6269400,5.258583,,1.31464575,
6270300,5.090644,,1.272661,
6271200,4.849232,,1.212308,
6272100,4.565835,,1.14145875,
6273000,4.271943,,1.06798575,
6273900,3.946561,,0.98664025,
6274800,3.589691,,0.89742275,
6275700,3.243318,,0.8108295,
6276600,2.854959,,0.71373975,
6277500,2.487593,,0.62189825,
6278400,2.099235,,0.52480875,
6279300,1.70038,,0.425095,
6280200,1.312022,,0.3280055,
6281100,0.955152,,0.238788,
6282000,0.608778,,0.1521945,
6282900,0.325381,,0.08134525,
6283800,0.115458,,0.0288645,
6284700,0,,0,
6285600,0,,0,
6286500,0,,0,
6287400,0,,0,
6288300,0,,0,
6289200,0,,0,
6290100,0,,0,
6291000,0,,0,
6291900,0,,0,
6292800,0,,0,
6293700,0,,0,
6294600,0,,0,
6295500,0,,0,
6296400,0,,0,
6297300,0,,0,
6298200,0,,0,
6299100,0,,0,
6300000,0,,0,
6300900,0,,0,
6301800,0,,0,
6302700,0,,0,
6303600,0,,0,
6304500,0,,0,
6305400,0,,0,
6306300,0,,0,
6307200,0,,0,
6308100,0,,0,
6309000,0,,0,
6309900,0,,0,
6310800,0,,0,
6311700,0,,0,
6312600,0,,0,
6313500,0,,0,
6314400,0,,0,
6315300,0,,0,
6316200,0,,0,
6317100,0,,0,
6318000,0,,0,
6318900,0,,0,
6319800,0,,0,
6320700,0,,0,
6321600,0,,0,
6322500,0,,0,
6323400,0,,0,
6324300,0,,0,
6325200,0,,0,
6326100,0,,0,
6327000,0,,0,
6327900,0,,0,
6328800,0,,0,
6329700,0.251908,,0.062977,
6330600,0.503816,,0.125954,
6331500,0.797709,,0.19942725,
6332400,1.144083,,0.28602075,
6333300,1.511449,,0.37786225,
6334200,1.889311,,0.47232775,
6335100,2.256677,,0.56416925,
6336000,2.624043,,0.65601075,
6336900,2.991409,,0.74785225,
6337800,3.358775,,0.83969375,
6338700,3.663164,,0.915791,
6339600,3.988546,,0.9971365,
6340500,4.303431,,1.07585775,
6341400,4.586828,,1.146707,
6342300,4.807247,,1.20181175,
6343200,5.038163,,1.25954075,
6344100,5.258583,,1.31464575,
6345000,5.437018,,1.3592545,
6345900,5.573468,,1.393367,
6346800,5.688926,,1.4222315,
6347700,5.783392,,1.445848,
6348600,5.846369,,1.46159225,
6349500,5.877857,,1.46946425,
6350400,5.867361,,1.46684025,
6351300,5.846369,,1.46159225,
6352200,5.762399,,1.44059975,
6353100,5.636445,,1.40911125,
6354000,5.499995,,1.37499875,
6354900,5.332056,,1.333014,
6355800,5.132629,,1.28315725,
6356700,4.901713,,1.22542825,
6357600,4.660301,,1.16507525,
6358500,4.376904,,1.094226,
6359400,4.083011,,1.02075275,
6360300,3.747134,,0.9367835,
6361200,3.411256,,0.852814,
6362100,3.054386,,0.7635965,
6363000,2.697517,,0.67437925,
6363900,2.309158,,0.5772895,
6364800,1.931296,,0.482824,
6365700,1.56393,,0.3909825,
6366600,1.196564,,0.299141,
6367500,0.871182,,0.2177955,
6368400,0.556297,,0.13907425,
6369300,0.283397,,0.07084925,
6370200,0.083969,,0.02099225,
6371100,0,,0,
6372000,0,,0,
6372900,0,,0,
6373800,0,,0,
6374700,0,,0,
6375600,0,,0,
6376500,0,,0,
6377400,0,,0,
6378300,0,,0,
6379200,0,,0,
6380100,0,,0,
6381000,0,,0,
6381900,0,,0,
6382800,0,,0,
6383700,0,,0,
6384600,0,,0,
6385500,0,,0,
6386400,0,,0,
6387300,0,,0,
6388200,0,,0,
6389100,0,,0,
6390000,0,,0,
6390900,0,,0,
6391800,0,,0,
6392700,0,,0,
6393600,0,,0,
6394500,0,,0,
6395400,0,,0,
6396300,0,,0,
6397200,0,,0,
6398100,0,,0,
6399000,0,,0,
6399900,0,,0,
6400800,0,,0,
6401700,0,,0,
6402600,0,,0,
6403500,0,,0,
6404400,0,,0,
6405300,0,,0,
6406200,0,,0,
6407100,0,,0,
6408000,0,,0,
6408900,0,,0,
6409800,0,,0,
6410700,0,,0,
6411600,0,,0,
6412500,0,,0,
6413400,0,,0,
6414300,0,,0,
6415200,0,,0,
6416100,0.241412,,0.060353,
6417000,0.503816,,0.125954,
6417900,0.797709,,0.19942725,
6418800,1.144083,,0.28602075,
6419700,1.511449,,0.37786225,
6420600,1.878815,,0.46970375,
6421500,2.27767,,0.5694175,
6422400,2.655532,,0.663883,
6423300,3.033394,,0.7583485,
6424200,3.390264,,0.847566,
6425100,3.778622,,0.9446555,
6426000,4.124996,,1.031249,
6426900,4.429385,,1.10734625,
6427800,4.733774,,1.1834435,
6428700,5.059156,,1.264789,
6429600,5.311064,,1.327766,
6430500,5.54198,,1.385495,
6431400,5.730911,,1.43272775,
6432300,5.972323,,1.49308075,
6433200,6.098277,,1.52456925,
6434100,6.203238,,1.5508095,
6435000,6.266215,,1.56655375,
6435900,6.329193,,1.58229825,
6436800,6.339689,,1.58492225,
6437700,6.297704,,1.574426,
6438600,6.224231,,1.55605775,
6439500,6.119269,,1.52981725,
6440400,5.972323,,1.49308075,
6441300,5.81488,,1.45372,
6442200,5.59446,,1.398615,
6443100,5.416025,,1.35400625,
6444000,5.174613,,1.29365325,
6444900,4.880721,,1.22018025,
6445800,4.565835,,1.14145875,
6446700,4.229958,,1.0574895,
6447600,3.873088,,0.968272,
6448500,3.495226,,0.8738065,
6449400,3.096371,,0.77409275,
6450300,2.708013,,0.67700325,
6451200,2.298662,,0.5746655,
6452100,1.878815,,0.46970375,
6453000,1.47996,,0.36999,
6453900,1.112594,,0.2781485,
6454800,0.734732,,0.183683,
6455700,0.419847,,0.10496175,
6456600,0.167939,,0.04198475,
6457500,0,,0,
6458400,0,,0,
6459300,0,,0,
6460200,0,,0,
6461100,0,,0,
6462000,0,,0,
6462900,0,,0,
6463800,0,,0,
6464700,0,,0,
6465600,0,,0,
6466500,0,,0,
6467400,0,,0,
6468300,0,,0,
6469200,0,,0,
6470100,0,,0,
6471000,0,,0,
6471900,0,,0,
6472800,0,,0,
6473700,0,,0,
6474600,0,,0,
6475500,0,,0,
6476400,0,,0,
6477300,0,,0,
6478200,0,,0,
6479100,0,,0,
6480000,0,,0,
6480900,0,,0,
6481800,0,,0,
6482700,0,,0,
6483600,0,,0,
6484500,0,,0,
6485400,0,,0,
6486300,0,,0,
6487200,0,,0,
6488100,0,,0,
6489000,0,,0,
6489900,0,,0,
6490800,0,,0,
6491700,0,,0,
6492600,0,,0,
6493500,0,,0,
6494400,0,,0,
6495300,0,,0,
6496200,0,,0,
6497100,0,,0,
6498000,0,,0,
6498900,0,,0,
6499800,0,,0,
6500700,0,,0,
6501600,0.13645,,0.0341125,
6502500,0.346374,,0.0865935,
6503400,0.650763,,0.16269075,
6504300,1.039121,,0.25978025,
6505200,1.42748,,0.35687,
6506100,1.83683,,0.4592075,
6507000,2.256677,,0.56416925,
6507900,2.68702,,0.671755,
6508800,3.096371,,0.77409275,
6509700,3.48473,,0.8711825,
6510600,3.862592,,0.965648,
6511500,4.240454,,1.0601135,
6512400,4.60782,,1.151955,
6513300,4.912209,,1.22805225,
6514200,5.206102,,1.3015255,
6515100,5.479002,,1.3697505,
6516000,5.720414,,1.4301035,
6516900,5.940834,,1.4852085,
6517800,6.129765,,1.53244125,
6518700,6.276712,,1.569178,
6519600,6.39217,,1.5980425,
6520500,6.486635,,1.62165875,
6521400,6.539116,,1.634779,
6522300,6.539116,,1.634779,
6523200,6.518124,,1.629531,
6524100,6.476139,,1.61903475,
6525000,6.402666,,1.6006665,
6525900,6.276712,,1.569178,
6526800,6.129765,,1.53244125,
6527700,5.95133,,1.4878325,
6528600,5.741407,,1.43535175,
6529500,5.489499,,1.37237475,
6530400,5.227094,,1.3067735,
6531300,4.933201,,1.23330025,
6532200,4.618316,,1.154579,
6533100,4.229958,,1.0574895,
6534000,3.873088,,0.968272,
6534900,3.495226,,0.8738065,
6535800,3.106867,,0.77671675,
6536700,2.739501,,0.68487525,
6537600,2.33015,,0.5825375,
6538500,1.9208,,0.4802,
6539400,1.521945,,0.38048625,
6540300,1.154579,,0.28864475,
6541200,0.787213,,0.19680325,
6542100,0.451335,,0.11283375,
6543000,0.199427,,0.04985675,
6543900,0,,0,
6544800,0,,0,
6545700,0,,0,
6546600,0,,0,
6547500,0,,0,
6548400,0,,0,
6549300,0,,0,
6550200,0,,0,
6551100,0,,0,
6552000,0,,0,
6552900,0,,0,
6553800,0,,0,
6554700,0,,0,
6555600,0,,0,
6556500,0,,0,
6557400,0,,0,
6558300,0,,0,
6559200,0,,0,
6560100,0,,0,
6561000,0,,0,
6561900,0,,0,
6562800,0,,0,
6563700,0,,0,
6564600,0,,0,
6565500,0,,0,
6566400,0,,0,
6567300,0,,0,
6568200,0,,0,
6569100,0,,0,
6570000,0,,0,
6570900,0,,0,
6571800,0,,0,
6572700,0,,0,
6573600,0,,0,
6574500,0,,0,
6575400,0,,0,
6576300,0,,0,
6577200,0,,0,
6578100,0,,0,
6579000,0,,0,
6579900,0,,0,
6580800,0,,0,
6581700,0,,0,
6582600,0,,0,
6583500,0,,0,
6584400,0,,0,
6585300,0,,0,
6586200,0,,0,
6587100,0,,0,
6588000,0.178435,,0.04460875,
6588900,0.419847,,0.10496175,
6589800,0.734732,,0.183683,
6590700,1.112594,,0.2781485,
6591600,1.511449,,0.37786225,
6592500,1.9208,,0.4802,
6593400,2.340647,,0.58516175,
6594300,2.802478,,0.7006195,
6595200,3.211829,,0.80295725,
6596100,3.610684,,0.902671,
6597000,3.999042,,0.9997605,
6597900,4.3874,,1.09685,
6598800,4.74427,,1.1860675,
6599700,5.069652,,1.267413,
6600600,5.374041,,1.34351025,
6601500,5.636445,,1.40911125,
6602400,5.898849,,1.47471225,
6603300,6.119269,,1.52981725,
6604200,6.297704,,1.574426,
6605100,6.465643,,1.61641075,
6606000,6.581101,,1.64527525,
6606900,6.66507,,1.6662675,
6607800,6.728047,,1.68201175,
6608700,6.728047,,1.68201175,
6609600,6.707055,,1.67676375,
6610500,6.66507,,1.6662675,
6611400,6.581101,,1.64527525,
6612300,6.476139,,1.61903475,
6613200,6.329193,,1.58229825,
6614100,6.150758,,1.5376895,
6615000,5.930338,,1.4825845,
6615900,5.699422,,1.4248555,
6616800,5.426522,,1.3566305,
6617700,5.132629,,1.28315725,
6618600,4.807247,,1.20181175,
6619500,4.460874,,1.1152185,
6620400,4.104004,,1.026001,
6621300,3.715645,,0.92891125,
6622200,3.316791,,0.82919775,
6623100,2.90744,,0.72686,
6624000,2.498089,,0.62452225,
6624900,2.088738,,0.5221845,
6625800,1.668892,,0.417223,
6626700,1.270037,,0.31750925,
6627600,0.871182,,0.2177955,
6628500,0.524809,,0.13120225,
6629400,0.241412,,0.060353,
6630300,0,,0,
6631200,0,,0,
6632100,0,,0,
6633000,0,,0,
6633900,0,,0,
6634800,0,,0,
6635700,0,,0,
6636600,0,,0,
6637500,0,,0,
6638400,0,,0,
6639300,0,,0,
6640200,0,,0,
6641100,0,,0,
6642000,0,,0,
6642900,0,,0,
6643800,0,,0,
6644700,0,,0,
6645600,0,,0,
6646500,0,,0,
6647400,0,,0,
6648300,0,,0,
6649200,0,,0,
6650100,0,,0,
6651000,0,,0,
6651900,0,,0,
6652800,0,,0,
6653700,0,,0,
6654600,0,,0,
6655500,0,,0,
6656400,0,,0,
6657300,0,,0,
6658200,0,,0,
6659100,0,,0,
6660000,0,,0,
6660900,0,,0,
6661800,0,,0,
6662700,0,,0,
6663600,0,,0,
6664500,0,,0,
6665400,0,,0,
6666300,0,,0,
6667200,0,,0,
6668100,0,,0,
6669000,0,,0,
6669900,0,,0,
6670800,0,,0,
6671700,0,,0,
6672600,0,,0,
6673500,0,,0,
6674400,0.209923,,0.05248075,
6675300,0.482824,,0.120706,
6676200,0.829198,,0.2072995,
6677100,1.217556,,0.304389,
6678000,1.626907,,0.40672675,
6678900,2.036258,,0.5090645,
6679800,2.456105,,0.61402625,
6680700,2.875951,,0.71898775,
6681600,3.285302,,0.8213255,
6682500,3.694653,,0.92366325,
6683400,4.083011,,1.02075275,
6684300,4.418889,,1.10472225,
6685200,4.74427,,1.1860675,
6686100,5.069652,,1.267413,
6687000,5.363545,,1.34088625,
6687900,5.615453,,1.40386325,
6688800,5.856865,,1.46421625,
6689700,6.077284,,1.519321,
6690600,6.245223,,1.56130575,
6691500,6.350185,,1.58754625,
6692400,6.465643,,1.61641075,
6693300,6.560108,,1.640027,
6694200,6.623085,,1.65577125,
6695100,6.570605,,1.64265125,
6696000,6.539116,,1.634779,
6696900,6.497131,,1.62428275,
6697800,6.413162,,1.6032905,
6698700,6.234727,,1.55868175,
6699600,6.087781,,1.52194525,
6700500,5.909346,,1.4773365,
6701400,5.709918,,1.4274795,
6702300,5.447514,,1.3618785,
6703200,5.18511,,1.2962775,
6704100,4.901713,,1.22542825,
6705000,4.586828,,1.146707,
6705900,4.229958,,1.0574895,
6706800,3.883584,,0.970896,
6707700,3.505722,,0.8764305,
6708600,3.12786,,0.781965,
6709500,2.739501,,0.68487525,
6710400,2.340647,,0.58516175,
6711300,1.931296,,0.482824,
6712200,1.542937,,0.38573425,
6713100,1.165075,,0.29126875,
6714000,0.808205,,0.20205125,
6714900,0.482824,,0.120706,
6715800,0.209923,,0.05248075,
6716700,0,,0,
6717600,0,,0,
6718500,0,,0,
6719400,0,,0,
6720300,0,,0,
6721200,0,,0,
6722100,0,,0,
6723000,0,,0,
6723900,0,,0,
6724800,0,,0,
6725700,0,,0,
6726600,0,,0,
6727500,0,,0,
6728400,0,,0,
6729300,0,,0,
6730200,0,,0,
6731100,0,,0,
6732000,0,,0,
6732900,0,,0,
6733800,0,,0,
6734700,0,,0,
6735600,0,,0,
6736500,0,,0,
6737400,0,,0,
6738300,0,,0,
6739200,0,,0,
6740100,0,,0,
6741000,0,,0,
6741900,0,,0,
6742800,0,,0,
6743700,0,,0,
6744600,0,,0,
6745500,0,,0,
6746400,0,,0,
6747300,0,,0,
6748200,0,,0,
6749100,0,,0,
6750000,0,,0,
6750900,0,,0,
6751800,0,,0,
6752700,0,,0,
6753600,0,,0,
6754500,0,,0,
6755400,0,,0,
6756300,0,,0,
6757200,0,,0,
6758100,0,,0,
6759000,0,,0,
6759900,0,,0,
6760800,0.22042,,0.055105,
6761700,0.482824,,0.120706,
6762600,0.797709,,0.19942725,
6763500,1.154579,,0.28864475,
6764400,1.542937,,0.38573425,
6765300,1.941792,,0.485448,
6766200,2.33015,,0.5825375,
6767100,2.729005,,0.68225125,
6768000,3.117363,,0.77934075,
6768900,3.505722,,0.8764305,
6769800,3.873088,,0.968272,
6770700,4.219462,,1.0548655,
6771600,4.555339,,1.13883475,
6772500,4.870224,,1.217556,
6773400,5.164117,,1.29102925,
6774300,5.416025,,1.35400625,
6775200,5.636445,,1.40911125,
6776100,5.846369,,1.46159225,
6777000,6.024804,,1.506201,
6777900,6.182246,,1.5455615,
6778800,6.297704,,1.574426,
6779700,6.381673,,1.59541825,
6780600,6.455147,,1.61378675,
6781500,6.402666,,1.6006665,
6782400,6.381673,,1.59541825,
6783300,6.339689,,1.58492225,
6784200,6.266215,,1.56655375,
6785100,6.119269,,1.52981725,
6786000,5.972323,,1.49308075,
6786900,5.804384,,1.451096,
6787800,5.59446,,1.398615,
6788700,5.353048,,1.338262,
6789600,5.10114,,1.275285,
6790500,4.817744,,1.204436,
6791400,4.502858,,1.1257145,
6792300,4.177477,,1.04436925,
6793200,3.831103,,0.95777575,
6794100,3.463737,,0.86593425,
6795000,3.096371,,0.77409275,
6795900,2.697517,,0.67437925,
6796800,2.298662,,0.5746655,
6797700,1.910304,,0.477576,
6798600,1.521945,,0.38048625,
6799500,1.154579,,0.28864475,
6800400,0.808205,,0.20205125,
6801300,0.482824,,0.120706,
6802200,0.230916,,0.057729,
6803100,0,,0,
6804000,0,,0,
6804900,0,,0,
6805800,0,,0,
6806700,0,,0,
6807600,0,,0,
6808500,0,,0,
6809400,0,,0,
6810300,0,,0,
6811200,0,,0,
6812100,0,,0,
6813000,0,,0,
6813900,0,,0,
6814800,0,,0,
6815700,0,,0,
6816600,0,,0,
6817500,0,,0,
6818400,0,,0,
6819300,0,,0,
6820200,0,,0,
6821100,0,,0,
6822000,0,,0,
6822900,0,,0,
6823800,0,,0,
6824700,0,,0,
6825600,0,,0,
6826500,0,,0,
6827400,0,,0,
6828300,0,,0,
6829200,0,,0,
6830100,0,,0,
6831000,0,,0,
6831900,0,,0,
6832800,0,,0,
6833700,0,,0,
6834600,0,,0,
6835500,0,,0,
6836400,0,,0,
6837300,0,,0,
6838200,0,,0,
6839100,0,,0,
6840000,0,,0,
6840900,0,,0,
6841800,0,,0,
6842700,0,,0,
6843600,0,,0,
6844500,0,,0,
6845400,0,,0,
6846300,0,,0,
6847200,0.241412,,0.060353,
6848100,0.503816,,0.125954,
6849000,0.839694,,0.2099235,
6849900,1.20706,,0.301765,
6850800,1.605915,,0.40147875,
6851700,2.004769,,0.50119225,
6852600,2.403624,,0.600906,
6853500,2.833967,,0.70849175,
6854400,3.232821,,0.80820525,
6855300,3.62118,,0.905295,
6856200,4.009538,,1.0023845,
6857100,4.292935,,1.07323375,
6858000,4.628812,,1.157203,
6858900,4.943698,,1.2359245,
6859800,5.23759,,1.3093975,
6860700,5.499995,,1.37499875,
6861600,5.741407,,1.43535175,
6862500,5.95133,,1.4878325,
6863400,6.119269,,1.52981725,
6864300,6.266215,,1.56655375,
6865200,6.381673,,1.59541825,
6866100,6.476139,,1.61903475,
6867000,6.52862,,1.632155,
6867900,6.423658,,1.6059145,
6868800,6.402666,,1.6006665,
6869700,6.360681,,1.59017025,
6870600,6.276712,,1.569178,
6871500,6.161254,,1.5403135,
6872400,6.003811,,1.50095275,
6873300,5.825376,,1.456344,
6874200,5.625949,,1.40648725,
6875100,5.384537,,1.34613425,
6876000,5.122133,,1.28053325,
6876900,4.838736,,1.209684,
6877800,4.544843,,1.13621075,
6878700,4.166981,,1.04174525,
6879600,3.820607,,0.95515175,
6880500,3.453241,,0.86331025,
6881400,3.075379,,0.76884475,
6882300,2.68702,,0.671755,
6883200,2.298662,,0.5746655,
6884100,1.899807,,0.47495175,
6885000,1.521945,,0.38048625,
6885900,1.144083,,0.28602075,
6886800,0.797709,,0.19942725,
6887700,0.472328,,0.118082,
6888600,0.22042,,0.055105,
6889500,0,,0,
6890400,0,,0,
6891300,0,,0,
6892200,0,,0,
6893100,0,,0,
6894000,0,,0,
6894900,0,,0,
6895800,0,,0,
6896700,0,,0,
6897600,0,,0,
6898500,0,,0,
6899400,0,,0,
6900300,0,,0,
6901200,0,,0,
6902100,0,,0,
6903000,0,,0,
6903900,0,,0,
6904800,0,,0,
6905700,0,,0,
6906600,0,,0,
6907500,0,,0,
6908400,0,,0,
6909300,0,,0,
6910200,0,,0,
6911100,0,,0,
6912000,0,,0,
6912900,0,,0,
6913800,0,,0,
6914700,0,,0,
6915600,0,,0,
6916500,0,,0,
6917400,0,,0,
6918300,0,,0,
6919200,0,,0,
6920100,0,,0,
6921000,0,,0,
6921900,0,,0,
6922800,0,,0,
6923700,0,,0,
6924600,0,,0,
6925500,0,,0,
6926400,0,,0,
6927300,0,,0,
6928200,0,,0,
6929100,0,,0,
6930000,0,,0,
6930900,0,,0,
6931800,0,,0,
6932700,0,,0,
6933600,0.262404,,0.065601,
6934500,0.535305,,0.13382625,
6935400,0.860686,,0.2151715,
6936300,1.259541,,0.31488525,
6937200,1.647899,,0.41197475,
6938100,2.046754,,0.5116885,
6939000,2.456105,,0.61402625,
6939900,2.949425,,0.73735625,
6940800,3.348279,,0.83706975,
6941700,3.736638,,0.9341595,
6942600,4.1145,,1.028625,
6943500,4.523851,,1.13096275,
6944400,4.870224,,1.217556,
6945300,5.18511,,1.2962775,
6946200,5.479002,,1.3697505,
6947100,5.783392,,1.445848,
6948000,6.024804,,1.506201,
6948900,6.234727,,1.55868175,
6949800,6.413162,,1.6032905,
6950700,6.581101,,1.64527525,
6951600,6.696559,,1.67413975,
6952500,6.791024,,1.697756,
6953400,6.833009,,1.70825225,
6954300,6.833009,,1.70825225,
6955200,6.80152,,1.70038,
6956100,6.749039,,1.68725975,
6957000,6.66507,,1.6662675,
6957900,6.560108,,1.640027,
6958800,6.413162,,1.6032905,
6959700,6.224231,,1.55605775,
6960600,6.014307,,1.50357675,
6961500,5.783392,,1.445848,
6962400,5.510491,,1.37762275,
6963300,5.216598,,1.3041495,
6964200,4.901713,,1.22542825,
6965100,4.555339,,1.13883475,
6966000,4.198469,,1.04961725,
6966900,3.820607,,0.95515175,
6967800,3.411256,,0.852814,
6968700,3.001906,,0.7504765,
6969600,2.592555,,0.64813875,
6970500,2.183204,,0.545801,
6971400,1.763357,,0.44083925,
6972300,1.354006,,0.3385015,
6973200,0.976144,,0.244036,
6974100,0.619274,,0.1548185,
6975000,0.314885,,0.07872125,
6975900,0,,0,
6976800,0,,0,
6977700,0,,0,
6978600,0,,0,
6979500,0,,0,
6980400,0,,0,
6981300,0,,0,
6982200,0,,0,
6983100,0,,0,
6984000,0,,0,
6984900,0,,0,
6985800,0,,0,
6986700,0,,0,
6987600,0,,0,
6988500,0,,0,
6989400,0,,0,
6990300,0,,0,
6991200,0,,0,
6992100,0,,0,
6993000,0,,0,
6993900,0,,0,
6994800,0,,0,
6995700,0,,0,
6996600,0,,0,
6997500,0,,0,
6998400,0,,0,
6999300,0,,0,
7000200,0,,0,
7001100,0,,0,
7002000,0,,0,
7002900,0,,0,
7003800,0,,0,
7004700,0,,0,
7005600,0,,0,
7006500,0,,0,
7007400,0,,0,
7008300,0,,0,
7009200,0,,0,
7010100,0,,0,
7011000,0,,0,
7011900,0,,0,
7012800,0,,0,
7013700,0,,0,
7014600,0,,0,
7015500,0,,0,
7016400,0,,0,
7017300,0,,0,
7018200,0,,0,
7019100,0.062977,,0.01574425,
7020000,0.230916,,0.057729,
7020900,0.49332,,0.12333,
7021800,0.818702,,0.2046755,
7022700,1.165075,,0.29126875,
7023600,1.532441,,0.38311025,
7024500,1.9208,,0.4802,
7025400,2.309158,,0.5772895,
7026300,2.729005,,0.68225125,
7027200,3.117363,,0.77934075,
7028100,3.48473,,0.8711825,
7029000,3.852096,,0.963024,
7029900,4.124996,,1.031249,
7030800,4.450377,,1.11259425,
7031700,4.754767,,1.18869175,
7032600,5.038163,,1.25954075,
7033500,5.332056,,1.333014,
7034400,5.573468,,1.393367,
7035300,5.772895,,1.44322375,
7036200,5.95133,,1.4878325,
7037100,6.161254,,1.5403135,
7038000,6.276712,,1.569178,
7038900,6.360681,,1.59017025,
7039800,6.402666,,1.6006665,
7040700,6.350185,,1.58754625,
7041600,6.339689,,1.58492225,
7042500,6.287208,,1.571802,
7043400,6.203238,,1.5508095,
7044300,6.129765,,1.53244125,
7045200,5.993315,,1.49832875,
7046100,5.81488,,1.45372,
7047000,5.604957,,1.40123925,
7047900,5.437018,,1.3592545,
7048800,5.174613,,1.29365325,
7049700,4.891217,,1.22280425,
7050600,4.576332,,1.144083,
7051500,4.282439,,1.07060975,
7052400,3.925569,,0.98139225,
7053300,3.568699,,0.89217475,
7054200,3.180341,,0.79508525,
7055100,2.844463,,0.71111575,
7056000,2.445608,,0.611402,
7056900,2.046754,,0.5116885,
7057800,1.647899,,0.41197475,
7058700,1.301525,,0.32538125,
7059600,0.923663,,0.23091575,
7060500,0.587786,,0.1469465,
7061400,0.304389,,0.07609725,
7062300,0.115458,,0.0288645,
7063200,0,,0,
7064100,0,,0,
7065000,0,,0,
7065900,0,,0,
7066800,0,,0,
7067700,0,,0,
7068600,0,,0,
7069500,0,,0,
7070400,0,,0,
7071300,0,,0,
7072200,0,,0,
7073100,0,,0,
7074000,0,,0,
7074900,0,,0,
7075800,0,,0,
7076700,0,,0,
7077600,0,,0,
7078500,0,,0,
7079400,0,,0,
7080300,0,,0,
7081200,0,,0,
7082100,0,,0,
7083000,0,,0,
7083900,0,,0,
7084800,0,,0,
7085700,0,,0,
7086600,0,,0,
7087500,0,,0,
7088400,0,,0,
7089300,0,,0,
7090200,0,,0,
7091100,0,,0,
7092000,0,,0,
7092900,0,,0,
7093800,0,,0,
7094700,0,,0,
7095600,0,,0,
7096500,0,,0,
7097400,0,,0,
7098300,0,,0,
7099200,0,,0,
7100100,0,,0,
7101000,0,,0,
7101900,0,,0,
7102800,0,,0,
7103700,0,,0,
7104600,0,,0,
7105500,0.13645,,0.0341125,
7106400,0.35687,,0.0892175,
7107300,0.661259,,0.16531475,
7108200,1.018129,,0.25453225,
7109100,1.416983,,0.35424575,
7110000,1.826334,,0.4565835,
7110900,2.246181,,0.56154525,
7111800,2.666028,,0.666507,
7112700,3.138356,,0.784589,
7113600,3.558203,,0.88955075,
7114500,3.957057,,0.98926425,
7115400,4.324423,,1.08110575,
7116300,4.723278,,1.1808195,
7117200,5.080148,,1.270037,
7118100,5.405529,,1.35138225,
7119000,5.699422,,1.4248555,
7119900,5.993315,,1.49832875,
7120800,6.234727,,1.55868175,
7121700,6.455147,,1.61378675,
7122600,6.633582,,1.6583955,
7123500,6.80152,,1.70038,
7124400,6.958963,,1.73974075,
7125300,7.042932,,1.760733,
7126200,7.095413,,1.77385325,
7127100,7.137398,,1.7843495,
7128000,7.116406,,1.7791015,
7128900,7.063925,,1.76598125,
7129800,6.969459,,1.74236475,
7130700,6.854001,,1.71350025,
7131600,6.707055,,1.67676375,
7132500,6.486635,,1.62165875,
7133400,6.266215,,1.56655375,
7134300,6.024804,,1.506201,
7135200,5.741407,,1.43535175,
7136100,5.447514,,1.3618785,
7137000,5.122133,,1.28053325,
7137900,4.74427,,1.1860675,
7138800,4.376904,,1.094226,
7139700,3.988546,,0.9971365,
7140600,3.589691,,0.89742275,
7141500,3.169844,,0.792461,
7142400,2.749997,,0.68749925,
7143300,2.33015,,0.5825375,
7144200,1.899807,,0.47495175,
7145100,1.47996,,0.36999,
7146000,1.081106,,0.2702765,
7146900,0.71374,,0.178435,
7147800,0.398855,,0.09971375,
7148700,0.157443,,0.03936075,
7149600,0,,0,
7150500,0,,0,
7151400,0,,0,
7152300,0,,0,
7153200,0,,0,
7154100,0,,0,
7155000,0,,0,
7155900,0,,0,
7156800,0,,0,
7157700,0,,0,
7158600,0,,0,
7159500,0,,0,
7160400,0,,0,
7161300,0,,0,
7162200,0,,0,
7163100,0,,0,
7164000,0,,0,
7164900,0,,0,
7165800,0,,0,
7166700,0,,0,
7167600,0,,0,
7168500,0,,0,
7169400,0,,0,
7170300,0,,0,
7171200,0,,0,
7172100,0,,0,
7173000,0,,0,
7173900,0,,0,
7174800,0,,0,
7175700,0,,0,
7176600,0,,0,
7177500,0,,0,
7178400,0,,0,
7179300,0,,0,
7180200,0,,0,
7181100,0,,0,
7182000,0,,0,
7182900,0,,0,
7183800,0,,0,
7184700,0,,0,
7185600,0,,0,
7186500,0,,0,
7187400,0,,0,
7188300,0,,0,
7189200,0,,0,
7190100,0,,0,
7191000,0,,0,
7191900,0.167939,,0.04198475,
7192800,0.398855,,0.09971375,
7193700,0.71374,,0.178435,
7194600,1.07061,,0.2676525,
7195500,1.416983,,0.35424575,
7196400,1.815838,,0.4539595,
7197300,2.214693,,0.55367325,
7198200,2.624043,,0.65601075,
7199100,2.980913,,0.74522825,
7200000,3.379768,,0.844942,
7200900,3.768126,,0.9420315,
7201800,4.145988,,1.036497,
7202700,4.429385,,1.10734625,
7203600,4.765263,,1.19131575,
7204500,5.080148,,1.270037,
7205400,5.374041,,1.34351025,
7206300,5.625949,,1.40648725,
7207200,5.867361,,1.46684025,
7208100,6.066788,,1.516697,
7209000,6.255719,,1.56392975,
7209900,6.518124,,1.629531,
7210800,6.633582,,1.6583955,
7211700,6.717551,,1.67938775,
7212600,6.770032,,1.692508,
7213500,6.969459,,1.74236475,
7214400,6.948467,,1.73711675,
7215300,6.864497,,1.71612425,
7216200,6.780528,,1.695132,
7217100,6.696559,,1.67413975,
7218000,6.539116,,1.634779,
7218900,6.360681,,1.59017025,
7219800,6.150758,,1.5376895,
7220700,5.856865,,1.46421625,
7221600,5.59446,,1.398615,
7222500,5.290071,,1.32251775,
7223400,4.96469,,1.2411725,
7224300,4.60782,,1.151955,
7225200,4.240454,,1.0601135,
7226100,3.862592,,0.965648,
7227000,3.463737,,0.86593425,
7227900,3.075379,,0.76884475,
7228800,2.676524,,0.669131,
7229700,2.256677,,0.56416925,
7230600,1.83683,,0.4592075,
7231500,1.469464,,0.367366,
7232400,1.081106,,0.2702765,
7233300,0.71374,,0.178435,
7234200,0.409351,,0.10233775,
7235100,0.167939,,0.04198475,
7236000,0,,0,
7236900,0,,0,
7237800,0,,0,
7238700,0,,0,
7239600,0,,0,
7240500,0,,0,
7241400,0,,0,
7242300,0,,0,
7243200,0,,0,
7244100,0,,0,
7245000,0,,0,
7245900,0,,0,
7246800,0,,0,
7247700,0,,0,
7248600,0,,0,
7249500,0,,0,
7250400,0,,0,
7251300,0,,0,
7252200,0,,0,
7253100,0,,0,
7254000,0,,0,
7254900,0,,0,
7255800,0,,0,
7256700,0,,0,
7257600,0,,0,
7258500,0,,0,
7259400,0,,0,
7260300,0,,0,
7261200,0,,0,
7262100,0,,0,
7263000,0,,0,
7263900,0,,0,
7264800,0,,0,
7265700,0,,0,
7266600,0,,0,
7267500,0,,0,
7268400,0,,0,
7269300,0,,0,
7270200,0,,0,
7271100,0,,0,
7272000,0,,0,
7272900,0,,0,
7273800,0,,0,
7274700,0,,0,
7275600,0,,0,
7276500,0,,0,
7277400,0,,0,
7278300,0.209923,,0.05248075,
7279200,0.472328,,0.118082,
7280100,0.797709,,0.19942725,
7281000,1.175571,,0.29389275,
7281900,1.574426,,0.3936065,
7282800,1.983777,,0.49594425,
7283700,2.403624,,0.600906,
7284600,2.812974,,0.7032435,
7285500,3.211829,,0.80295725,
7286400,3.62118,,0.905295,
7287300,3.999042,,0.9997605,
7288200,4.376904,,1.094226,
7289100,4.712782,,1.1781955,
7290000,5.048659,,1.26216475,
7290900,5.363545,,1.34088625,
7291800,5.657437,,1.41435925,
7292700,5.919842,,1.4799605,
7293600,6.161254,,1.5403135,
7294500,6.371177,,1.59279425,
7295400,6.570605,,1.64265125,
7296300,6.707055,,1.67676375,
7297200,6.822513,,1.70562825,
7298100,6.927474,,1.7318685,
7299000,6.969459,,1.74236475,
7299900,6.927474,,1.7318685,
7300800,6.937971,,1.73449275,
7301700,6.88549,,1.7213725,
7302600,6.80152,,1.70038,
7303500,6.675566,,1.6688915,
7304400,6.518124,,1.629531,
7305300,6.339689,,1.58492225,
7306200,6.119269,,1.52981725,
7307100,5.867361,,1.46684025,
7308000,5.625949,,1.40648725,
7308900,5.332056,,1.333014,
7309800,4.985682,,1.2464205,
7310700,4.618316,,1.154579,
7311600,4.25095,,1.0627375,
7312500,3.883584,,0.970896,
7313400,3.48473,,0.8711825,
7314300,3.064883,,0.76622075,
7315200,2.655532,,0.663883,
7316100,2.246181,,0.56154525,
7317000,1.83683,,0.4592075,
7317900,1.437976,,0.359494,
7318800,1.060114,,0.2650285,
7319700,0.71374,,0.178435,
7320600,0.398855,,0.09971375,
7321500,0.167939,,0.04198475,
7322400,0,,0,
7323300,0,,0,
7324200,0,,0,
7325100,0,,0,
7326000,0,,0,
7326900,0,,0,
7327800,0,,0,
7328700,0,,0,
7329600,0,,0,
7330500,0,,0,
7331400,0,,0,
7332300,0,,0,
7333200,0,,0,
7334100,0,,0,
7335000,0,,0,
7335900,0,,0,
7336800,0,,0,
7337700,0,,0,
7338600,0,,0,
7339500,0,,0,
7340400,0,,0,
7341300,0,,0,
7342200,0,,0,
7343100,0,,0,
7344000,0,,0,
7344900,0,,0,
7345800,0,,0,
7346700,0,,0,
7347600,0,,0,
7348500,0,,0,
7349400,0,,0,
7350300,0,,0,
7351200,0,,0,
7352100,0,,0,
7353000,0,,0,
7353900,0,,0,
7354800,0,,0,
7355700,0,,0,
7356600,0,,0,
7357500,0,,0,
7358400,0,,0,
7359300,0,,0,
7360200,0,,0,
7361100,0,,0,
7362000,0,,0,
7362900,0,,0,
7363800,0,,0,
7364700,0.241412,,0.060353,
7365600,0.514312,,0.128578,
7366500,0.860686,,0.2151715,
7367400,1.228052,,0.307013,
7368300,1.647899,,0.41197475,
7369200,2.067746,,0.5169365,
7370100,2.487593,,0.62189825,
7371000,2.90744,,0.72686,
7371900,3.337783,,0.83444575,
7372800,3.747134,,0.9367835,
7373700,4.145988,,1.036497,
7374600,4.523851,,1.13096275,
7375500,4.891217,,1.22280425,
7376400,5.227094,,1.3067735,
7377300,5.54198,,1.385495,
7378200,5.835872,,1.458968,
7379100,6.119269,,1.52981725,
7380000,6.350185,,1.58754625,
7380900,6.560108,,1.640027,
7381800,6.738543,,1.68463575,
7382700,6.895986,,1.7239965,
7383600,6.979955,,1.74498875,
7384500,7.074421,,1.76860525,
7385400,7.126902,,1.7817255,
7386300,7.053428,,1.763357,
7387200,7.042932,,1.760733,
7388100,6.990451,,1.74761275,
7389000,6.895986,,1.7239965,
7389900,6.759536,,1.689884,
7390800,6.602093,,1.65052325,
7391700,6.413162,,1.6032905,
7392600,6.203238,,1.5508095,
7393500,5.930338,,1.4825845,
7394400,5.667934,,1.4169835,
7395300,5.374041,,1.34351025,
7396200,5.048659,,1.26216475,
7397100,4.691789,,1.17294725,
7398000,4.324423,,1.08110575,
7398900,3.957057,,0.98926425,
7399800,3.568699,,0.89217475,
7400700,3.138356,,0.784589,
7401600,2.729005,,0.68225125,
7402500,2.319654,,0.5799135,
7403400,1.899807,,0.47495175,
7404300,1.490457,,0.37261425,
7405200,1.112594,,0.2781485,
7406100,0.755724,,0.188931,
7407000,0.440839,,0.11020975,
7407900,0.188931,,0.04723275,
7408800,0,,0,
7409700,0,,0,
7410600,0,,0,
7411500,0,,0,
7412400,0,,0,
7413300,0,,0,
7414200,0,,0,
7415100,0,,0,
7416000,0,,0,
7416900,0,,0,
7417800,0,,0,
7418700,0,,0,
7419600,0,,0,
7420500,0,,0,
7421400,0,,0,
7422300,0,,0,
7423200,0,,0,
7424100,0,,0,
7425000,0,,0,
7425900,0,,0,
7426800,0,,0,
7427700,0,,0,
7428600,0,,0,
7429500,0,,0,
7430400,0,,0,
7431300,0,,0,
7432200,0,,0,
7433100,0,,0,
7434000,0,,0,
7434900,0,,0,
7435800,0,,0,
7436700,0,,0,
7437600,0,,0,
7438500,0,,0,
7439400,0,,0,
7440300,0,,0,
7441200,0,,0,
7442100,0,,0,
7443000,0,,0,
7443900,0,,0,
7444800,0,,0,
7445700,0,,0,
7446600,0,,0,
7447500,0,,0,
7448400,0,,0,
7449300,0,,0,
7450200,0,,0,
7451100,0.251908,,0.062977,
7452000,0.514312,,0.128578,
7452900,0.85019,,0.2125475,
7453800,1.217556,,0.304389,
7454700,1.637403,,0.40935075,
7455600,2.046754,,0.5116885,
7456500,2.445608,,0.611402,
7457400,2.865455,,0.71636375,
7458300,3.295798,,0.8239495,
7459200,3.705149,,0.92628725,
7460100,4.093508,,1.023377,
7461000,4.47137,,1.1178425,
7461900,4.775759,,1.19393975,
7462800,5.111636,,1.277909,
7463700,5.426522,,1.3566305,
7464600,5.730911,,1.43272775,
7465500,5.993315,,1.49832875,
7466400,6.234727,,1.55868175,
7467300,6.434154,,1.6085385,
7468200,6.602093,,1.65052325,
7469100,6.770032,,1.692508,
7470000,6.874994,,1.7187485,
7470900,6.958963,,1.73974075,
7471800,7.011444,,1.752861,
7472700,7.02194,,1.755485,
7473600,7.000948,,1.750237,
7474500,6.948467,,1.73711675,
7475400,6.864497,,1.71612425,
7476300,6.738543,,1.68463575,
7477200,6.591597,,1.64789925,
7478100,6.402666,,1.6006665,
7479000,6.192742,,1.5481855,
7479900,5.961826,,1.4904565,
7480800,5.709918,,1.4274795,
7481700,5.416025,,1.35400625,
7482600,5.10114,,1.275285,
7483500,4.786255,,1.19656375,
7484400,4.418889,,1.10472225,
7485300,4.030531,,1.00763275,
7486200,3.642172,,0.910543,
7487100,3.243318,,0.8108295,
7488000,2.844463,,0.71111575,
7488900,2.424616,,0.606154,
7489800,2.004769,,0.50119225,
7490700,1.605915,,0.40147875,
7491600,1.20706,,0.301765,
7492500,0.829198,,0.2072995,
7493400,0.49332,,0.12333,
7494300,0.230916,,0.057729,
7495200,0,,0,
7496100,0,,0,
7497000,0,,0,
7497900,0,,0,
7498800,0,,0,
7499700,0,,0,
7500600,0,,0,
7501500,0,,0,
7502400,0,,0,
7503300,0,,0,
7504200,0,,0,
7505100,0,,0,
7506000,0,,0,
7506900,0,,0,
7507800,0,,0,
7508700,0,,0,
7509600,0,,0,
7510500,0,,0,
7511400,0,,0,
7512300,0,,0,
7513200,0,,0,
7514100,0,,0,
7515000,0,,0,
7515900,0,,0,
7516800,0,,0,
7517700,0,,0,
7518600,0,,0,
7519500,0,,0,
7520400,0,,0,
7521300,0,,0,
7522200,0,,0,
7523100,0,,0,
7524000,0,,0,
7524900,0,,0,
7525800,0,,0,
7526700,0,,0,
7527600,0,,0,
7528500,0,,0,
7529400,0,,0,
7530300,0,,0,
7531200,0,,0,
7532100,0,,0,
7533000,0,,0,
7533900,0,,0,
7534800,0,,0,
7535700,0,,0,
7536600,0,,0,
7537500,0.283397,,0.07084925,
7538400,0.566793,,0.14169825,
7539300,0.913167,,0.22829175,
7540200,1.291029,,0.32275725,
7541100,1.710876,,0.427719,
7542000,2.130723,,0.53268075,
7542900,2.540074,,0.6350185,
7543800,2.959921,,0.73998025,
7544700,3.40076,,0.85019,
7545600,3.810111,,0.95252775,
7546500,4.208966,,1.0522415,
7547400,4.586828,,1.146707,
7548300,4.954194,,1.2385485,
7549200,5.300568,,1.325142,
7550100,5.59446,,1.398615,
7551000,5.888353,,1.47208825,
7551900,6.161254,,1.5403135,
7552800,6.402666,,1.6006665,
7553700,6.612589,,1.65314725,
7554600,6.791024,,1.697756,
7555500,6.958963,,1.73974075,
7556400,7.074421,,1.76860525,
7557300,7.147894,,1.7869735,
7558200,7.200375,,1.80009375,
7559100,7.179383,,1.79484575,
7560000,7.15839,,1.7895975,
7560900,7.105909,,1.77647725,
7561800,7.02194,,1.755485,
7562700,6.927474,,1.7318685,
7563600,6.770032,,1.692508,
7564500,6.591597,,1.64789925,
7565400,6.371177,,1.59279425,
7566300,6.140261,,1.53506525,
7567200,5.867361,,1.46684025,
7568100,5.562972,,1.390743,
7569000,5.248087,,1.31202175,
7569900,4.912209,,1.22805225,
7570800,4.544843,,1.13621075,
7571700,4.156485,,1.03912125,
7572600,3.75763,,0.9394075,
7573500,3.358775,,0.83969375,
7574400,2.938929,,0.73473225,
7575300,2.508585,,0.62714625,
7576200,2.088738,,0.5221845,
7577100,1.668892,,0.417223,
7578000,1.270037,,0.31750925,
7578900,0.881679,,0.22041975,
7579800,0.545801,,0.13645025,
7580700,0.262404,,0.065601,
7581600,0,,0,
7582500,0,,0,
7583400,0,,0,
7584300,0,,0,
7585200,0,,0,
7586100,0,,0,
7587000,0,,0,
7587900,0,,0,
7588800,0,,0,
7589700,0,,0,
7590600,0,,0,
7591500,0,,0,
7592400,0,,0,
7593300,0,,0,
7594200,0,,0,
7595100,0,,0,
7596000,0,,0,
7596900,0,,0,
7597800,0,,0,
7598700,0,,0,
7599600,0,,0,
7600500,0,,0,
7601400,0,,0,
7602300,0,,0,
7603200,0,,0,
7604100,0,,0,
7605000,0,,0,
7605900,0,,0,
7606800,0,,0,
7607700,0,,0,
7608600,0,,0,
7609500,0,,0,
7610400,0,,0,
7611300,0,,0,
7612200,0,,0,
7613100,0,,0,
7614000,0,,0,
7614900,0,,0,
7615800,0,,0,
7616700,0,,0,
7617600,0,,0,
7618500,0,,0,
7619400,0,,0,
7620300,0,,0,
7621200,0,,0,
7622100,0,,0,
7623000,0.115458,,0.0288645,
7623900,0.325381,,0.08134525,
7624800,0.62977,,0.1574425,
7625700,0.98664,,0.24666,
7626600,1.374999,,0.34374975,
7627500,1.784349,,0.44608725,
7628400,2.1937,,0.548425,
7629300,2.624043,,0.65601075,
7630200,3.04389,,0.7609725,
7631100,3.463737,,0.86593425,
7632000,3.873088,,0.968272,
7632900,4.271943,,1.06798575,
7633800,4.628812,,1.157203,
7634700,4.922705,,1.23067625,
7635600,5.258583,,1.31464575,
7636500,5.573468,,1.393367,
7637400,5.867361,,1.46684025,
7638300,6.129765,,1.53244125,
7639200,6.360681,,1.59017025,
7640100,6.549612,,1.637403,
7641000,6.728047,,1.68201175,
7641900,6.864497,,1.71612425,
7642800,6.979955,,1.74498875,
7643700,7.063925,,1.76598125,
7644600,7.105909,,1.77647725,
7645500,6.990451,,1.74761275,
7646400,6.969459,,1.74236475,
7647300,6.916978,,1.7292445,
7648200,6.822513,,1.70562825,
7649100,6.707055,,1.67676375,
7650000,6.549612,,1.637403,
7650900,6.371177,,1.59279425,
7651800,6.17175,,1.5429375,
7652700,5.898849,,1.47471225,
7653600,5.625949,,1.40648725,
7654500,5.332056,,1.333014,
7655400,5.017171,,1.25429275,
7656300,4.586828,,1.146707,
7657200,4.229958,,1.0574895,
7658100,3.862592,,0.965648,
7659000,3.474233,,0.86855825,
7659900,3.064883,,0.76622075,
7660800,2.666028,,0.666507,
7661700,2.267173,,0.56679325,
7662600,1.868319,,0.46707975,
7663500,1.469464,,0.367366,
7664400,1.102098,,0.2755245,
7665300,0.745228,,0.186307,
7666200,0.440839,,0.11020975,
7667100,0.188931,,0.04723275,
7668000,0,,0,
7668900,0,,0,
7669800,0,,0,
7670700,0,,0,
7671600,0,,0,
7672500,0,,0,
7673400,0,,0,
7674300,0,,0,
7675200,0,,0,
7676100,0,,0,
7677000,0,,0,
7677900,0,,0,
7678800,0,,0,
7679700,0,,0,
7680600,0,,0,
7681500,0,,0,
7682400,0,,0,
7683300,0,,0,
7684200,0,,0,
7685100,0,,0,
7686000,0,,0,
7686900,0,,0,
7687800,0,,0,
7688700,0,,0,
7689600,0,,0,
7690500,0,,0,
7691400,0,,0,
7692300,0,,0,
7693200,0,,0,
7694100,0,,0,
7695000,0,,0,
7695900,0,,0,
7696800,0,,0,
7697700,0,,0,
7698600,0,,0,
7699500,0,,0,
7700400,0,,0,
7701300,0,,0,
7702200,0,,0,
7703100,0,,0,
7704000,0,,0,
7704900,0,,0,
7705800,0,,0,
7706700,0,,0,
7707600,0,,0,
7708500,0,,0,
7709400,0.083969,,0.02099225,
7710300,0.272901,,0.06822525,
7711200,0.545801,,0.13645025,
7712100,0.871182,,0.2177955,
7713000,1.238548,,0.309637,
7713900,1.605915,,0.40147875,
7714800,2.004769,,0.50119225,
7715700,2.393128,,0.598282,
7716600,2.791982,,0.6979955,
7717500,3.190837,,0.79770925,
7718400,3.579195,,0.89479875,
7719300,3.957057,,0.98926425,
7720200,4.324423,,1.08110575,
7721100,4.649805,,1.16245125,
7722000,4.975186,,1.2437965,
7722900,5.300568,,1.325142,
7723800,5.583964,,1.395991,
7724700,5.846369,,1.46159225,
7725600,6.066788,,1.516697,
7726500,6.276712,,1.569178,
7727400,6.44465,,1.6111625,
7728300,6.623085,,1.65577125,
7729200,6.728047,,1.68201175,
7730100,6.812017,,1.70300425,
7731000,6.854001,,1.71350025,
7731900,6.864497,,1.71612425,
7732800,6.833009,,1.70825225,
7733700,6.780528,,1.695132,
7734600,6.696559,,1.67413975,
7735500,6.633582,,1.6583955,
7736400,6.486635,,1.62165875,
7737300,6.3082,,1.57705,
7738200,6.098277,,1.52456925,
7739100,5.898849,,1.47471225,
7740000,5.636445,,1.40911125,
7740900,5.342552,,1.335638,
7741800,5.027667,,1.25691675,
7742700,4.74427,,1.1860675,
7743600,4.366408,,1.091602,
7744500,3.999042,,0.9997605,
7745400,3.610684,,0.902671,
7746300,3.243318,,0.8108295,
7747200,2.833967,,0.70849175,
7748100,2.435112,,0.608778,
7749000,2.025761,,0.50644025,
7749900,1.637403,,0.40935075,
7750800,1.238548,,0.309637,
7751700,0.871182,,0.2177955,
7752600,0.535305,,0.13382625,
7753500,0.272901,,0.06822525,
7754400,0,,0,
7755300,0,,0,
7756200,0,,0,
7757100,0,,0,
7758000,0,,0,
7758900,0,,0,
7759800,0,,0,
7760700,0,,0,
7761600,0,,0,
7762500,0,,0,
7763400,0,,0,
7764300,0,,0,
7765200,0,,0,
7766100,0,,0,
7767000,0,,0,
7767900,0,,0,
7768800,0,,0,
7769700,0,,0,
7770600,0,,0,
7771500,0,,0,
7772400,0,,0,
7773300,0,,0,
7774200,0,,0,
7775100,0,,0,
7776000,0,,0,
7776900,0,,0,
7777800,0,,0,
7778700,0,,0,
7779600,0,,0,
7780500,0,,0,
7781400,0,,0,
7782300,0,,0,
7783200,0,,0,
7784100,0,,0,
7785000,0,,0,
7785900,0,,0,
7786800,0,,0,
7787700,0,,0,
7788600,0,,0,
7789500,0,,0,
7790400,0,,0,
7791300,0,,0,
7792200,0,,0,
7793100,0,,0,
7794000,0,,0,
7794900,0,,0,
7795800,0.167939,,0.04198475,
7796700,0.419847,,0.10496175,
7797600,0.734732,,0.183683,
7798500,1.102098,,0.2755245,
7799400,1.500953,,0.37523825,
7800300,1.931296,,0.482824,
7801200,2.361639,,0.59040975,
7802100,2.791982,,0.6979955,
7803000,3.222325,,0.80558125,
7803900,3.652668,,0.913167,
7804800,4.072515,,1.01812875,
7805700,4.47137,,1.1178425,
7806600,4.849232,,1.212308,
7807500,5.23759,,1.3093975,
7808400,5.583964,,1.395991,
7809300,5.898849,,1.47471225,
7810200,6.192742,,1.5481855,
7811100,6.465643,,1.61641075,
7812000,6.707055,,1.67676375,
7812900,6.916978,,1.7292445,
7813800,7.095413,,1.77385325,
7814700,7.24236,,1.81059,
7815600,7.357818,,1.8394545,
7816500,7.399802,,1.8499505,
7817400,7.441787,,1.86044675,
7818300,7.462779,,1.86569475,
7819200,7.441787,,1.86044675,
7820100,7.37881,,1.8447025,
7821000,7.29484,,1.82371,
7821900,7.168886,,1.7922215,
7822800,7.011444,,1.752861,
7823700,6.822513,,1.70562825,
7824600,6.602093,,1.65052325,
7825500,6.350185,,1.58754625,
7826400,6.077284,,1.519321,
7827300,5.751903,,1.43797575,
7828200,5.426522,,1.3566305,
7829100,5.069652,,1.267413,
7830000,4.702286,,1.1755715,
7830900,4.313927,,1.07848175,
7831800,3.915073,,0.97876825,
7832700,3.48473,,0.8711825,
7833600,3.064883,,0.76622075,
7834500,2.645036,,0.661259,
7835400,2.214693,,0.55367325,
7836300,1.773853,,0.44346325,
7837200,1.364503,,0.34112575,
7838100,0.976144,,0.244036,
7839000,0.62977,,0.1574425,
7839900,0.325381,,0.08134525,
7840800,0.115458,,0.0288645,
7841700,0,,0,
7842600,0,,0,
7843500,0,,0,
7844400,0,,0,
7845300,0,,0,
7846200,0,,0,
7847100,0,,0,
7848000,0,,0,
7848900,0,,0,
7849800,0,,0,
7850700,0,,0,
7851600,0,,0,
7852500,0,,0,
7853400,0,,0,
7854300,0,,0,
7855200,0,,0,
7856100,0,,0,
7857000,0,,0,
7857900,0,,0,
7858800,0,,0,
7859700,0,,0,
7860600,0,,0,
7861500,0,,0,
7862400,0,,0,
7863300,0,,0,
7864200,0,,0,
7865100,0,,0,
7866000,0,,0,
7866900,0,,0,
7867800,0,,0,
7868700,0,,0,
7869600,0,,0,
7870500,0,,0,
7871400,0,,0,
7872300,0,,0,
7873200,0,,0,
7874100,0,,0,
7875000,0,,0,
7875900,0,,0,
7876800,0,,0,
7877700,0,,0,
7878600,0,,0,
7879500,0,,0,
7880400,0,,0,
7881300,0,,0,
7882200,0.167939,,0.04198475,
7883100,0.409351,,0.10233775,
7884000,0.71374,,0.178435,
7884900,1.07061,,0.2676525,
7885800,1.448472,,0.362118,
7886700,1.83683,,0.4592075,
7887600,2.235685,,0.55892125,
7888500,2.655532,,0.663883,
7889400,3.054386,,0.7635965,
7890300,3.432249,,0.85806225,
7891200,3.820607,,0.95515175,
7892100,4.187973,,1.04699325,
7893000,4.555339,,1.13883475,
7893900,4.870224,,1.217556,
7894800,5.18511,,1.2962775,
7895700,5.489499,,1.37237475,
7896600,5.751903,,1.43797575,
7897500,5.961826,,1.4904565,
7898400,6.161254,,1.5403135,
7899300,6.39217,,1.5980425,
7900200,6.560108,,1.640027,
7901100,6.570605,,1.64265125,
7902000,6.675566,,1.6688915,
7902900,6.780528,,1.695132,
7903800,6.80152,,1.70038,
7904700,6.696559,,1.67413975,
7905600,6.707055,,1.67676375,
7906500,6.654574,,1.6636435,
7907400,6.570605,,1.64265125,
7908300,6.402666,,1.6006665,
7909200,6.255719,,1.56392975,
7910100,6.077284,,1.519321,
7911000,5.888353,,1.47208825,
7911900,5.720414,,1.4301035,
7912800,5.45801,,1.3645025,
7913700,5.143125,,1.28578125,
7914600,4.838736,,1.209684,
7915500,4.60782,,1.151955,
7916400,4.261446,,1.0653615,
7917300,3.89408,,0.97352,
7918200,3.516218,,0.8790545,
7919100,3.148852,,0.787213,
7920000,2.749997,,0.68749925,
7920900,2.340647,,0.58516175,
7921800,1.952288,,0.488072,
7922700,1.542937,,0.38573425,
7923600,1.165075,,0.29126875,
7924500,0.818702,,0.2046755,
7925400,0.49332,,0.12333,
7926300,0.22042,,0.055105,
7927200,0.062977,,0.01574425,
7928100,0,,0,
7929000,0,,0,
7929900,0,,0,
7930800,0,,0,
7931700,0,,0,
7932600,0,,0,
7933500,0,,0,
7934400,0,,0,
7935300,0,,0,
7936200,0,,0,
7937100,0,,0,
7938000,0,,0,
7938900,0,,0,
7939800,0,,0,
7940700,0,,0,
7941600,0,,0,
7942500,0,,0,
7943400,0,,0,
7944300,0,,0,
7945200,0,,0,
7946100,0,,0,
7947000,0,,0,
7947900,0,,0,
7948800,0,,0,
7949700,0,,0,
7950600,0,,0,
7951500,0,,0,
7952400,0,,0,
7953300,0,,0,
7954200,0,,0,
7955100,0,,0,
7956000,0,,0,
7956900,0,,0,
7957800,0,,0,
7958700,0,,0,
7959600,0,,0,
7960500,0,,0,
7961400,0,,0,
7962300,0,,0,
7963200,0,,0,
7964100,0,,0,
7965000,0,,0,
7965900,0,,0,
7966800,0,,0,
7967700,0,,0,
7968600,0.22042,,0.055105,
7969500,0.49332,,0.12333,
7970400,0.818702,,0.2046755,
7971300,1.186068,,0.296517,
7972200,1.584922,,0.3962305,
7973100,2.004769,,0.50119225,
7974000,2.424616,,0.606154,
7974900,2.854959,,0.71373975,
7975800,3.274806,,0.8187015,
7976700,3.726142,,0.9315355,
7977600,4.145988,,1.036497,
7978500,4.544843,,1.13621075,
7979400,4.922705,,1.23067625,
7980300,5.279575,,1.31989375,
7981200,5.615453,,1.40386325,
7982100,5.930338,,1.4825845,
7983000,6.224231,,1.55605775,
7983900,6.486635,,1.62165875,
7984800,6.728047,,1.68201175,
7985700,6.927474,,1.7318685,
7986600,7.095413,,1.77385325,
7987500,7.273848,,1.818462,
7988400,7.37881,,1.8447025,
7989300,7.462779,,1.86569475,
7990200,7.494268,,1.873567,
7991100,7.578237,,1.89455925,
7992000,7.557245,,1.88931125,
7992900,7.504764,,1.876191,
7993800,7.399802,,1.8499505,
7994700,7.29484,,1.82371,
7995600,7.137398,,1.7843495,
7996500,6.948467,,1.73711675,
7997400,6.728047,,1.68201175,
7998300,6.497131,,1.62428275,
7999200,6.224231,,1.55605775,
8000100,5.919842,,1.4799605,
8001000,5.59446,,1.398615,
8001900,5.248087,,1.31202175,
8002800,4.880721,,1.22018025,
8003700,4.492362,,1.1230905,
8004600,4.083011,,1.02075275,
8005500,3.663164,,0.915791,
8006400,3.243318,,0.8108295,
8007300,2.812974,,0.7032435,
8008200,2.372135,,0.59303375,
8009100,1.941792,,0.485448,
8010000,1.521945,,0.38048625,
8010900,1.123091,,0.28077275,
8011800,0.745228,,0.186307,
8012700,0.419847,,0.10496175,
8013600,0.178435,,0.04460875,
8014500,0,,0,
8015400,0,,0,
8016300,0,,0,
8017200,0,,0,
8018100,0,,0,
8019000,0,,0,
8019900,0,,0,
8020800,0,,0,
8021700,0,,0,
8022600,0,,0,
8023500,0,,0,
8024400,0,,0,
8025300,0,,0,
8026200,0,,0,
8027100,0,,0,
8028000,0,,0,
8028900,0,,0,
8029800,0,,0,
8030700,0,,0,
8031600,0,,0,
8032500,0,,0,
8033400,0,,0,
8034300,0,,0,
8035200,0,,0,
8036100,0,,0,
8037000,0,,0,
8037900,0,,0,
8038800,0,,0,
8039700,0,,0,
8040600,0,,0,
8041500,0,,0,
8042400,0,,0,
8043300,0,,0,
8044200,0,,0,
8045100,0,,0,
8046000,0,,0,
8046900,0,,0,
8047800,0,,0,
8048700,0,,0,
8049600,0,,0,
8050500,0,,0,
8051400,0,,0,
8052300,0,,0,
8053200,0,,0,
8054100,0,,0,
8055000,0.283397,,0.07084925,
8055900,0.556297,,0.13907425,
8056800,0.902671,,0.22566775,
8057700,1.280533,,0.32013325,
8058600,1.689884,,0.422471,
8059500,2.109731,,0.52743275,
8060400,2.540074,,0.6350185,
8061300,2.970417,,0.74260425,
8062200,3.390264,,0.847566,
8063100,3.810111,,0.95252775,
8064000,4.219462,,1.0548655,
8064900,4.618316,,1.154579,
8065800,4.996179,,1.24904475,
8066700,5.311064,,1.327766,
8067600,5.646941,,1.41173525,
8068500,5.961826,,1.4904565,
8069400,6.255719,,1.56392975,
8070300,6.497131,,1.62428275,
8071200,6.728047,,1.68201175,
8072100,6.927474,,1.7318685,
8073000,7.105909,,1.77647725,
8073900,7.252856,,1.813214,
8074800,7.336825,,1.83420625,
8075700,7.410298,,1.8525745,
8076600,7.452283,,1.86307075,
8077500,7.525756,,1.881439,
8078400,7.504764,,1.876191,
8079300,7.441787,,1.86044675,
8080200,7.347321,,1.83683025,
8081100,7.231863,,1.80796575,
8082000,7.074421,,1.76860525,
8082900,6.88549,,1.7213725,
8083800,6.66507,,1.6662675,
8084700,6.413162,,1.6032905,
8085600,6.140261,,1.53506525,
8086500,5.835872,,1.458968,
8087400,5.531483,,1.38287075,
8088300,5.153621,,1.28840525,
8089200,4.786255,,1.19656375,
8090100,4.408393,,1.10209825,
8091000,3.999042,,0.9997605,
8091900,3.589691,,0.89742275,
8092800,3.159348,,0.789837,
8093700,2.739501,,0.68487525,
8094600,2.309158,,0.5772895,
8095500,1.899807,,0.47495175,
8096400,1.490457,,0.37261425,
8097300,1.091602,,0.2729005,
8098200,0.734732,,0.183683,
8099100,0.409351,,0.10233775,
8100000,0.167939,,0.04198475,
8100900,0,,0,
8101800,0,,0,
8102700,0,,0,
8103600,0,,0,
8104500,0,,0,
8105400,0,,0,
8106300,0,,0,
8107200,0,,0,
8108100,0,,0,
8109000,0,,0,
8109900,0,,0,
8110800,0,,0,
8111700,0,,0,
8112600,0,,0,
8113500,0,,0,
8114400,0,,0,
8115300,0,,0,
8116200,0,,0,
8117100,0,,0,
8118000,0,,0,
8118900,0,,0,
8119800,0,,0,
8120700,0,,0,
8121600,0,,0,
8122500,0,,0,
8123400,0,,0,
8124300,0,,0,
8125200,0,,0,
8126100,0,,0,
8127000,0,,0,
8127900,0,,0,
8128800,0,,0,
8129700,0,,0,
8130600,0,,0,
8131500,0,,0,
8132400,0,,0,
8133300,0,,0,
8134200,0,,0,
8135100,0,,0,
8136000,0,,0,
8136900,0,,0,
8137800,0,,0,
8138700,0,,0,
8139600,0,,0,
8140500,0.094466,,0.0236165,
8141400,0.304389,,0.07609725,
8142300,0.587786,,0.1469465,
8143200,0.944656,,0.236164,
8144100,1.333014,,0.3332535,
8145000,1.742365,,0.43559125,
8145900,2.172708,,0.543177,
8146800,2.613547,,0.65338675,
8147700,3.04389,,0.7609725,
8148600,3.474233,,0.86855825,
8149500,3.925569,,0.98139225,
8150400,4.345416,,1.086354,
8151300,4.74427,,1.1860675,
8152200,5.122133,,1.28053325,
8153100,5.499995,,1.37499875,
8154000,5.846369,,1.46159225,
8154900,6.140261,,1.53506525,
8155800,6.423658,,1.6059145,
8156700,6.707055,,1.67676375,
8157600,6.937971,,1.73449275,
8158500,7.147894,,1.7869735,
8159400,7.315833,,1.82895825,
8160300,7.431291,,1.85782275,
8161200,7.546749,,1.88668725,
8162100,7.630718,,1.9076795,
8163000,7.672703,,1.91817575,
8163900,7.51526,,1.878815,
8164800,7.504764,,1.876191,
8165700,7.441787,,1.86044675,
8166600,7.368314,,1.8420785,
8167500,7.126902,,1.7817255,
8168400,6.979955,,1.74498875,
8169300,6.791024,,1.697756,
8170200,6.581101,,1.64527525,
8171100,6.234727,,1.55868175,
8172000,5.972323,,1.49308075,
8172900,5.667934,,1.4169835,
8173800,5.353048,,1.338262,
8174700,4.912209,,1.22805225,
8175600,4.565835,,1.14145875,
8176500,4.187973,,1.04699325,
8177400,3.799615,,0.94990375,
8178300,3.348279,,0.83706975,
8179200,2.938929,,0.73473225,
8180100,2.529578,,0.6323945,
8181000,2.130723,,0.53268075,
8181900,1.710876,,0.427719,
8182800,1.322518,,0.3306295,
8183700,0.955152,,0.238788,
8184600,0.619274,,0.1548185,
8185500,0.325381,,0.08134525,
8186400,0.115458,,0.0288645,
8187300,0,,0,
8188200,0,,0,
8189100,0,,0,
8190000,0,,0,
8190900,0,,0,
8191800,0,,0,
8192700,0,,0,
8193600,0,,0,
8194500,0,,0,
8195400,0,,0,
8196300,0,,0,
8197200,0,,0,
8198100,0,,0,
8199000,0,,0,
8199900,0,,0,
8200800,0,,0,
8201700,0,,0,
8202600,0,,0,
8203500,0,,0,
8204400,0,,0,
8205300,0,,0,
8206200,0,,0,
8207100,0,,0,
8208000,0,,0,
8208900,0,,0,
8209800,0,,0,
8210700,0,,0,
8211600,0,,0,
8212500,0,,0,
8213400,0,,0,
8214300,0,,0,
8215200,0,,0,
8216100,0,,0,
8217000,0,,0,
8217900,0,,0,
8218800,0,,0,
8219700,0,,0,
8220600,0,,0,
8221500,0,,0,
8222400,0,,0,
8223300,0,,0,
8224200,0,,0,
8225100,0,,0,
8226000,0,,0,
8226900,0.073473,,0.01836825,
8227800,0.251908,,0.062977,
8228700,0.535305,,0.13382625,
8229600,0.871182,,0.2177955,
8230500,1.228052,,0.307013,
8231400,1.605915,,0.40147875,
8232300,2.025761,,0.50644025,
8233200,2.435112,,0.608778,
8234100,2.844463,,0.71111575,
8235000,3.253814,,0.8134535,
8235900,3.705149,,0.92628725,
8236800,4.104004,,1.026001,
8237700,4.492362,,1.1230905,
8238600,4.859728,,1.214932,
8239500,5.195606,,1.2989015,
8240400,5.531483,,1.38287075,
8241300,5.835872,,1.458968,
8242200,6.119269,,1.52981725,
8243100,6.413162,,1.6032905,
8244000,6.623085,,1.65577125,
8244900,6.822513,,1.70562825,
8245800,6.990451,,1.74761275,
8246700,7.179383,,1.79484575,
8247600,7.284344,,1.821086,
8248500,7.357818,,1.8394545,
8249400,7.399802,,1.8499505,
8250300,7.389306,,1.8473265,
8251200,7.368314,,1.8420785,
8252100,7.305337,,1.82633425,
8253000,7.210871,,1.80271775,
8253900,7.105909,,1.77647725,
8254800,6.927474,,1.7318685,
8255700,6.738543,,1.68463575,
8256600,6.52862,,1.632155,
8257500,6.287208,,1.571802,
8258400,6.024804,,1.506201,
8259300,5.720414,,1.4301035,
8260200,5.405529,,1.35138225,
8261100,5.048659,,1.26216475,
8262000,4.691789,,1.17294725,
8262900,4.313927,,1.07848175,
8263800,3.925569,,0.98139225,
8264700,3.495226,,0.8738065,
8265600,3.085875,,0.77146875,
8266500,2.676524,,0.669131,
8267400,2.267173,,0.56679325,
8268300,1.857823,,0.46445575,
8269200,1.458968,,0.364742,
8270100,1.081106,,0.2702765,
8271000,0.745228,,0.186307,
8271900,0.430343,,0.10758575,
8272800,0.188931,,0.04723275,
8273700,0,,0,
8274600,0,,0,
8275500,0,,0,
8276400,0,,0,
8277300,0,,0,
8278200,0,,0,
8279100,0,,0,
8280000,0,,0,
8280900,0,,0,
8281800,0,,0,
8282700,0,,0,
8283600,0,,0,
8284500,0,,0,
8285400,0,,0,
8286300,0,,0,
8287200,0,,0,
8288100,0,,0,
8289000,0,,0,
8289900,0,,0,
8290800,0,,0,
8291700,0,,0,
8292600,0,,0,
8293500,0,,0,
8294400,0,,0,
8295300,0,,0,
8296200,0,,0,
8297100,0,,0,
8298000,0,,0,
8298900,0,,0,
8299800,0,,0,
8300700,0,,0,
8301600,0,,0,
8302500,0,,0,
8303400,0,,0,
8304300,0,,0,
8305200,0,,0,
8306100,0,,0,
8307000,0,,0,
8307900,0,,0,
8308800,0,,0,
8309700,0,,0,
8310600,0,,0,
8311500,0,,0,
8312400,0,,0,
8313300,0.094466,,0.0236165,
8314200,0.283397,,0.07084925,
8315100,0.57729,,0.1443225,
8316000,0.902671,,0.22566775,
8316900,1.270037,,0.31750925,
8317800,1.658395,,0.41459875,
8318700,2.099235,,0.52480875,
8319600,2.498089,,0.62452225,
8320500,2.90744,,0.72686,
8321400,3.327287,,0.83182175,
8322300,3.789119,,0.94727975,
8323200,4.187973,,1.04699325,
8324100,4.565835,,1.14145875,
8325000,4.933201,,1.23330025,
8325900,5.353048,,1.338262,
8326800,5.67843,,1.4196075,
8327700,5.993315,,1.49832875,
8328600,6.276712,,1.569178,
8329500,6.560108,,1.640027,
8330400,6.791024,,1.697756,
8331300,6.990451,,1.74761275,
8332200,7.15839,,1.7895975,
8333100,7.315833,,1.82895825,
8334000,7.420795,,1.85519875,
8334900,7.494268,,1.873567,
8335800,7.525756,,1.881439,
8336700,7.462779,,1.86569475,
8337600,7.431291,,1.85782275,
8338500,7.37881,,1.8447025,
8339400,7.284344,,1.821086,
8340300,7.15839,,1.7895975,
8341200,6.979955,,1.74498875,
8342100,6.791024,,1.697756,
8343000,6.570605,,1.64265125,
8343900,6.329193,,1.58229825,
8344800,6.056292,,1.514073,
8345700,5.741407,,1.43535175,
8346600,5.426522,,1.3566305,
8347500,5.048659,,1.26216475,
8348400,4.691789,,1.17294725,
8349300,4.313927,,1.07848175,
8350200,3.925569,,0.98139225,
8351100,3.495226,,0.8738065,
8352000,3.096371,,0.77409275,
8352900,2.68702,,0.671755,
8353800,2.27767,,0.5694175,
8354700,1.868319,,0.46707975,
8355600,1.47996,,0.36999,
8356500,1.102098,,0.2755245,
8357400,0.755724,,0.188931,
8358300,0.440839,,0.11020975,
8359200,0.188931,,0.04723275,
8360100,0,,0,
8361000,0,,0,
8361900,0,,0,
8362800,0,,0,
8363700,0,,0,
8364600,0,,0,
8365500,0,,0,
8366400,0,,0,
8367300,0,,0,
8368200,0,,0,
8369100,0,,0,
8370000,0,,0,
8370900,0,,0,
8371800,0,,0,
8372700,0,,0,
8373600,0,,0,
8374500,0,,0,
8375400,0,,0,
8376300,0,,0,
8377200,0,,0,
8378100,0,,0,
8379000,0,,0,
8379900,0,,0,
8380800,0,,0,
8381700,0,,0,
8382600,0,,0,
8383500,0,,0,
8384400,0,,0,
8385300,0,,0,
8386200,0,,0,
8387100,0,,0,
8388000,0,,0,
8388900,0,,0,
8389800,0,,0,
8390700,0,,0,
8391600,0,,0,
8392500,0,,0,
8393400,0,,0,
8394300,0,,0,
8395200,0,,0,
8396100,0,,0,
8397000,0,,0,
8397900,0,,0,
8398800,0,,0,
8399700,0.125954,,0.0314885,
8400600,0.335878,,0.0839695,
8401500,0.62977,,0.1574425,
8402400,0.965648,,0.241412,
8403300,1.333014,,0.3332535,
8404200,1.721372,,0.430343,
8405100,2.120227,,0.53005675,
8406000,2.540074,,0.6350185,
8406900,2.949425,,0.73735625,
8407800,3.358775,,0.83969375,
8408700,3.768126,,0.9420315,
8409600,4.156485,,1.03912125,
8410500,4.534347,,1.13358675,
8411400,4.901713,,1.22542825,
8412300,5.069652,,1.267413,
8413200,5.395033,,1.34875825,
8414100,5.699422,,1.4248555,
8415000,5.972323,,1.49308075,
8415900,6.224231,,1.55605775,
8416800,6.455147,,1.61378675,
8417700,6.644078,,1.6610195,
8418600,6.791024,,1.697756,
8419500,6.927474,,1.7318685,
8420400,7.032436,,1.758109,
8421300,7.105909,,1.77647725,
8422200,7.137398,,1.7843495,
8423100,6.979955,,1.74498875,
8424000,6.958963,,1.73974075,
8424900,6.916978,,1.7292445,
8425800,6.833009,,1.70825225,
8426700,6.675566,,1.6688915,
8427600,6.52862,,1.632155,
8428500,6.339689,,1.58492225,
8429400,6.119269,,1.52981725,
8430300,5.898849,,1.47471225,
8431200,5.636445,,1.40911125,
8432100,5.353048,,1.338262,
8433000,5.048659,,1.26216475,
8433900,4.712782,,1.1781955,
8434800,4.366408,,1.091602,
8435700,3.988546,,0.9971365,
8436600,3.62118,,0.905295,
8437500,3.243318,,0.8108295,
8438400,2.865455,,0.71636375,
8439300,2.477097,,0.61927425,
8440200,2.078242,,0.5195605,
8441100,1.710876,,0.427719,
8442000,1.322518,,0.3306295,
8442900,0.965648,,0.241412,
8443800,0.62977,,0.1574425,
8444700,0.35687,,0.0892175,
8445600,0.146946,,0.0367365,
8446500,0,,0,
8447400,0,,0,
8448300,0,,0,
8449200,0,,0,
8450100,0,,0,
8451000,0,,0,
8451900,0,,0,
8452800,0,,0,
8453700,0,,0,
8454600,0,,0,
8455500,0,,0,
8456400,0,,0,
8457300,0,,0,
8458200,0,,0,
8459100,0,,0,
8460000,0,,0,
8460900,0,,0,
8461800,0,,0,
8462700,0,,0,
8463600,0,,0,
8464500,0,,0,
8465400,0,,0,
8466300,0,,0,
8467200,0,,0,
8468100,0,,0,
8469000,0,,0,
8469900,0,,0,
8470800,0,,0,
8471700,0,,0,
8472600,0,,0,
8473500,0,,0,
8474400,0,,0,
8475300,0,,0,
8476200,0,,0,
8477100,0,,0,
8478000,0,,0,
8478900,0,,0,
8479800,0,,0,
8480700,0,,0,
8481600,0,,0,
8482500,0,,0,
8483400,0,,0,
8484300,0,,0,
8485200,0,,0,
8486100,0.13645,,0.0341125,
8487000,0.35687,,0.0892175,
8487900,0.650763,,0.16269075,
8488800,0.997136,,0.249284,
8489700,1.364503,,0.34112575,
8490600,1.752861,,0.43821525,
8491500,2.183204,,0.545801,
8492400,2.582059,,0.64551475,
8493300,2.991409,,0.74785225,
8494200,3.40076,,0.85019,
8495100,3.799615,,0.94990375,
8496000,4.198469,,1.04961725,
8496900,4.576332,,1.144083,
8497800,4.933201,,1.23330025,
8498700,5.311064,,1.327766,
8499600,5.636445,,1.40911125,
8500500,5.940834,,1.4852085,
8501400,6.224231,,1.55605775,
8502300,6.486635,,1.62165875,
8503200,6.717551,,1.67938775,
8504100,6.906482,,1.7266205,
8505000,7.095413,,1.77385325,
8505900,7.24236,,1.81059,
8506800,7.347321,,1.83683025,
8507700,7.410298,,1.8525745,
8508600,7.431291,,1.85782275,
8509500,7.410298,,1.8525745,
8510400,7.37881,,1.8447025,
8511300,7.326329,,1.83158225,
8512200,7.231863,,1.80796575,
8513100,7.105909,,1.77647725,
8514000,6.948467,,1.73711675,
8514900,6.759536,,1.689884,
8515800,6.549612,,1.637403,
8516700,6.3082,,1.57705,
8517600,6.0353,,1.508825,
8518500,5.741407,,1.43535175,
8519400,5.426522,,1.3566305,
8520300,5.090644,,1.272661,
8521200,4.733774,,1.1834435,
8522100,4.366408,,1.091602,
8523000,3.988546,,0.9971365,
8523900,3.610684,,0.902671,
8524800,3.201333,,0.80033325,
8525700,2.791982,,0.6979955,
8526600,2.372135,,0.59303375,
8527500,1.983777,,0.49594425,
8528400,1.584922,,0.3962305,
8529300,1.20706,,0.301765,
8530200,0.839694,,0.2099235,
8531100,0.524809,,0.13120225,
8532000,0.262404,,0.065601,
8532900,0,,0,
8533800,0,,0,
8534700,0,,0,
8535600,0,,0,
8536500,0,,0,
8537400,0,,0,
8538300,0,,0,
8539200,0,,0,
8540100,0,,0,
8541000,0,,0,
8541900,0,,0,
8542800,0,,0,
8543700,0,,0,
8544600,0,,0,
8545500,0,,0,
8546400,0,,0,
8547300,0,,0,
8548200,0,,0,
8549100,0,,0,
8550000,0,,0,
8550900,0,,0,
8551800,0,,0,
8552700,0,,0,
8553600,0,,0,
8554500,0,,0,
8555400,0,,0,
8556300,0,,0,
8557200,0,,0,
8558100,0,,0,
8559000,0,,0,
8559900,0,,0,
8560800,0,,0,
8561700,0,,0,
8562600,0,,0,
8563500,0,,0,
8564400,0,,0,
8565300,0,,0,
8566200,0,,0,
8567100,0,,0,
8568000,0,,0,
8568900,0,,0,
8569800,0,,0,
8570700,0,,0,
8571600,0,,0,
8572500,0.251908,,0.062977,
8573400,0.524809,,0.13120225,
8574300,0.881679,,0.22041975,
8575200,1.259541,,0.31488525,
8576100,1.679388,,0.419847,
8577000,2.099235,,0.52480875,
8577900,2.561066,,0.6402665,
8578800,3.001906,,0.7504765,
8579700,3.442745,,0.86068625,
8580600,3.883584,,0.970896,
8581500,4.313927,,1.07848175,
8582400,4.765263,,1.19131575,
8583300,5.164117,,1.29102925,
8584200,5.562972,,1.390743,
8585100,5.898849,,1.47471225,
8586000,6.245223,,1.56130575,
8586900,6.560108,,1.640027,
8587800,6.854001,,1.71350025,
8588700,7.116406,,1.7791015,
8589600,7.357818,,1.8394545,
8590500,7.557245,,1.88931125,
8591400,7.73568,,1.93392,
8592300,7.893122,,1.9732805,
8593200,7.998084,,1.999521,
8594100,8.071557,,2.01788925,
8595000,8.113542,,2.0283855,
8595900,8.124038,,2.0310095,
8596800,8.103046,,2.0257615,
8597700,8.029573,,2.00739325,
8598600,7.935107,,1.98377675,
8599500,7.809153,,1.95228825,
8600400,7.65171,,1.9129275,
8601300,7.452283,,1.86307075,
8602200,7.231863,,1.80796575,
8603100,6.979955,,1.74498875,
8604000,6.696559,,1.67413975,
8604900,6.39217,,1.5980425,
8605800,6.056292,,1.514073,
8606700,5.709918,,1.4274795,
8607600,5.332056,,1.333014,
8608500,4.922705,,1.23067625,
8609400,4.513355,,1.12833875,
8610300,4.093508,,1.023377,
8611200,3.652668,,0.913167,
8612100,3.211829,,0.80295725,
8613000,2.791982,,0.6979955,
8613900,2.351143,,0.58778575,
8614800,1.899807,,0.47495175,
8615700,1.469464,,0.367366,
8616600,1.060114,,0.2650285,
8617500,0.692747,,0.17318675,
8618400,0.367366,,0.0918415,
8619300,0.13645,,0.0341125,
8620200,0,,0,
8621100,0,,0,
8622000,0,,0,
8622900,0,,0,
8623800,0,,0,
8624700,0,,0,
8625600,0,,0,
8626500,0,,0,
8627400,0,,0,
8628300,0,,0,
8629200,0,,0,
8630100,0,,0,
8631000,0,,0,
8631900,0,,0,
8632800,0,,0,
8633700,0,,0,
8634600,0,,0,
8635500,0,,0,
8636400,0,,0,
8637300,0,,0,
8638200,0,,0,
8639100,0,,0,
8640000,0,,0,
8640900,0,,0,
8641800,0,,0,
8642700,0,,0,
8643600,0,,0,
8644500,0,,0,
8645400,0,,0,
8646300,0,,0,
8647200,0,,0,
8648100,0,,0,
8649000,0,,0,
8649900,0,,0,
8650800,0,,0,
8651700,0,,0,
8652600,0,,0,
8653500,0,,0,
8654400,0,,0,
8655300,0,,0,
8656200,0,,0,
8657100,0,,0,
8658000,0,,0,
8658900,0.304389,,0.07609725,
8659800,0.608778,,0.1521945,
8660700,0.976144,,0.244036,
8661600,1.374999,,0.34374975,
8662500,1.784349,,0.44608725,
8663400,2.225189,,0.55629725,
8664300,2.666028,,0.666507,
8665200,3.117363,,0.77934075,
8666100,3.558203,,0.88955075,
8667000,4.009538,,1.0023845,
8667900,4.429385,,1.10734625,
8668800,4.849232,,1.212308,
8669700,5.248087,,1.31202175,
8670600,5.636445,,1.40911125,
8671500,5.982819,,1.49570475,
8672400,6.329193,,1.58229825,
8673300,6.644078,,1.6610195,
8674200,6.937971,,1.73449275,
8675100,7.189879,,1.79746975,
8676000,7.420795,,1.85519875,
8676900,7.630718,,1.9076795,
8677800,7.798657,,1.94966425,
8678700,7.935107,,1.98377675,
8679600,8.040069,,2.01001725,
8680500,8.071557,,2.01788925,
8681400,8.113542,,2.0283855,
8682300,8.050565,,2.01264125,
8683200,8.029573,,2.00739325,
8684100,7.966596,,1.991649,
8685000,7.87213,,1.9680325,
8685900,7.73568,,1.93392,
8686800,7.567741,,1.89193525,
8687700,7.37881,,1.8447025,
8688600,7.147894,,1.7869735,
8689500,6.88549,,1.7213725,
8690400,6.602093,,1.65052325,
8691300,6.297704,,1.574426,
8692200,5.961826,,1.4904565,
8693100,5.573468,,1.393367,
8694000,5.174613,,1.29365325,
8694900,4.796751,,1.19918775,
8695800,4.3874,,1.09685,
8696700,3.936065,,0.98401625,
8697600,3.505722,,0.8764305,
8698500,3.075379,,0.76884475,
8699400,2.645036,,0.661259,
8700300,2.204196,,0.551049,
8701200,1.784349,,0.44608725,
8702100,1.374999,,0.34374975,
8703000,0.98664,,0.24666,
8703900,0.640267,,0.16006675,
8704800,0.335878,,0.0839695,
8705700,0.125954,,0.0314885,
8706600,0,,0,
8707500,0,,0,
8708400,0,,0,
8709300,0,,0,
8710200,0,,0,
8711100,0,,0,
8712000,0,,0,
8712900,0,,0,
8713800,0,,0,
8714700,0,,0,
8715600,0,,0,
8716500,0,,0,
8717400,0,,0,
8718300,0,,0,
8719200,0,,0,
8720100,0,,0,
8721000,0,,0,
8721900,0,,0,
8722800,0,,0,
8723700,0,,0,
8724600,0,,0,
8725500,0,,0,
8726400,0,,0,
8727300,0,,0,
8728200,0,,0,
8729100,0,,0,
8730000,0,,0,
8730900,0,,0,
8731800,0,,0,
8732700,0,,0,
8733600,0,,0,
8734500,0,,0,
8735400,0,,0,
8736300,0,,0,
8737200,0,,0,
8738100,0,,0,
8739000,0,,0,
8739900,0,,0,
8740800,0,,0,
8741700,0,,0,
8742600,0,,0,
8743500,0,,0,
8744400,0.115458,,0.0288645,
8745300,0.335878,,0.0839695,
8746200,0.640267,,0.16006675,
8747100,0.997136,,0.249284,
8748000,1.395991,,0.34899775,
8748900,1.815838,,0.4539595,
8749800,2.256677,,0.56416925,
8750700,2.708013,,0.67700325,
8751600,3.159348,,0.789837,
8752500,3.600187,,0.90004675,
8753400,4.041027,,1.01025675,
8754300,4.47137,,1.1178425,
8755200,4.891217,,1.22280425,
8756100,5.290071,,1.32251775,
8757000,5.67843,,1.4196075,
8757900,6.003811,,1.50095275,
8758800,6.339689,,1.58492225,
8759700,6.66507,,1.6662675,
8760600,6.958963,,1.73974075,
8761500,7.168886,,1.7922215,
8762400,7.399802,,1.8499505,
8763300,7.59923,,1.8998075,
8764200,7.767168,,1.941792,
8765100,7.830145,,1.95753625,
8766000,7.935107,,1.98377675,
8766900,8.019076,,2.004769,
8767800,8.061061,,2.01526525,
8768700,7.935107,,1.98377675,
8769600,7.903619,,1.97590475,
8770500,7.840641,,1.96016025,
8771400,7.746176,,1.936544,
8772300,7.609726,,1.9024315,
8773200,7.441787,,1.86044675,
8774100,7.252856,,1.813214,
8775000,7.032436,,1.758109,
8775900,6.791024,,1.697756,
8776800,6.507627,,1.62690675,
8777700,6.203238,,1.5508095,
8778600,5.877857,,1.46946425,
8779500,5.520987,,1.38024675,
8780400,5.143125,,1.28578125,
8781300,4.754767,,1.18869175,
8782200,4.355912,,1.088978,
8783100,3.957057,,0.98926425,
8784000,3.526714,,0.8816785,
8784900,3.096371,,0.77409275,
8785800,2.666028,,0.666507,
8786700,2.267173,,0.56679325,
8787600,1.826334,,0.4565835,
8788500,1.416983,,0.35424575,
8789400,1.028625,,0.25715625,
8790300,0.692747,,0.17318675,
8791200,0.377862,,0.0944655,
8792100,0.146946,,0.0367365,
8793000,0,,0,
8793900,0,,0,
8794800,0,,0,
8795700,0,,0,
8796600,0,,0,
8797500,0,,0,
8798400,0,,0,
8799300,0,,0,
8800200,0,,0,
8801100,0,,0,
8802000,0,,0,
8802900,0,,0,
8803800,0,,0,
8804700,0,,0,
8805600,0,,0,
8806500,0,,0,
8807400,0,,0,
8808300,0,,0,
8809200,0,,0,
8810100,0,,0,
8811000,0,,0,
8811900,0,,0,
8812800,0,,0,
8813700,0,,0,
8814600,0,,0,
8815500,0,,0,
8816400,0,,0,
8817300,0,,0,
8818200,0,,0,
8819100,0,,0,
8820000,0,,0,
8820900,0,,0,
8821800,0,,0,
8822700,0,,0,
8823600,0,,0,
8824500,0,,0,
8825400,0,,0,
8826300,0,,0,
8827200,0,,0,
8828100,0,,0,
8829000,0,,0,
8829900,0,,0,
8830800,0.13645,,0.0341125,
8831700,0.346374,,0.0865935,
8832600,0.650763,,0.16269075,
8833500,1.028625,,0.25715625,
8834400,1.416983,,0.35424575,
8835300,1.83683,,0.4592075,
8836200,2.267173,,0.56679325,
8837100,2.729005,,0.68225125,
8838000,3.169844,,0.792461,
8838900,3.642172,,0.910543,
8839800,4.083011,,1.02075275,
8840700,4.523851,,1.13096275,
8841600,4.943698,,1.2359245,
8842500,5.342552,,1.335638,
8843400,5.720414,,1.4301035,
8844300,6.077284,,1.519321,
8845200,6.413162,,1.6032905,
8846100,6.686062,,1.6715155,
8847000,6.979955,,1.74498875,
8847900,7.231863,,1.80796575,
8848800,7.462779,,1.86569475,
8849700,7.672703,,1.91817575,
8850600,7.840641,,1.96016025,
8851500,7.956099,,1.98902475,
8852400,8.061061,,2.01526525,
8853300,8.134534,,2.0336335,
8854200,8.176519,,2.04412975,
8855100,8.103046,,2.0257615,
8856000,8.082053,,2.02051325,
8856900,8.019076,,2.004769,
8857800,7.914115,,1.97852875,
8858700,7.777664,,1.944416,
8859600,7.620222,,1.9050555,
8860500,7.37881,,1.8447025,
8861400,7.15839,,1.7895975,
8862300,6.895986,,1.7239965,
8863200,6.612589,,1.65314725,
8864100,6.3082,,1.57705,
8865000,5.982819,,1.49570475,
8865900,5.59446,,1.398615,
8866800,5.227094,,1.3067735,
8867700,4.82824,,1.20706,
8868600,4.429385,,1.10734625,
8869500,3.988546,,0.9971365,
8870400,3.558203,,0.88955075,
8871300,3.12786,,0.781965,
8872200,2.697517,,0.67437925,
8873100,2.256677,,0.56416925,
8874000,1.83683,,0.4592075,
8874900,1.42748,,0.35687,
8875800,1.039121,,0.25978025,
8876700,0.682251,,0.17056275,
8877600,0.377862,,0.0944655,
8878500,0.157443,,0.03936075,
8879400,0,,0,
8880300,0,,0,
8881200,0,,0,
8882100,0,,0,
8883000,0,,0,
8883900,0,,0,
8884800,0,,0,
8885700,0,,0,
8886600,0,,0,
8887500,0,,0,
8888400,0,,0,
8889300,0,,0,
8890200,0,,0,
8891100,0,,0,
8892000,0,,0,
8892900,0,,0,
8893800,0,,0,
8894700,0,,0,
8895600,0,,0,
8896500,0,,0,
8897400,0,,0,
8898300,0,,0,
8899200,0,,0,
8900100,0,,0,
8901000,0,,0,
8901900,0,,0,
8902800,0,,0,
8903700,0,,0,
8904600,0,,0,
8905500,0,,0,
8906400,0,,0,
8907300,0,,0,
8908200,0,,0,
8909100,0,,0,
8910000,0,,0,
8910900,0,,0,
8911800,0,,0,
8912700,0,,0,
8913600,0,,0,
8914500,0,,0,
8915400,0,,0,
8916300,0,,0,
8917200,0.125954,,0.0314885,
8918100,0.346374,,0.0865935,
8919000,0.62977,,0.1574425,
8919900,0.965648,,0.241412,
8920800,1.34351,,0.3358775,
8921700,1.742365,,0.43559125,
8922600,2.162212,,0.540553,
8923500,2.592555,,0.64813875,
8924400,3.022898,,0.7557245,
8925300,3.453241,,0.86331025,
8926200,3.873088,,0.968272,
8927100,4.303431,,1.07585775,
8928000,4.702286,,1.1755715,
8928900,5.10114,,1.275285,
8929800,5.468506,,1.3671265,
8930700,5.835872,,1.458968,
8931600,6.17175,,1.5429375,
8932500,6.486635,,1.62165875,
8933400,6.770032,,1.692508,
8934300,7.053428,,1.763357,
8935200,7.284344,,1.821086,
8936100,7.483772,,1.870943,
8937000,7.65171,,1.9129275,
8937900,7.819649,,1.95491225,
8938800,7.903619,,1.97590475,
8939700,7.987588,,1.996897,
8940600,8.029573,,2.00739325,
8941500,7.840641,,1.96016025,
8942400,7.809153,,1.95228825,
8943300,7.746176,,1.936544,
8944200,7.641214,,1.9103035,
8945100,7.578237,,1.89455925,
8946000,7.37881,,1.8447025,
8946900,7.189879,,1.79746975,
8947800,6.969459,,1.74236475,
8948700,6.791024,,1.697756,
8949600,6.507627,,1.62690675,
8950500,6.213735,,1.55343375,
8951400,5.877857,,1.46946425,
8952300,5.562972,,1.390743,
8953200,5.195606,,1.2989015,
8954100,4.807247,,1.20181175,
8955000,4.408393,,1.10209825,
8955900,3.999042,,0.9997605,
8956800,3.579195,,0.89479875,
8957700,3.148852,,0.787213,
8958600,2.718509,,0.67962725,
8959500,2.288166,,0.5720415,
8960400,1.868319,,0.46707975,
8961300,1.458968,,0.364742,
8962200,1.07061,,0.2676525,
8963100,0.71374,,0.178435,
8964000,0.409351,,0.10233775,
8964900,0.167939,,0.04198475,
8965800,0,,0,
8966700,0,,0,
8967600,0,,0,
8968500,0,,0,
8969400,0,,0,
8970300,0,,0,
8971200,0,,0,
8972100,0,,0,
8973000,0,,0,
8973900,0,,0,
8974800,0,,0,
8975700,0,,0,
8976600,0,,0,
8977500,0,,0,
8978400,0,,0,
8979300,0,,0,
8980200,0,,0,
8981100,0,,0,
8982000,0,,0,
8982900,0,,0,
8983800,0,,0,
8984700,0,,0,
8985600,0,,0,
8986500,0,,0,
8987400,0,,0,
8988300,0,,0,
8989200,0,,0,
8990100,0,,0,
8991000,0,,0,
8991900,0,,0,
8992800,0,,0,
8993700,0,,0,
8994600,0,,0,
8995500,0,,0,
8996400,0,,0,
8997300,0,,0,
8998200,0,,0,
8999100,0,,0,
9000000,0,,0,
9000900,0,,0,
9001800,0,,0,
9002700,0,,0,
9003600,0.146946,,0.0367365,
9004500,0.377862,,0.0944655,
9005400,0.671755,,0.16793875,
9006300,1.018129,,0.25453225,
9007200,1.385495,,0.34637375,
9008100,1.784349,,0.44608725,
9009000,2.204196,,0.551049,
9009900,2.624043,,0.65601075,
9010800,3.04389,,0.7609725,
9011700,3.463737,,0.86593425,
9012600,3.883584,,0.970896,
9013500,4.292935,,1.07323375,
9014400,4.702286,,1.1755715,
9015300,5.080148,,1.270037,
9016200,5.447514,,1.3618785,
9017100,5.751903,,1.43797575,
9018000,6.077284,,1.519321,
9018900,6.360681,,1.59017025,
9019800,6.633582,,1.6583955,
9020700,6.927474,,1.7318685,
9021600,7.15839,,1.7895975,
9022500,7.347321,,1.83683025,
9023400,7.494268,,1.873567,
9024300,7.672703,,1.91817575,
9025200,7.777664,,1.944416,
9026100,7.840641,,1.96016025,
9027000,7.882626,,1.9706565,
9027900,7.882626,,1.9706565,
9028800,7.830145,,1.95753625,
9029700,7.767168,,1.941792,
9030600,7.672703,,1.91817575,
9031500,7.59923,,1.8998075,
9032400,7.441787,,1.86044675,
9033300,7.252856,,1.813214,
9034200,7.032436,,1.758109,
9035100,6.822513,,1.70562825,
9036000,6.539116,,1.634779,
9036900,6.245223,,1.56130575,
9037800,5.919842,,1.4799605,
9038700,5.59446,,1.398615,
9039600,5.227094,,1.3067735,
9040500,4.838736,,1.209684,
9041400,4.439881,,1.10997025,
9042300,4.062019,,1.01550475,
9043200,3.631676,,0.907919,
9044100,3.211829,,0.80295725,
9045000,2.781486,,0.6953715,
9045900,2.361639,,0.59040975,
9046800,1.941792,,0.485448,
9047700,1.532441,,0.38311025,
9048600,1.133587,,0.28339675,
9049500,0.776717,,0.19417925,
9050400,0.451335,,0.11283375,
9051300,0.209923,,0.05248075,
9052200,0,,0,
9053100,0,,0,
9054000,0,,0,
9054900,0,,0,
9055800,0,,0,
9056700,0,,0,
9057600,0,,0,
9058500,0,,0,
9059400,0,,0,
9060300,0,,0,
9061200,0,,0,
9062100,0,,0,
9063000,0,,0,
9063900,0,,0,
9064800,0,,0,
9065700,0,,0,
9066600,0,,0,
9067500,0,,0,
9068400,0,,0,
9069300,0,,0,
9070200,0,,0,
9071100,0,,0,
9072000,0,,0,
9072900,0,,0,
9073800,0,,0,
9074700,0,,0,
9075600,0,,0,
9076500,0,,0,
9077400,0,,0,
9078300,0,,0,
9079200,0,,0,
9080100,0,,0,
9081000,0,,0,
9081900,0,,0,
9082800,0,,0,
9083700,0,,0,
9084600,0,,0,
9085500,0,,0,
9086400,0,,0,
9087300,0,,0,
9088200,0,,0,
9089100,0,,0,
9090000,0.199427,,0.04985675,
9090900,0.451335,,0.11283375,
9091800,0.766221,,0.19155525,
9092700,1.133587,,0.28339675,
9093600,1.532441,,0.38311025,
9094500,1.962784,,0.490696,
9095400,2.393128,,0.598282,
9096300,2.833967,,0.70849175,
9097200,3.26431,,0.8160775,
9098100,3.705149,,0.92628725,
9099000,4.135492,,1.033873,
9099900,4.544843,,1.13621075,
9100800,4.954194,,1.2385485,
9101700,5.342552,,1.335638,
9102600,5.699422,,1.4248555,
9103500,6.024804,,1.506201,
9104400,6.371177,,1.59279425,
9105300,6.675566,,1.6688915,
9106200,6.958963,,1.73974075,
9107100,7.189879,,1.79746975,
9108000,7.420795,,1.85519875,
9108900,7.620222,,1.9050555,
9109800,7.767168,,1.941792,
9110700,7.851138,,1.9627845,
9111600,7.956099,,1.98902475,
9112500,8.029573,,2.00739325,
9113400,8.071557,,2.01788925,
9114300,7.987588,,1.996897,
9115200,7.956099,,1.98902475,
9116100,7.893122,,1.9732805,
9117000,7.809153,,1.95228825,
9117900,7.588733,,1.89718325,
9118800,7.431291,,1.85782275,
9119700,7.252856,,1.813214,
9120600,7.032436,,1.758109,
9121500,6.738543,,1.68463575,
9122400,6.465643,,1.61641075,
9123300,6.161254,,1.5403135,
9124200,5.825376,,1.456344,
9125100,5.479002,,1.3697505,
9126000,5.111636,,1.277909,
9126900,4.723278,,1.1808195,
9127800,4.324423,,1.08110575,
9128700,3.915073,,0.97876825,
9129600,3.495226,,0.8738065,
9130500,3.075379,,0.76884475,
9131400,2.666028,,0.666507,
9132300,2.246181,,0.56154525,
9133200,1.847327,,0.46183175,
9134100,1.448472,,0.362118,
9135000,1.081106,,0.2702765,
9135900,0.734732,,0.183683,
9136800,0.430343,,0.10758575,
9137700,0.188931,,0.04723275,
9138600,0,,0,
9139500,0,,0,
9140400,0,,0,
9141300,0,,0,
9142200,0,,0,
9143100,0,,0,
9144000,0,,0,
9144900,0,,0,
9145800,0,,0,
9146700,0,,0,
9147600,0,,0,
9148500,0,,0,
9149400,0,,0,
9150300,0,,0,
9151200,0,,0,
9152100,0,,0,
9153000,0,,0,
9153900,0,,0,
9154800,0,,0,
9155700,0,,0,
9156600,0,,0,
9157500,0,,0,
9158400,0,,0,
9159300,0,,0,
9160200,0,,0,
9161100,0,,0,
9162000,0,,0,
9162900,0,,0,
9163800,0,,0,
9164700,0,,0,
9165600,0,,0,
9166500,0,,0,
9167400,0,,0,
9168300,0,,0,
9169200,0,,0,
9170100,0,,0,
9171000,0,,0,
9171900,0,,0,
9172800,0,,0,
9173700,0,,0,
9174600,0,,0,
9175500,0,,0,
9176400,0.188931,,0.04723275,
9177300,0.430343,,0.10758575,
9178200,0.734732,,0.183683,
9179100,1.060114,,0.2650285,
9180000,1.42748,,0.35687,
9180900,1.815838,,0.4539595,
9181800,2.214693,,0.55367325,
9182700,2.613547,,0.65338675,
9183600,3.022898,,0.7557245,
9184500,3.442745,,0.86068625,
9185400,3.841599,,0.96039975,
9186300,4.25095,,1.0627375,
9187200,4.639309,,1.15982725,
9188100,5.017171,,1.25429275,
9189000,5.374041,,1.34351025,
9189900,5.699422,,1.4248555,
9190800,5.982819,,1.49570475,
9191700,6.287208,,1.571802,
9192600,6.549612,,1.637403,
9193500,6.833009,,1.70825225,
9194400,7.053428,,1.763357,
9195300,7.24236,,1.81059,
9196200,7.399802,,1.8499505,
9197100,7.557245,,1.88931125,
9198000,7.65171,,1.9129275,
9198900,7.714687,,1.92867175,
9199800,7.756672,,1.939168,
9200700,7.683199,,1.92079975,
9201600,7.65171,,1.9129275,
9202500,7.588733,,1.89718325,
9203400,7.483772,,1.870943,
9204300,7.37881,,1.8447025,
9205200,7.221367,,1.80534175,
9206100,7.032436,,1.758109,
9207000,6.822513,,1.70562825,
9207900,6.623085,,1.65577125,
9208800,6.350185,,1.58754625,
9209700,6.056292,,1.514073,
9210600,5.741407,,1.43535175,
9211500,5.437018,,1.3592545,
9212400,5.080148,,1.270037,
9213300,4.702286,,1.1755715,
9214200,4.313927,,1.07848175,
9215100,3.957057,,0.98926425,
9216000,3.547707,,0.88692675,
9216900,3.138356,,0.784589,
9217800,2.718509,,0.67962725,
9218700,2.319654,,0.5799135,
9219600,1.9208,,0.4802,
9220500,1.511449,,0.37786225,
9221400,1.133587,,0.28339675,
9222300,0.787213,,0.19680325,
9223200,0.472328,,0.118082,
9224100,0.22042,,0.055105,
9225000,0,,0,
9225900,0,,0,
9226800,0,,0,
9227700,0,,0,
9228600,0,,0,
9229500,0,,0,
9230400,0,,0,
9231300,0,,0,
9232200,0,,0,
9233100,0,,0,
9234000,0,,0,
9234900,0,,0,
9235800,0,,0,
9236700,0,,0,
9237600,0,,0,
9238500,0,,0,
9239400,0,,0,
9240300,0,,0,
9241200,0,,0,
9242100,0,,0,
9243000,0,,0,
9243900,0,,0,
9244800,0,,0,
9245700,0,,0,
9246600,0,,0,
9247500,0,,0,
9248400,0,,0,
9249300,0,,0,
9250200,0,,0,
9251100,0,,0,
9252000,0,,0,
9252900,0,,0,
9253800,0,,0,
9254700,0,,0,
9255600,0,,0,
9256500,0,,0,
9257400,0,,0,
9258300,0,,0,
9259200,0,,0,
9260100,0,,0,
9261000,0,,0,
9261900,0,,0,
9262800,0.251908,,0.062977,
9263700,0.514312,,0.128578,
9264600,0.839694,,0.2099235,
9265500,1.228052,,0.307013,
9266400,1.626907,,0.40672675,
9267300,2.046754,,0.5116885,
9268200,2.466601,,0.61665025,
9269100,2.90744,,0.72686,
9270000,3.337783,,0.83444575,
9270900,3.768126,,0.9420315,
9271800,4.198469,,1.04961725,
9272700,4.628812,,1.157203,
9273600,5.027667,,1.25691675,
9274500,5.416025,,1.35400625,
9275400,5.783392,,1.445848,
9276300,6.140261,,1.53506525,
9277200,6.476139,,1.61903475,
9278100,6.780528,,1.695132,
9279000,7.053428,,1.763357,
9279900,7.305337,,1.82633425,
9280800,7.525756,,1.881439,
9281700,7.725184,,1.931296,
9282600,7.893122,,1.9732805,
9283500,8.019076,,2.004769,
9284400,8.09255,,2.0231375,
9285300,8.155527,,2.03888175,
9286200,8.187015,,2.04675375,
9287100,8.155527,,2.03888175,
9288000,8.124038,,2.0310095,
9288900,8.071557,,2.01788925,
9289800,7.966596,,1.991649,
9290700,7.819649,,1.95491225,
9291600,7.662207,,1.91555175,
9292500,7.473275,,1.86831875,
9293400,7.231863,,1.80796575,
9294300,6.969459,,1.74236475,
9295200,6.686062,,1.6715155,
9296100,6.39217,,1.5980425,
9297000,6.066788,,1.516697,
9297900,5.709918,,1.4274795,
9298800,5.342552,,1.335638,
9299700,4.954194,,1.2385485,
9300600,4.555339,,1.13883475,
9301500,4.145988,,1.036497,
9302400,3.726142,,0.9315355,
9303300,3.285302,,0.8213255,
9304200,2.854959,,0.71373975,
9305100,2.424616,,0.606154,
9306000,2.015265,,0.50381625,
9306900,1.605915,,0.40147875,
9307800,1.20706,,0.301765,
9308700,0.85019,,0.2125475,
9309600,0.524809,,0.13120225,
9310500,0.262404,,0.065601,
9311400,0,,0,
9312300,0,,0,
9313200,0,,0,
9314100,0,,0,
9315000,0,,0,
9315900,0,,0,
9316800,0,,0,
9317700,0,,0,
9318600,0,,0,
9319500,0,,0,
9320400,0,,0,
9321300,0,,0,
9322200,0,,0,
9323100,0,,0,
9324000,0,,0,
9324900,0,,0,
9325800,0,,0,
9326700,0,,0,
9327600,0,,0,
9328500,0,,0,
9329400,0,,0,
9330300,0,,0,
9331200,0,,0,
9332100,0,,0,
9333000,0,,0,
9333900,0,,0,
9334800,0,,0,
9335700,0,,0,
9336600,0,,0,
9337500,0,,0,
9338400,0,,0,
9339300,0,,0,
9340200,0,,0,
9341100,0,,0,
9342000,0,,0,
9342900,0,,0,
9343800,0,,0,
9344700,0,,0,
9345600,0,,0,
9346500,0,,0,
9347400,0,,0,
9348300,0.094466,,0.0236165,
9349200,0.283397,,0.07084925,
9350100,0.566793,,0.14169825,
9351000,0.902671,,0.22566775,
9351900,1.280533,,0.32013325,
9352800,1.689884,,0.422471,
9353700,2.109731,,0.52743275,
9354600,2.540074,,0.6350185,
9355500,2.991409,,0.74785225,
9356400,3.421753,,0.85543825,
9357300,3.862592,,0.965648,
9358200,4.292935,,1.07323375,
9359100,4.712782,,1.1781955,
9360000,5.122133,,1.28053325,
9360900,5.510491,,1.37762275,
9361800,5.888353,,1.47208825,
9362700,6.245223,,1.56130575,
9363600,6.581101,,1.64527525,
9364500,6.88549,,1.7213725,
9365400,7.168886,,1.7922215,
9366300,7.441787,,1.86044675,
9367200,7.662207,,1.91555175,
9368100,7.851138,,1.9627845,
9369000,8.019076,,2.004769,
9369900,8.176519,,2.04412975,
9370800,8.270985,,2.06774625,
9371700,8.333962,,2.0834905,
9372600,8.375946,,2.0939865,
9373500,8.344458,,2.0861145,
9374400,8.312969,,2.07824225,
9375300,8.239496,,2.059874,
9376200,8.145031,,2.03625775,
9377100,8.040069,,2.01001725,
9378000,7.87213,,1.9680325,
9378900,7.683199,,1.92079975,
9379800,7.452283,,1.86307075,
9380700,7.221367,,1.80534175,
9381600,6.937971,,1.73449275,
9382500,6.633582,,1.6583955,
9383400,6.3082,,1.57705,
9384300,5.961826,,1.4904565,
9385200,5.59446,,1.398615,
9386100,5.195606,,1.2989015,
9387000,4.796751,,1.19918775,
9387900,4.3874,,1.09685,
9388800,3.957057,,0.98926425,
9389700,3.516218,,0.8790545,
9390600,3.075379,,0.76884475,
9391500,2.645036,,0.661259,
9392400,2.204196,,0.551049,
9393300,1.773853,,0.44346325,
9394200,1.364503,,0.34112575,
9395100,0.98664,,0.24666,
9396000,0.62977,,0.1574425,
9396900,0.335878,,0.0839695,
9397800,0.125954,,0.0314885,
9398700,0,,0,
9399600,0,,0,
9400500,0,,0,
9401400,0,,0,
9402300,0,,0,
9403200,0,,0,
9404100,0,,0,
9405000,0,,0,
9405900,0,,0,
9406800,0,,0,
9407700,0,,0,
9408600,0,,0,
9409500,0,,0,
9410400,0,,0,
9411300,0,,0,
9412200,0,,0,
9413100,0,,0,
9414000,0,,0,
9414900,0,,0,
9415800,0,,0,
9416700,0,,0,
9417600,0,,0,
9418500,0,,0,
9419400,0,,0,
9420300,0,,0,
9421200,0,,0,
9422100,0,,0,
9423000,0,,0,
9423900,0,,0,
9424800,0,,0,
9425700,0,,0,
9426600,0,,0,
9427500,0,,0,
9428400,0,,0,
9429300,0,,0,
9430200,0,,0,
9431100,0,,0,
9432000,0,,0,
9432900,0,,0,
9433800,0,,0,
9434700,0.125954,,0.0314885,
9435600,0.346374,,0.0865935,
9436500,0.640267,,0.16006675,
9437400,0.997136,,0.249284,
9438300,1.374999,,0.34374975,
9439200,1.794846,,0.4487115,
9440100,2.225189,,0.55629725,
9441000,2.655532,,0.663883,
9441900,3.096371,,0.77409275,
9442800,3.53721,,0.8843025,
9443700,3.97805,,0.9945125,
9444600,4.408393,,1.10209825,
9445500,4.82824,,1.20706,
9446400,5.227094,,1.3067735,
9447300,5.625949,,1.40648725,
9448200,6.003811,,1.50095275,
9449100,6.255719,,1.56392975,
9450000,6.591597,,1.64789925,
9450900,6.895986,,1.7239965,
9451800,7.179383,,1.79484575,
9452700,7.431291,,1.85782275,
9453600,7.662207,,1.91555175,
9454500,7.851138,,1.9627845,
9455400,8.019076,,2.004769,
9456300,8.155527,,2.03888175,
9457200,8.249992,,2.062498,
9458100,8.323465,,2.08086625,
9459000,8.354954,,2.0887385,
9459900,8.270985,,2.06774625,
9460800,8.239496,,2.059874,
9461700,8.176519,,2.04412975,
9462600,8.071557,,2.01788925,
9463500,7.945603,,1.98640075,
9464400,7.798657,,1.94966425,
9465300,7.59923,,1.8998075,
9466200,7.37881,,1.8447025,
9467100,7.137398,,1.7843495,
9468000,6.854001,,1.71350025,
9468900,6.549612,,1.637403,
9469800,6.224231,,1.55605775,
9470700,5.835872,,1.458968,
9471600,5.468506,,1.3671265,
9472500,5.080148,,1.270037,
9473400,4.670797,,1.16769925,
9474300,4.271943,,1.06798575,
9475200,3.841599,,0.96039975,
9476100,3.411256,,0.852814,
9477000,2.980913,,0.74522825,
9477900,2.561066,,0.6402665,
9478800,2.130723,,0.53268075,
9479700,1.710876,,0.427719,
9480600,1.322518,,0.3306295,
9481500,0.944656,,0.236164,
9482400,0.608778,,0.1521945,
9483300,0.325381,,0.08134525,
9484200,0.115458,,0.0288645,
9485100,0,,0,
9486000,0,,0,
9486900,0,,0,
9487800,0,,0,
9488700,0,,0,
9489600,0,,0,
9490500,0,,0,
9491400,0,,0,
9492300,0,,0,
9493200,0,,0,
9494100,0,,0,
9495000,0,,0,
9495900,0,,0,
9496800,0,,0,
9497700,0,,0,
9498600,0,,0,
9499500,0,,0,
9500400,0,,0,
9501300,0,,0,
9502200,0,,0,
9503100,0,,0,
9504000,0,,0,
9504900,0,,0,
9505800,0,,0,
9506700,0,,0,
9507600,0,,0,
9508500,0,,0,
9509400,0,,0,
9510300,0,,0,
9511200,0,,0,
9512100,0,,0,
9513000,0,,0,
9513900,0,,0,
9514800,0,,0,
9515700,0,,0,
9516600,0,,0,
9517500,0,,0,
9518400,0,,0,
9519300,0,,0,
9520200,0,,0,
9521100,0.13645,,0.0341125,
9522000,0.346374,,0.0865935,
9522900,0.640267,,0.16006675,
9523800,0.98664,,0.24666,
9524700,1.374999,,0.34374975,
9525600,1.784349,,0.44608725,
9526500,2.204196,,0.551049,
9527400,2.63454,,0.658635,
9528300,3.085875,,0.77146875,
9529200,3.526714,,0.8816785,
9530100,3.957057,,0.98926425,
9531000,4.3874,,1.09685,
9531900,4.807247,,1.20181175,
9532800,5.216598,,1.3041495,
9533700,5.604957,,1.40123925,
9534600,5.982819,,1.49570475,
9535500,6.350185,,1.58754625,
9536400,6.675566,,1.6688915,
9537300,6.990451,,1.74761275,
9538200,7.263352,,1.815838,
9539100,7.525756,,1.881439,
9540000,7.756672,,1.939168,
9540900,7.945603,,1.98640075,
9541800,8.113542,,2.0283855,
9542700,8.249992,,2.062498,
9543600,8.344458,,2.0861145,
9544500,8.417931,,2.10448275,
9545400,8.44942,,2.112355,
9546300,8.396939,,2.09923475,
9547200,8.36545,,2.0913625,
9548100,8.291977,,2.07299425,
9549000,8.166023,,2.04150575,
9549900,8.061061,,2.01526525,
9550800,7.893122,,1.9732805,
9551700,7.693695,,1.92342375,
9552600,7.473275,,1.86831875,
9553500,7.231863,,1.80796575,
9554400,6.948467,,1.73711675,
9555300,6.644078,,1.6610195,
9556200,6.3082,,1.57705,
9557100,5.972323,,1.49308075,
9558000,5.604957,,1.40123925,
9558900,5.206102,,1.3015255,
9559800,4.807247,,1.20181175,
9560700,4.397897,,1.09947425,
9561600,3.967554,,0.9918885,
9562500,3.53721,,0.8843025,
9563400,3.096371,,0.77409275,
9564300,2.666028,,0.666507,
9565200,2.225189,,0.55629725,
9566100,1.805342,,0.4513355,
9567000,1.395991,,0.34899775,
9567900,1.018129,,0.25453225,
9568800,0.661259,,0.16531475,
9569700,0.367366,,0.0918415,
9570600,0.13645,,0.0341125,
9571500,0,,0,
9572400,0,,0,
9573300,0,,0,
9574200,0,,0,
9575100,0,,0,
9576000,0,,0,
9576900,0,,0,
9577800,0,,0,
9578700,0,,0,
9579600,0,,0,
9580500,0,,0,
9581400,0,,0,
9582300,0,,0,
9583200,0,,0,
9584100,0,,0,
9585000,0,,0,
9585900,0,,0,
9586800,0,,0,
9587700,0,,0,
9588600,0,,0,
9589500,0,,0,
9590400,0,,0,
9591300,0,,0,
9592200,0,,0,
9593100,0,,0,
9594000,0,,0,
9594900,0,,0,
9595800,0,,0,
9596700,0,,0,
9597600,0,,0,
9598500,0,,0,
9599400,0,,0,
9600300,0,,0,
9601200,0,,0,
9602100,0,,0,
9603000,0,,0,
9603900,0,,0,
9604800,0,,0,
9605700,0,,0,
9606600,0,,0,
9607500,0.146946,,0.0367365,
9608400,0.377862,,0.0944655,
9609300,0.682251,,0.17056275,
9610200,1.049617,,0.26240425,
9611100,1.406487,,0.35162175,
9612000,1.815838,,0.4539595,
9612900,2.246181,,0.56154525,
9613800,2.676524,,0.669131,
9614700,3.085875,,0.77146875,
9615600,3.526714,,0.8816785,
9616500,3.936065,,0.98401625,
9617400,4.366408,,1.091602,
9618300,4.754767,,1.18869175,
9619200,5.164117,,1.29102925,
9620100,5.54198,,1.385495,
9621000,5.919842,,1.4799605,
9621900,6.224231,,1.55605775,
9622800,6.549612,,1.637403,
9623700,6.854001,,1.71350025,
9624600,7.137398,,1.7843495,
9625500,7.420795,,1.85519875,
9626400,7.641214,,1.9103035,
9627300,7.840641,,1.96016025,
9628200,7.998084,,1.999521,
9629100,8.124038,,2.0310095,
9630000,8.229,,2.05725,
9630900,8.291977,,2.07299425,
9631800,8.323465,,2.08086625,
9632700,8.333962,,2.0834905,
9633600,8.302473,,2.07561825,
9634500,8.229,,2.05725,
9635400,8.103046,,2.0257615,
9636300,7.966596,,1.991649,
9637200,7.798657,,1.94966425,
9638100,7.609726,,1.9024315,
9639000,7.399802,,1.8499505,
9639900,7.126902,,1.7817255,
9640800,6.843505,,1.71087625,
9641700,6.539116,,1.634779,
9642600,6.192742,,1.5481855,
9643500,5.825376,,1.456344,
9644400,5.45801,,1.3645025,
9645300,5.069652,,1.267413,
9646200,4.670797,,1.16769925,
9647100,4.240454,,1.0601135,
9648000,3.831103,,0.95777575,
9648900,3.40076,,0.85019,
9649800,2.970417,,0.74260425,
9650700,2.529578,,0.6323945,
9651600,2.099235,,0.52480875,
9652500,1.689884,,0.422471,
9653400,1.301525,,0.32538125,
9654300,0.934159,,0.23353975,
9655200,0.598282,,0.1495705,
9656100,0.325381,,0.08134525,
9657000,0.115458,,0.0288645,
9657900,0,,0,
9658800,0,,0,
9659700,0,,0,
9660600,0,,0,
9661500,0,,0,
9662400,0,,0,
9663300,0,,0,
9664200,0,,0,
9665100,0,,0,
9666000,0,,0,
9666900,0,,0,
9667800,0,,0,
9668700,0,,0,
9669600,0,,0,
9670500,0,,0,
9671400,0,,0,
9672300,0,,0,
9673200,0,,0,
9674100,0,,0,
9675000,0,,0,
9675900,0,,0,
9676800,0,,0,
9677700,0,,0,
9678600,0,,0,
9679500,0,,0,
9680400,0,,0,
9681300,0,,0,
9682200,0,,0,
9683100,0,,0,
9684000,0,,0,
9684900,0,,0,
9685800,0,,0,
9686700,0,,0,
9687600,0,,0,
9688500,0,,0,
9689400,0,,0,
9690300,0,,0,
9691200,0,,0,
9692100,0,,0,
9693000,0,,0,
9693900,0.157443,,0.03936075,
9694800,0.388358,,0.0970895,
9695700,0.692747,,0.17318675,
9696600,1.039121,,0.25978025,
9697500,1.416983,,0.35424575,
9698400,1.815838,,0.4539595,
9699300,2.235685,,0.55892125,
9700200,2.666028,,0.666507,
9701100,3.096371,,0.77409275,
9702000,3.526714,,0.8816785,
9702900,3.957057,,0.98926425,
9703800,4.3874,,1.09685,
9704700,4.796751,,1.19918775,
9705600,5.195606,,1.2989015,
9706500,5.583964,,1.395991,
9707400,5.95133,,1.4878325,
9708300,6.297704,,1.574426,
9709200,6.623085,,1.65577125,
9710100,6.906482,,1.7266205,
9711000,7.179383,,1.79484575,
9711900,7.420795,,1.85519875,
9712800,7.65171,,1.9129275,
9713700,7.840641,,1.96016025,
9714600,8.00858,,2.002145,
9715500,8.113542,,2.0283855,
9716400,8.208008,,2.052002,
9717300,8.270985,,2.06774625,
9718200,8.281481,,2.07037025,
9719100,8.229,,2.05725,
9720000,8.197511,,2.04937775,
9720900,8.134534,,2.0336335,
9721800,8.029573,,2.00739325,
9722700,7.830145,,1.95753625,
9723600,7.672703,,1.91817575,
9724500,7.473275,,1.86831875,
9725400,7.252856,,1.813214,
9726300,6.927474,,1.7318685,
9727200,6.654574,,1.6636435,
9728100,6.350185,,1.58754625,
9729000,6.024804,,1.506201,
9729900,5.604957,,1.40123925,
9730800,5.23759,,1.3093975,
9731700,4.859728,,1.214932,
9732600,4.47137,,1.1178425,
9733500,3.97805,,0.9945125,
9734400,3.568699,,0.89217475,
9735300,3.148852,,0.787213,
9736200,2.739501,,0.68487525,
9737100,2.267173,,0.56679325,
9738000,1.868319,,0.46707975,
9738900,1.47996,,0.36999,
9739800,1.123091,,0.28077275,
9740700,0.734732,,0.183683,
9741600,0.440839,,0.11020975,
9742500,0.199427,,0.04985675,
9743400,0.052481,,0.01312025,
9744300,0,,0,
9745200,0,,0,
9746100,0,,0,
9747000,0,,0,
9747900,0,,0,
9748800,0,,0,
9749700,0,,0,
9750600,0,,0,
9751500,0,,0,
9752400,0,,0,
9753300,0,,0,
9754200,0,,0,
9755100,0,,0,
9756000,0,,0,
9756900,0,,0,
9757800,0,,0,
9758700,0,,0,
9759600,0,,0,
9760500,0,,0,
9761400,0,,0,
9762300,0,,0,
9763200,0,,0,
9764100,0,,0,
9765000,0,,0,
9765900,0,,0,
9766800,0,,0,
9767700,0,,0,
9768600,0,,0,
9769500,0,,0,
9770400,0,,0,
9771300,0,,0,
9772200,0,,0,
9773100,0,,0,
9774000,0,,0,
9774900,0,,0,
9775800,0,,0,
9776700,0,,0,
9777600,0,,0,
9778500,0,,0,
9779400,0,,0,
9780300,0.125954,,0.0314885,
9781200,0.335878,,0.0839695,
9782100,0.608778,,0.1521945,
9783000,0.923663,,0.23091575,
9783900,1.291029,,0.32275725,
9784800,1.668892,,0.417223,
9785700,2.05725,,0.5143125,
9786600,2.466601,,0.61665025,
9787500,2.875951,,0.71898775,
9788400,3.285302,,0.8213255,
9789300,3.694653,,0.92366325,
9790200,4.1145,,1.028625,
9791100,4.502858,,1.1257145,
9792000,4.891217,,1.22280425,
9792900,5.258583,,1.31464575,
9793800,5.615453,,1.40386325,
9794700,6.150758,,1.5376895,
9795600,6.486635,,1.62165875,
9796500,6.780528,,1.695132,
9797400,7.053428,,1.763357,
9798300,7.410298,,1.8525745,
9799200,7.630718,,1.9076795,
9800100,7.809153,,1.95228825,
9801000,7.966596,,1.991649,
9801900,8.197511,,2.04937775,
9802800,8.291977,,2.07299425,
9803700,8.354954,,2.0887385,
9804600,8.36545,,2.0913625,
9805500,8.36545,,2.0913625,
9806400,8.333962,,2.0834905,
9807300,8.239496,,2.059874,
9808200,8.145031,,2.03625775,
9809100,7.977092,,1.994273,
9810000,7.809153,,1.95228825,
9810900,7.59923,,1.8998075,
9811800,7.389306,,1.8473265,
9812700,7.15839,,1.7895975,
9813600,6.874994,,1.7187485,
9814500,6.591597,,1.64789925,
9815400,6.276712,,1.569178,
9816300,5.940834,,1.4852085,
9817200,5.583964,,1.395991,
9818100,5.206102,,1.3015255,
9819000,4.817744,,1.204436,
9819900,4.418889,,1.10472225,
9820800,3.999042,,0.9997605,
9821700,3.579195,,0.89479875,
9822600,3.159348,,0.789837,
9823500,2.749997,,0.68749925,
9824400,2.33015,,0.5825375,
9825300,1.910304,,0.477576,
9826200,1.500953,,0.37523825,
9827100,1.123091,,0.28077275,
9828000,0.766221,,0.19155525,
9828900,0.451335,,0.11283375,
9829800,0.209923,,0.05248075,
9830700,0,,0,
9831600,0,,0,
9832500,0,,0,
9833400,0,,0,
9834300,0,,0,
9835200,0,,0,
9836100,0,,0,
9837000,0,,0,
9837900,0,,0,
9838800,0,,0,
9839700,0,,0,
9840600,0,,0,
9841500,0,,0,
9842400,0,,0,
9843300,0,,0,
9844200,0,,0,
9845100,0,,0,
9846000,0,,0,
9846900,0,,0,
9847800,0,,0,
9848700,0,,0,
9849600,0,,0,
9850500,0,,0,
9851400,0,,0,
9852300,0,,0,
9853200,0,,0,
9854100,0,,0,
9855000,0,,0,
9855900,0,,0,
9856800,0,,0,
9857700,0,,0,
9858600,0,,0,
9859500,0,,0,
9860400,0,,0,
9861300,0,,0,
9862200,0,,0,
9863100,0,,0,
9864000,0,,0,
9864900,0,,0,
9865800,0,,0,
9866700,0.241412,,0.060353,
9867600,0.503816,,0.125954,
9868500,0.818702,,0.2046755,
9869400,1.175571,,0.29389275,
9870300,1.584922,,0.3962305,
9871200,1.994273,,0.49856825,
9872100,2.424616,,0.606154,
9873000,2.844463,,0.71111575,
9873900,3.274806,,0.8187015,
9874800,3.705149,,0.92628725,
9875700,4.135492,,1.033873,
9876600,4.544843,,1.13621075,
9877500,4.912209,,1.22805225,
9878400,5.32156,,1.33039,
9879300,5.699422,,1.4248555,
9880200,6.0353,,1.508825,
9881100,6.371177,,1.59279425,
9882000,6.686062,,1.6715155,
9882900,6.979955,,1.74498875,
9883800,7.252856,,1.813214,
9884700,7.504764,,1.876191,
9885600,7.714687,,1.92867175,
9886500,7.903619,,1.97590475,
9887400,8.061061,,2.01526525,
9888300,8.187015,,2.04675375,
9889200,8.281481,,2.07037025,
9890100,8.344458,,2.0861145,
9891000,8.375946,,2.0939865,
9891900,8.36545,,2.0913625,
9892800,8.333962,,2.0834905,
9893700,8.270985,,2.06774625,
9894600,8.166023,,2.04150575,
9895500,8.040069,,2.01001725,
9896400,7.87213,,1.9680325,
9897300,7.683199,,1.92079975,
9898200,7.462779,,1.86569475,
9899100,7.200375,,1.80009375,
9900000,6.927474,,1.7318685,
9900900,6.633582,,1.6583955,
9901800,6.3082,,1.57705,
9902700,5.95133,,1.4878325,
9903600,5.59446,,1.398615,
9904500,5.216598,,1.3041495,
9905400,4.817744,,1.204436,
9906300,4.429385,,1.10734625,
9907200,4.009538,,1.0023845,
9908100,3.579195,,0.89479875,
9909000,3.148852,,0.787213,
9909900,2.749997,,0.68749925,
9910800,2.319654,,0.5799135,
9911700,1.910304,,0.477576,
9912600,1.511449,,0.37786225,
9913500,1.123091,,0.28077275,
9914400,0.776717,,0.19417925,
9915300,0.461832,,0.115458,
9916200,0.22042,,0.055105,
9917100,0,,0,
9918000,0,,0,
9918900,0,,0,
9919800,0,,0,
9920700,0,,0,
9921600,0,,0,
9922500,0,,0,
9923400,0,,0,
9924300,0,,0,
9925200,0,,0,
9926100,0,,0,
9927000,0,,0,
9927900,0,,0,
9928800,0,,0,
9929700,0,,0,
9930600,0,,0,
9931500,0,,0,
9932400,0,,0,
9933300,0,,0,
9934200,0,,0,
9935100,0,,0,
9936000,0,,0,
9936900,0,,0,
9937800,0,,0,
9938700,0,,0,
9939600,0,,0,
9940500,0,,0,
9941400,0,,0,
9942300,0,,0,
9943200,0,,0,
9944100,0,,0,
9945000,0,,0,
9945900,0,,0,
9946800,0,,0,
9947700,0,,0,
9948600,0,,0,
9949500,0,,0,
9950400,0,,0,
9951300,0,,0,
9952200,0,,0,
9953100,0.283397,,0.07084925,
9954000,0.556297,,0.13907425,
9954900,0.881679,,0.22041975,
9955800,1.249045,,0.31226125,
9956700,1.668892,,0.417223,
9957600,2.078242,,0.5195605,
9958500,2.508585,,0.62714625,
9959400,2.949425,,0.73735625,
9960300,3.390264,,0.847566,
9961200,3.831103,,0.95777575,
9962100,4.261446,,1.0653615,
9963000,4.691789,,1.17294725,
9963900,5.090644,,1.272661,
9964800,5.499995,,1.37499875,
9965700,5.877857,,1.46946425,
9966600,6.245223,,1.56130575,
9967500,6.612589,,1.65314725,
9968400,6.927474,,1.7318685,
9969300,7.231863,,1.80796575,
9970200,7.504764,,1.876191,
9971100,7.767168,,1.941792,
9972000,7.987588,,1.996897,
9972900,8.176519,,2.04412975,
9973800,8.333962,,2.0834905,
9974700,8.44942,,2.112355,
9975600,8.543885,,2.13597125,
9976500,8.606862,,2.1517155,
9977400,8.638351,,2.15958775,
9978300,8.564877,,2.14121925,
9979200,8.533389,,2.13334725,
9980100,8.459916,,2.114979,
9981000,8.36545,,2.0913625,
9981900,8.260488,,2.065122,
9982800,8.09255,,2.0231375,
9983700,7.893122,,1.9732805,
9984600,7.672703,,1.91817575,
9985500,7.441787,,1.86044675,
9986400,7.168886,,1.7922215,
9987300,6.864497,,1.71612425,
9988200,6.539116,,1.634779,
9989100,6.192742,,1.5481855,
9990000,5.825376,,1.456344,
9990900,5.437018,,1.3592545,
9991800,5.038163,,1.25954075,
9992700,4.618316,,1.154579,
9993600,4.187973,,1.04699325,
9994500,3.75763,,0.9394075,
9995400,3.316791,,0.82919775,
9996300,2.865455,,0.71636375,
9997200,2.424616,,0.606154,
9998100,2.004769,,0.50119225,
9999000,1.584922,,0.3962305,
9999900,1.186068,,0.296517,
10000800,0.829198,,0.2072995,
10001700,0.514312,,0.128578,
10002600,0.251908,,0.062977,
10003500,0,,0,
10004400,0,,0,
10005300,0,,0,
10006200,0,,0,
10007100,0,,0,
10008000,0,,0,
10008900,0,,0,
10009800,0,,0,
10010700,0,,0,
10011600,0,,0,
10012500,0,,0,
10013400,0,,0,
10014300,0,,0,
10015200,0,,0,
10016100,0,,0,
10017000,0,,0,
10017900,0,,0,
10018800,0,,0,
10019700,0,,0,
10020600,0,,0,
10021500,0,,0,
10022400,0,,0,
10023300,0,,0,
10024200,0,,0,
10025100,0,,0,
10026000,0,,0,
10026900,0,,0,
10027800,0,,0,
10028700,0,,0,
10029600,0,,0,
10030500,0,,0,
10031400,0,,0,
10032300,0,,0,
10033200,0,,0,
10034100,0,,0,
10035000,0,,0,
10035900,0,,0,
10036800,0,,0,
10037700,0,,0,
10038600,0.104962,,0.0262405,
10039500,0.272901,,0.06822525,
10040400,0.535305,,0.13382625,
10041300,0.839694,,0.2099235,
10042200,1.196564,,0.299141,
10043100,1.584922,,0.3962305,
10044000,1.983777,,0.49594425,
10044900,2.403624,,0.600906,
10045800,2.833967,,0.70849175,
10046700,3.337783,,0.83444575,
10047600,3.75763,,0.9394075,
10048500,4.198469,,1.04961725,
10049400,4.618316,,1.154579,
10050300,5.10114,,1.275285,
10051200,5.499995,,1.37499875,
10052100,5.909346,,1.4773365,
10053000,6.276712,,1.569178,
10053900,6.602093,,1.65052325,
10054800,6.958963,,1.73974075,
10055700,7.252856,,1.813214,
10056600,7.536252,,1.884063,
10057500,7.725184,,1.931296,
10058400,7.945603,,1.98640075,
10059300,8.145031,,2.03625775,
10060200,8.302473,,2.07561825,
10061100,8.354954,,2.0887385,
10062000,8.44942,,2.112355,
10062900,8.512397,,2.12809925,
10063800,8.543885,,2.13597125,
10064700,8.5019,,2.125475,
10065600,8.470412,,2.117603,
10066500,8.407435,,2.10185875,
10067400,8.302473,,2.07561825,
10068300,8.145031,,2.03625775,
10069200,7.977092,,1.994273,
10070100,7.788161,,1.94704025,
10071000,7.557245,,1.88931125,
10071900,7.305337,,1.82633425,
10072800,7.02194,,1.755485,
10073700,6.717551,,1.67938775,
10074600,6.371177,,1.59279425,
10075500,5.972323,,1.49308075,
10076400,5.604957,,1.40123925,
10077300,5.227094,,1.3067735,
10078200,4.82824,,1.20706,
10079100,4.376904,,1.094226,
10080000,3.967554,,0.9918885,
10080900,3.547707,,0.88692675,
10081800,3.117363,,0.77934075,
10082700,2.708013,,0.67700325,
10083600,2.288166,,0.5720415,
10084500,1.878815,,0.46970375,
10085400,1.490457,,0.37261425,
10086300,1.123091,,0.28077275,
10087200,0.776717,,0.19417925,
10088100,0.482824,,0.120706,
10089000,0.230916,,0.057729,
10089900,0,,0,
10090800,0,,0,
10091700,0,,0,
10092600,0,,0,
10093500,0,,0,
10094400,0,,0,
10095300,0,,0,
10096200,0,,0,
10097100,0,,0,
10098000,0,,0,
10098900,0,,0,
10099800,0,,0,
10100700,0,,0,
10101600,0,,0,
10102500,0,,0,
10103400,0,,0,
10104300,0,,0,
10105200,0,,0,
10106100,0,,0,
10107000,0,,0,
10107900,0,,0,
10108800,0,,0,
10109700,0,,0,
10110600,0,,0,
10111500,0,,0,
10112400,0,,0,
10113300,0,,0,
10114200,0,,0,
10115100,0,,0,
10116000,0,,0,
10116900,0,,0,
10117800,0,,0,
10118700,0,,0,
10119600,0,,0,
10120500,0,,0,
10121400,0,,0,
10122300,0,,0,
10123200,0,,0,
10124100,0,,0,
10125000,0.115458,,0.0288645,
10125900,0.314885,,0.07872125,
10126800,0.57729,,0.1443225,
10127700,0.902671,,0.22566775,
10128600,1.259541,,0.31488525,
10129500,1.658395,,0.41459875,
10130400,2.05725,,0.5143125,
10131300,2.487593,,0.62189825,
10132200,2.90744,,0.72686,
10133100,3.348279,,0.83706975,
10134000,3.778622,,0.9446555,
10134900,4.198469,,1.04961725,
10135800,4.618316,,1.154579,
10136700,5.038163,,1.25954075,
10137600,5.437018,,1.3592545,
10138500,5.81488,,1.45372,
10139400,6.17175,,1.5429375,
10140300,6.476139,,1.61903475,
10141200,6.80152,,1.70038,
10142100,7.095413,,1.77385325,
10143000,7.368314,,1.8420785,
10143900,7.59923,,1.8998075,
10144800,7.819649,,1.95491225,
10145700,8.00858,,2.002145,
10146600,8.155527,,2.03888175,
10147500,8.291977,,2.07299425,
10148400,8.386443,,2.09661075,
10149300,8.44942,,2.112355,
10150200,8.480908,,2.120227,
10151100,8.543885,,2.13597125,
10152000,8.512397,,2.12809925,
10152900,8.438923,,2.10973075,
10153800,8.344458,,2.0861145,
10154700,8.208008,,2.052002,
10155600,8.050565,,2.01264125,
10156500,7.851138,,1.9627845,
10157400,7.630718,,1.9076795,
10158300,7.399802,,1.8499505,
10159200,7.126902,,1.7817255,
10160100,6.822513,,1.70562825,
10161000,6.497131,,1.62428275,
10161900,6.161254,,1.5403135,
10162800,5.793888,,1.448472,
10163700,5.395033,,1.34875825,
10164600,4.996179,,1.24904475,
10165500,4.586828,,1.146707,
10166400,4.166981,,1.04174525,
10167300,3.736638,,0.9341595,
10168200,3.306295,,0.82657375,
10169100,2.875951,,0.71898775,
10170000,2.445608,,0.611402,
10170900,2.025761,,0.50644025,
10171800,1.616411,,0.40410275,
10172700,1.249045,,0.31226125,
10173600,0.881679,,0.22041975,
10174500,0.556297,,0.13907425,
10175400,0.293893,,0.07347325,
10176300,0.104962,,0.0262405,
10177200,0,,0,
10178100,0,,0,
10179000,0,,0,
10179900,0,,0,
10180800,0,,0,
10181700,0,,0,
10182600,0,,0,
10183500,0,,0,
10184400,0,,0,
10185300,0,,0,
10186200,0,,0,
10187100,0,,0,
10188000,0,,0,
10188900,0,,0,
10189800,0,,0,
10190700,0,,0,
10191600,0,,0,
10192500,0,,0,
10193400,0,,0,
10194300,0,,0,
10195200,0,,0,
10196100,0,,0,
10197000,0,,0,
10197900,0,,0,
10198800,0,,0,
10199700,0,,0,
10200600,0,,0,
10201500,0,,0,
10202400,0,,0,
10203300,0,,0,
10204200,0,,0,
10205100,0,,0,
10206000,0,,0,
10206900,0,,0,
10207800,0,,0,
10208700,0,,0,
10209600,0,,0,
10210500,0,,0,
10211400,0.157443,,0.03936075,
10212300,0.377862,,0.0944655,
10213200,0.661259,,0.16531475,
10214100,1.007633,,0.25190825,
10215000,1.374999,,0.34374975,
10215900,1.773853,,0.44346325,
10216800,2.1937,,0.548425,
10217700,2.624043,,0.65601075,
10218600,3.064883,,0.76622075,
10219500,3.505722,,0.8764305,
10220400,3.946561,,0.98664025,
10221300,4.376904,,1.094226,
10222200,4.807247,,1.20181175,
10223100,5.206102,,1.3015255,
10224000,5.604957,,1.40123925,
10224900,5.993315,,1.49832875,
10225800,6.350185,,1.58754625,
10226700,6.707055,,1.67676375,
10227600,7.032436,,1.758109,
10228500,7.336825,,1.83420625,
10229400,7.578237,,1.89455925,
10230300,7.819649,,1.95491225,
10231200,8.040069,,2.01001725,
10232100,8.229,,2.05725,
10233000,8.375946,,2.0939865,
10233900,8.5019,,2.125475,
10234800,8.575374,,2.1438435,
10235700,8.638351,,2.15958775,
10236600,8.669839,,2.16745975,
10237500,8.648847,,2.16221175,
10238400,8.58587,,2.1464675,
10239300,8.512397,,2.12809925,
10240200,8.407435,,2.10185875,
10241100,8.260488,,2.065122,
10242000,8.071557,,2.01788925,
10242900,7.893122,,1.9732805,
10243800,7.672703,,1.91817575,
10244700,7.368314,,1.8420785,
10245600,7.095413,,1.77385325,
10246500,6.780528,,1.695132,
10247400,6.465643,,1.61641075,
10248300,6.108773,,1.52719325,
10249200,5.730911,,1.43272775,
10250100,5.353048,,1.338262,
10251000,4.96469,,1.2411725,
10251900,4.513355,,1.12833875,
10252800,4.093508,,1.023377,
10253700,3.673661,,0.91841525,
10254600,3.243318,,0.8108295,
10255500,2.791982,,0.6979955,
10256400,2.372135,,0.59303375,
10257300,1.962784,,0.490696,
10258200,1.574426,,0.3936065,
10259100,1.175571,,0.29389275,
10260000,0.829198,,0.2072995,
10260900,0.524809,,0.13120225,
10261800,0.272901,,0.06822525,
10262700,0.083969,,0.02099225,
10263600,0,,0,
10264500,0,,0,
10265400,0,,0,
10266300,0,,0,
10267200,0,,0,
10268100,0,,0,
10269000,0,,0,
10269900,0,,0,
10270800,0,,0,
10271700,0,,0,
10272600,0,,0,
10273500,0,,0,
10274400,0,,0,
10275300,0,,0,
10276200,0,,0,
10277100,0,,0,
10278000,0,,0,
10278900,0,,0,
10279800,0,,0,
10280700,0,,0,
10281600,0,,0,
10282500,0,,0,
10283400,0,,0,
10284300,0,,0,
10285200,0,,0,
10286100,0,,0,
10287000,0,,0,
10287900,0,,0,
10288800,0,,0,
10289700,0,,0,
10290600,0,,0,
10291500,0,,0,
10292400,0,,0,
10293300,0,,0,
10294200,0,,0,
10295100,0,,0,
10296000,0,,0,
10296900,0,,0,
10297800,0.125954,,0.0314885,
10298700,0.346374,,0.0865935,
10299600,0.619274,,0.1548185,
10300500,0.944656,,0.236164,
10301400,1.312022,,0.3280055,
10302300,1.721372,,0.430343,
10303200,2.120227,,0.53005675,
10304100,2.540074,,0.6350185,
10305000,2.949425,,0.73735625,
10305900,3.442745,,0.86068625,
10306800,3.873088,,0.968272,
10307700,4.303431,,1.07585775,
10308600,4.712782,,1.1781955,
10309500,5.206102,,1.3015255,
10310400,5.604957,,1.40123925,
10311300,5.982819,,1.49570475,
10312200,6.350185,,1.58754625,
10313100,6.717551,,1.67938775,
10314000,7.042932,,1.760733,
10314900,7.336825,,1.83420625,
10315800,7.59923,,1.8998075,
10316700,7.861634,,1.9654085,
10317600,8.071557,,2.01788925,
10318500,8.260488,,2.065122,
10319400,8.417931,,2.10448275,
10320300,8.554381,,2.13859525,
10321200,8.648847,,2.16221175,
10322100,8.711824,,2.177956,
10323000,8.732816,,2.183204,
10323900,8.638351,,2.15958775,
10324800,8.606862,,2.1517155,
10325700,8.533389,,2.13334725,
10326600,8.438923,,2.10973075,
10327500,8.281481,,2.07037025,
10328400,8.113542,,2.0283855,
10329300,7.924611,,1.98115275,
10330200,7.704191,,1.92604775,
10331100,7.452283,,1.86307075,
10332000,7.137398,,1.7843495,
10332900,6.843505,,1.71087625,
10333800,6.518124,,1.629531,
10334700,6.161254,,1.5403135,
10335600,5.804384,,1.451096,
10336500,5.416025,,1.35400625,
10337400,5.017171,,1.25429275,
10338300,4.597324,,1.149331,
10339200,4.166981,,1.04174525,
10340100,3.736638,,0.9341595,
10341000,3.306295,,0.82657375,
10341900,2.886448,,0.721612,
10342800,2.456105,,0.61402625,
10343700,2.036258,,0.5090645,
10344600,1.626907,,0.40672675,
10345500,1.249045,,0.31226125,
10346400,0.892175,,0.22304375,
10347300,0.566793,,0.14169825,
10348200,0.304389,,0.07609725,
10349100,0.115458,,0.0288645,
10350000,0,,0,
10350900,0,,0,
10351800,0,,0,
10352700,0,,0,
10353600,0,,0,
10354500,0,,0,
10355400,0,,0,
10356300,0,,0,
10357200,0,,0,
10358100,0,,0,
10359000,0,,0,
10359900,0,,0,
10360800,0,,0,
10361700,0,,0,
10362600,0,,0,
10363500,0,,0,
10364400,0,,0,
10365300,0,,0,
10366200,0,,0,
10367100,0,,0,
10368000,0,,0,
10368900,0,,0,
10369800,0,,0,
10370700,0,,0,
10371600,0,,0,
10372500,0,,0,
10373400,0,,0,
10374300,0,,0,
10375200,0,,0,
10376100,0,,0,
10377000,0,,0,
10377900,0,,0,
10378800,0,,0,
10379700,0,,0,
10380600,0,,0,
10381500,0,,0,
10382400,0,,0,
10383300,0,,0,
10384200,0.146946,,0.0367365,
10385100,0.35687,,0.0892175,
10386000,0.640267,,0.16006675,
10386900,0.976144,,0.244036,
10387800,1.333014,,0.3332535,
10388700,1.710876,,0.427719,
10389600,2.109731,,0.52743275,
10390500,2.519082,,0.6297705,
10391400,2.938929,,0.73473225,
10392300,3.358775,,0.83969375,
10393200,3.778622,,0.9446555,
10394100,4.198469,,1.04961725,
10395000,4.60782,,1.151955,
10395900,5.027667,,1.25691675,
10396800,5.416025,,1.35400625,
10397700,5.793888,,1.448472,
10398600,6.150758,,1.5376895,
10399500,6.413162,,1.6032905,
10400400,6.696559,,1.67413975,
10401300,6.990451,,1.74761275,
10402200,7.252856,,1.813214,
10403100,7.546749,,1.88668725,
10404000,7.756672,,1.939168,
10404900,7.945603,,1.98640075,
10405800,8.103046,,2.0257615,
10406700,8.249992,,2.062498,
10407600,8.344458,,2.0861145,
10408500,8.407435,,2.10185875,
10409400,8.428427,,2.10710675,
10410300,8.281481,,2.07037025,
10411200,8.239496,,2.059874,
10412100,8.145031,,2.03625775,
10413000,8.040069,,2.01001725,
10413900,7.935107,,1.98377675,
10414800,7.777664,,1.944416,
10415700,7.588733,,1.89718325,
10416600,7.368314,,1.8420785,
10417500,7.126902,,1.7817255,
10418400,6.854001,,1.71350025,
10419300,6.549612,,1.637403,
10420200,6.234727,,1.55868175,
10421100,5.982819,,1.49570475,
10422000,5.625949,,1.40648725,
10422900,5.248087,,1.31202175,
10423800,4.859728,,1.214932,
10424700,4.47137,,1.1178425,
10425600,4.062019,,1.01550475,
10426500,3.642172,,0.910543,
10427400,3.222325,,0.80558125,
10428300,2.802478,,0.7006195,
10429200,2.382631,,0.59565775,
10430100,1.973281,,0.49332025,
10431000,1.574426,,0.3936065,
10431900,1.20706,,0.301765,
10432800,0.85019,,0.2125475,
10433700,0.545801,,0.13645025,
10434600,0.283397,,0.07084925,
10435500,0.104962,,0.0262405,
10436400,0,,0,
10437300,0,,0,
10438200,0,,0,
10439100,0,,0,
10440000,0,,0,
10440900,0,,0,
10441800,0,,0,
10442700,0,,0,
10443600,0,,0,
10444500,0,,0,
10445400,0,,0,
10446300,0,,0,
10447200,0,,0,
10448100,0,,0,
10449000,0,,0,
10449900,0,,0,
10450800,0,,0,
10451700,0,,0,
10452600,0,,0,
10453500,0,,0,
10454400,0,,0,
10455300,0,,0,
10456200,0,,0,
10457100,0,,0,
10458000,0,,0,
10458900,0,,0,
10459800,0,,0,
10460700,0,,0,
10461600,0,,0,
10462500,0,,0,
10463400,0,,0,
10464300,0,,0,
10465200,0,,0,
10466100,0,,0,
10467000,0,,0,
10467900,0,,0,
10468800,0,,0,
10469700,0,,0,
10470600,0.178435,,0.04460875,
10471500,0.398855,,0.09971375,
10472400,0.682251,,0.17056275,
10473300,1.007633,,0.25190825,
10474200,1.374999,,0.34374975,
10475100,1.742365,,0.43559125,
10476000,2.130723,,0.53268075,
10476900,2.540074,,0.6350185,
10477800,2.959921,,0.73998025,
10478700,3.337783,,0.83444575,
10479600,3.75763,,0.9394075,
10480500,4.166981,,1.04174525,
10481400,4.576332,,1.144083,
10482300,4.922705,,1.23067625,
10483200,5.300568,,1.325142,
10484100,5.667934,,1.4169835,
10485000,6.003811,,1.50095275,
10485900,6.3082,,1.57705,
10486800,6.612589,,1.65314725,
10487700,6.895986,,1.7239965,
10488600,7.137398,,1.7843495,
10489500,7.37881,,1.8447025,
10490400,7.578237,,1.89455925,
10491300,7.767168,,1.941792,
10492200,7.914115,,1.97852875,
10493100,7.977092,,1.994273,
10494000,8.071557,,2.01788925,
10494900,8.124038,,2.0310095,
10495800,8.155527,,2.03888175,
10496700,7.840641,,1.96016025,
10497600,7.851138,,1.9627845,
10498500,7.788161,,1.94704025,
10499400,7.693695,,1.92342375,
10500300,7.567741,,1.89193525,
10501200,7.410298,,1.8525745,
10502100,7.231863,,1.80796575,
10503000,6.969459,,1.74236475,
10503900,6.822513,,1.70562825,
10504800,6.560108,,1.640027,
10505700,6.276712,,1.569178,
10506600,5.961826,,1.4904565,
10507500,5.741407,,1.43535175,
10508400,5.395033,,1.34875825,
10509300,5.038163,,1.25954075,
10510200,4.660301,,1.16507525,
10511100,4.439881,,1.10997025,
10512000,4.030531,,1.00763275,
10512900,3.631676,,0.907919,
10513800,3.201333,,0.80033325,
10514700,2.938929,,0.73473225,
10515600,2.519082,,0.6297705,
10516500,2.109731,,0.52743275,
10517400,1.710876,,0.427719,
10518300,1.374999,,0.34374975,
10519200,1.007633,,0.25190825,
10520100,0.671755,,0.16793875,
10521000,0.388358,,0.0970895,
10521900,0.167939,,0.04198475,
10522800,0,,0,
10523700,0,,0,
10524600,0,,0,
10525500,0,,0,
10526400,0,,0,
10527300,0,,0,
10528200,0,,0,
10529100,0,,0,
10530000,0,,0,
10530900,0,,0,
10531800,0,,0,
10532700,0,,0,
10533600,0,,0,
10534500,0,,0,
10535400,0,,0,
10536300,0,,0,
10537200,0,,0,
10538100,0,,0,
10539000,0,,0,
10539900,0,,0,
10540800,0,,0,
10541700,0,,0,
10542600,0,,0,
10543500,0,,0,
10544400,0,,0,
10545300,0,,0,
10546200,0,,0,
10547100,0,,0,
10548000,0,,0,
10548900,0,,0,
10549800,0,,0,
10550700,0,,0,
10551600,0,,0,
10552500,0,,0,
10553400,0,,0,
10554300,0,,0,
10555200,0,,0,
10556100,0,,0,
10557000,0.241412,,0.060353,
10557900,0.503816,,0.125954,
10558800,0.808205,,0.20205125,
10559700,1.165075,,0.29126875,
10560600,1.542937,,0.38573425,
10561500,1.973281,,0.49332025,
10562400,2.41412,,0.60353,
10563300,2.844463,,0.71111575,
10564200,3.285302,,0.8213255,
10565100,3.747134,,0.9367835,
10566000,4.187973,,1.04699325,
10566900,4.618316,,1.154579,
10567800,5.048659,,1.26216475,
10568700,5.468506,,1.3671265,
10569600,5.867361,,1.46684025,
10570500,6.255719,,1.56392975,
10571400,6.612589,,1.65314725,
10572300,6.969459,,1.74236475,
10573200,7.29484,,1.82371,
10574100,7.588733,,1.89718325,
10575000,7.861634,,1.9654085,
10575900,8.103046,,2.0257615,
10576800,8.291977,,2.07299425,
10577700,8.480908,,2.120227,
10578600,8.638351,,2.15958775,
10579500,8.753809,,2.18845225,
10580400,8.848274,,2.2120685,
10581300,8.879763,,2.21994075,
10582200,8.900755,,2.22518875,
10583100,8.890259,,2.22256475,
10584000,8.848274,,2.2120685,
10584900,8.785297,,2.19632425,
10585800,8.680335,,2.17008375,
10586700,8.522893,,2.13072325,
10587600,8.354954,,2.0887385,
10588500,8.166023,,2.04150575,
10589400,7.945603,,1.98640075,
10590300,7.704191,,1.92604775,
10591200,7.420795,,1.85519875,
10592100,7.116406,,1.7791015,
10593000,6.791024,,1.697756,
10593900,6.423658,,1.6059145,
10594800,6.056292,,1.514073,
10595700,5.667934,,1.4169835,
10596600,5.269079,,1.31726975,
10597500,4.838736,,1.209684,
10598400,4.408393,,1.10209825,
10599300,3.967554,,0.9918885,
10600200,3.53721,,0.8843025,
10601100,3.075379,,0.76884475,
10602000,2.645036,,0.661259,
10602900,2.225189,,0.55629725,
10603800,1.805342,,0.4513355,
10604700,1.385495,,0.34637375,
10605600,1.018129,,0.25453225,
10606500,0.692747,,0.17318675,
10607400,0.398855,,0.09971375,
10608300,0.178435,,0.04460875,
10609200,0,,0,
10610100,0,,0,
10611000,0,,0,
10611900,0,,0,
10612800,0,,0,
10613700,0,,0,
10614600,0,,0,
10615500,0,,0,
10616400,0,,0,
10617300,0,,0,
10618200,0,,0,
10619100,0,,0,
10620000,0,,0,
10620900,0,,0,
10621800,0,,0,
10622700,0,,0,
10623600,0,,0,
10624500,0,,0,
10625400,0,,0,
10626300,0,,0,
10627200,0,,0,
10628100,0,,0,
10629000,0,,0,
10629900,0,,0,
10630800,0,,0,
10631700,0,,0,
10632600,0,,0,
10633500,0,,0,
10634400,0,,0,
10635300,0,,0,
10636200,0,,0,
10637100,0,,0,
10638000,0,,0,
10638900,0,,0,
10639800,0,,0,
10640700,0,,0,
10641600,0,,0,
10642500,0,,0,
10643400,0.283397,,0.07084925,
10644300,0.535305,,0.13382625,
10645200,0.85019,,0.2125475,
10646100,1.217556,,0.304389,
10647000,1.605915,,0.40147875,
10647900,2.025761,,0.50644025,
10648800,2.456105,,0.61402625,
10649700,2.896944,,0.724236,
10650600,3.337783,,0.83444575,
10651500,3.778622,,0.9446555,
10652400,4.219462,,1.0548655,
10653300,4.660301,,1.16507525,
10654200,5.059156,,1.264789,
10655100,5.426522,,1.3566305,
10656000,5.825376,,1.456344,
10656900,6.203238,,1.5508095,
10657800,6.581101,,1.64527525,
10658700,6.864497,,1.71612425,
10659600,7.179383,,1.79484575,
10660500,7.483772,,1.870943,
10661400,7.746176,,1.936544,
10662300,7.945603,,1.98640075,
10663200,8.166023,,2.04150575,
10664100,8.354954,,2.0887385,
10665000,8.5019,,2.125475,
10665900,8.554381,,2.13859525,
10666800,8.648847,,2.16221175,
10667700,8.711824,,2.177956,
10668600,8.732816,,2.183204,
10669500,8.827282,,2.2068205,
10670400,8.785297,,2.19632425,
10671300,8.72232,,2.18058,
10672200,8.617358,,2.1543395,
10673100,8.44942,,2.112355,
10674000,8.281481,,2.07037025,
10674900,8.082053,,2.02051325,
10675800,7.861634,,1.9654085,
10676700,7.609726,,1.9024315,
10677600,7.336825,,1.83420625,
10678500,7.032436,,1.758109,
10679400,6.696559,,1.67413975,
10680300,6.381673,,1.59541825,
10681200,6.014307,,1.50357675,
10682100,5.625949,,1.40648725,
10683000,5.227094,,1.3067735,
10683900,4.859728,,1.214932,
10684800,4.429385,,1.10734625,
10685700,3.999042,,0.9997605,
10686600,3.579195,,0.89479875,
10687500,3.180341,,0.79508525,
10688400,2.739501,,0.68487525,
10689300,2.309158,,0.5772895,
10690200,1.878815,,0.46970375,
10691100,1.500953,,0.37523825,
10692000,1.123091,,0.28077275,
10692900,0.766221,,0.19155525,
10693800,0.461832,,0.115458,
10694700,0.230916,,0.057729,
10695600,0,,0,
10696500,0,,0,
10697400,0,,0,
10698300,0,,0,
10699200,0,,0,
10700100,0,,0,
10701000,0,,0,
10701900,0,,0,
10702800,0,,0,
10703700,0,,0,
10704600,0,,0,
10705500,0,,0,
10706400,0,,0,
10707300,0,,0,
10708200,0,,0,
10709100,0,,0,
10710000,0,,0,
10710900,0,,0,
10711800,0,,0,
10712700,0,,0,
10713600,0,,0,
10714500,0,,0,
10715400,0,,0,
10716300,0,,0,
10717200,0,,0,
10718100,0,,0,
10719000,0,,0,
10719900,0,,0,
10720800,0,,0,
10721700,0,,0,
10722600,0,,0,
10723500,0,,0,
10724400,0,,0,
10725300,0,,0,
10726200,0,,0,
10727100,0,,0,
10728000,0,,0,
10728900,0.083969,,0.02099225,
10729800,0.251908,,0.062977,
10730700,0.503816,,0.125954,
10731600,0.808205,,0.20205125,
10732500,1.144083,,0.28602075,
10733400,1.521945,,0.38048625,
10734300,1.941792,,0.485448,
10735200,2.361639,,0.59040975,
10736100,2.802478,,0.7006195,
10737000,3.243318,,0.8108295,
10737900,3.663164,,0.915791,
10738800,4.104004,,1.026001,
10739700,4.534347,,1.13358675,
10740600,4.954194,,1.2385485,
10741500,5.353048,,1.338262,
10742400,5.751903,,1.43797575,
10743300,6.129765,,1.53244125,
10744200,6.497131,,1.62428275,
10745100,6.854001,,1.71350025,
10746000,7.168886,,1.7922215,
10746900,7.473275,,1.86831875,
10747800,7.73568,,1.93392,
10748700,8.029573,,2.00739325,
10749600,8.249992,,2.062498,
10750500,8.428427,,2.10710675,
10751400,8.58587,,2.1464675,
10752300,8.743312,,2.185828,
10753200,8.837778,,2.2094445,
10754100,8.890259,,2.22256475,
10755000,8.921747,,2.23043675,
10755900,8.94274,,2.235685,
10756800,8.869266,,2.2173165,
10757700,8.795793,,2.19894825,
10758600,8.690832,,2.172708,
10759500,8.554381,,2.13859525,
10760400,8.386443,,2.09661075,
10761300,8.197511,,2.04937775,
10762200,7.977092,,1.994273,
10763100,7.725184,,1.931296,
10764000,7.441787,,1.86044675,
10764900,7.137398,,1.7843495,
10765800,6.812017,,1.70300425,
10766700,6.455147,,1.61378675,
10767600,6.098277,,1.52456925,
10768500,5.709918,,1.4274795,
10769400,5.332056,,1.333014,
10770300,4.912209,,1.22805225,
10771200,4.481866,,1.1204665,
10772100,4.051523,,1.01288075,
10773000,3.610684,,0.902671,
10773900,3.180341,,0.79508525,
10774800,2.739501,,0.68487525,
10775700,2.309158,,0.5772895,
10776600,1.899807,,0.47495175,
10777500,1.511449,,0.37786225,
10778400,1.133587,,0.28339675,
10779300,0.776717,,0.19417925,
10780200,0.472328,,0.118082,
10781100,0.241412,,0.060353,
10782000,0,,0,
10782900,0,,0,
10783800,0,,0,
10784700,0,,0,
10785600,0,,0,
10786500,0,,0,
10787400,0,,0,
10788300,0,,0,
10789200,0,,0,
10790100,0,,0,
10791000,0,,0,
10791900,0,,0,
10792800,0,,0,
10793700,0,,0,
10794600,0,,0,
10795500,0,,0,
10796400,0,,0,
10797300,0,,0,
10798200,0,,0,
10799100,0,,0,
10800000,0,,0,
10800900,0,,0,
10801800,0,,0,
10802700,0,,0,
10803600,0,,0,
10804500,0,,0,
10805400,0,,0,
10806300,0,,0,
10807200,0,,0,
10808100,0,,0,
10809000,0,,0,
10809900,0,,0,
10810800,0,,0,
10811700,0,,0,
10812600,0,,0,
10813500,0,,0,
10814400,0,,0,
10815300,0.125954,,0.0314885,
10816200,0.314885,,0.07872125,
10817100,0.566793,,0.14169825,
10818000,0.881679,,0.22041975,
10818900,1.238548,,0.309637,
10819800,1.616411,,0.40410275,
10820700,1.994273,,0.49856825,
10821600,2.403624,,0.600906,
10822500,2.823471,,0.70586775,
10823400,3.253814,,0.8134535,
10824300,3.652668,,0.913167,
10825200,4.083011,,1.02075275,
10826100,4.502858,,1.1257145,
10827000,4.922705,,1.23067625,
10827900,5.342552,,1.335638,
10828800,5.720414,,1.4301035,
10829700,6.108773,,1.52719325,
10830600,6.465643,,1.61641075,
10831500,6.780528,,1.695132,
10832400,7.095413,,1.77385325,
10833300,7.389306,,1.8473265,
10834200,7.65171,,1.9129275,
10835100,7.840641,,1.96016025,
10836000,8.050565,,2.01264125,
10836900,8.239496,,2.059874,
10837800,8.386443,,2.09661075,
10838700,8.512397,,2.12809925,
10839600,8.596366,,2.1490915,
10840500,8.659343,,2.16483575,
10841400,8.680335,,2.17008375,
10842300,8.554381,,2.13859525,
10843200,8.522893,,2.13072325,
10844100,8.459916,,2.114979,
10845000,8.354954,,2.0887385,
10845900,8.260488,,2.065122,
10846800,8.09255,,2.0231375,
10847700,7.903619,,1.97590475,
10848600,7.683199,,1.92079975,
10849500,7.504764,,1.876191,
10850400,7.231863,,1.80796575,
10851300,6.937971,,1.73449275,
10852200,6.612589,,1.65314725,
10853100,6.329193,,1.58229825,
10854000,5.961826,,1.4904565,
10854900,5.583964,,1.395991,
10855800,5.195606,,1.2989015,
10856700,4.870224,,1.217556,
10857600,4.450377,,1.11259425,
10858500,4.020034,,1.0050085,
10859400,3.589691,,0.89742275,
10860300,3.201333,,0.80033325,
10861200,2.77099,,0.6927475,
10862100,2.340647,,0.58516175,
10863000,1.931296,,0.482824,
10863900,1.532441,,0.38311025,
10864800,1.154579,,0.28864475,
10865700,0.808205,,0.20205125,
10866600,0.49332,,0.12333,
10867500,0.251908,,0.062977,
10868400,0,,0,
10869300,0,,0,
10870200,0,,0,
10871100,0,,0,
10872000,0,,0,
10872900,0,,0,
10873800,0,,0,
10874700,0,,0,
10875600,0,,0,
10876500,0,,0,
10877400,0,,0,
10878300,0,,0,
10879200,0,,0,
10880100,0,,0,
10881000,0,,0,
10881900,0,,0,
10882800,0,,0,
10883700,0,,0,
10884600,0,,0,
10885500,0,,0,
10886400,0,,0,
10887300,0,,0,
10888200,0,,0,
10889100,0,,0,
10890000,0,,0,
10890900,0,,0,
10891800,0,,0,
10892700,0,,0,
10893600,0,,0,
10894500,0,,0,
10895400,0,,0,
10896300,0,,0,
10897200,0,,0,
10898100,0,,0,
10899000,0,,0,
10899900,0,,0,
10900800,0,,0,
10901700,0.125954,,0.0314885,
10902600,0.325381,,0.08134525,
10903500,0.57729,,0.1443225,
10904400,0.892175,,0.22304375,
10905300,1.249045,,0.31226125,
10906200,1.626907,,0.40672675,
10907100,2.025761,,0.50644025,
10908000,2.435112,,0.608778,
10908900,2.865455,,0.71636375,
10909800,3.295798,,0.8239495,
10910700,3.715645,,0.92891125,
10911600,4.145988,,1.036497,
10912500,4.565835,,1.14145875,
10913400,4.985682,,1.2464205,
10914300,5.363545,,1.34088625,
10915200,5.762399,,1.44059975,
10916100,6.129765,,1.53244125,
10917000,6.486635,,1.62165875,
10917900,6.80152,,1.70038,
10918800,7.105909,,1.77647725,
10919700,7.399802,,1.8499505,
10920600,7.672703,,1.91817575,
10921500,7.903619,,1.97590475,
10922400,8.113542,,2.0283855,
10923300,8.291977,,2.07299425,
10924200,8.44942,,2.112355,
10925100,8.58587,,2.1464675,
10926000,8.680335,,2.17008375,
10926900,8.732816,,2.183204,
10927800,8.764305,,2.19107625,
10928700,8.701328,,2.175332,
10929600,8.669839,,2.16745975,
10930500,8.596366,,2.1490915,
10931400,8.491404,,2.122851,
10932300,8.375946,,2.0939865,
10933200,8.218504,,2.054626,
10934100,8.019076,,2.004769,
10935000,7.788161,,1.94704025,
10935900,7.59923,,1.8998075,
10936800,7.326329,,1.83158225,
10937700,7.000948,,1.750237,
10938600,6.675566,,1.6688915,
10939500,6.360681,,1.59017025,
10940400,6.003811,,1.50095275,
10941300,5.615453,,1.40386325,
10942200,5.227094,,1.3067735,
10943100,4.817744,,1.204436,
10944000,4.408393,,1.10209825,
10944900,3.988546,,0.9971365,
10945800,3.558203,,0.88955075,
10946700,3.12786,,0.781965,
10947600,2.708013,,0.67700325,
10948500,2.288166,,0.5720415,
10949400,1.878815,,0.46970375,
10950300,1.490457,,0.37261425,
10951200,1.123091,,0.28077275,
10952100,0.787213,,0.19680325,
10953000,0.482824,,0.120706,
10953900,0.241412,,0.060353,
10954800,0,,0,
10955700,0,,0,
10956600,0,,0,
10957500,0,,0,
10958400,0,,0,
10959300,0,,0,
10960200,0,,0,
10961100,0,,0,
10962000,0,,0,
10962900,0,,0,
10963800,0,,0,
10964700,0,,0,
10965600,0,,0,
10966500,0,,0,
10967400,0,,0,
10968300,0,,0,
10969200,0,,0,
10970100,0,,0,
10971000,0,,0,
10971900,0,,0,
10972800,0,,0,
10973700,0,,0,
10974600,0,,0,
10975500,0,,0,
10976400,0,,0,
10977300,0,,0,
10978200,0,,0,
10979100,0,,0,
10980000,0,,0,
10980900,0,,0,
10981800,0,,0,
10982700,0,,0,
10983600,0,,0,
10984500,0,,0,
10985400,0,,0,
10986300,0,,0,
10987200,0,,0,
10988100,0.146946,,0.0367365,
10989000,0.35687,,0.0892175,
10989900,0.62977,,0.1574425,
10990800,0.944656,,0.236164,
10991700,1.301525,,0.32538125,
10992600,1.679388,,0.419847,
10993500,2.088738,,0.5221845,
10994400,2.508585,,0.62714625,
10995300,2.917936,,0.729484,
10996200,3.348279,,0.83706975,
10997100,3.778622,,0.9446555,
10998000,4.198469,,1.04961725,
10998900,4.618316,,1.154579,
10999800,5.027667,,1.25691675,
11000700,5.363545,,1.34088625,
11001600,5.741407,,1.43535175,
11002500,6.119269,,1.52981725,
11003400,6.476139,,1.61903475,
11004300,6.738543,,1.68463575,
11005200,7.032436,,1.758109,
11006100,7.315833,,1.82895825,
11007000,7.578237,,1.89455925,
11007900,7.809153,,1.95228825,
11008800,8.029573,,2.00739325,
11009700,8.176519,,2.04412975,
11010600,8.333962,,2.0834905,
11011500,8.543885,,2.13597125,
11012400,8.627854,,2.1569635,
11013300,8.690832,,2.172708,
11014200,8.711824,,2.177956,
11015100,8.732816,,2.183204,
11016000,8.690832,,2.172708,
11016900,8.627854,,2.1569635,
11017800,8.522893,,2.13072325,
11018700,8.396939,,2.09923475,
11019600,8.229,,2.05725,
11020500,8.061061,,2.01526525,
11021400,7.840641,,1.96016025,
11022300,7.609726,,1.9024315,
11023200,7.336825,,1.83420625,
11024100,7.063925,,1.76598125,
11025000,6.749039,,1.68725975,
11025900,6.360681,,1.59017025,
11026800,6.003811,,1.50095275,
11027700,5.646941,,1.41173525,
11028600,5.258583,,1.31464575,
11029500,4.880721,,1.22018025,
11030400,4.47137,,1.1178425,
11031300,4.051523,,1.01288075,
11032200,3.62118,,0.905295,
11033100,3.253814,,0.8134535,
11034000,2.823471,,0.70586775,
11034900,2.393128,,0.598282,
11035800,1.983777,,0.49594425,
11036700,1.605915,,0.40147875,
11037600,1.228052,,0.307013,
11038500,0.871182,,0.2177955,
11039400,0.556297,,0.13907425,
11040300,0.304389,,0.07609725,
11041200,0.125954,,0.0314885,
11042100,0,,0,
11043000,0,,0,
11043900,0,,0,
11044800,0,,0,
11045700,0,,0,
11046600,0,,0,
11047500,0,,0,
11048400,0,,0,
11049300,0,,0,
11050200,0,,0,
11051100,0,,0,
11052000,0,,0,
11052900,0,,0,
11053800,0,,0,
11054700,0,,0,
11055600,0,,0,
11056500,0,,0,
11057400,0,,0,
11058300,0,,0,
11059200,0,,0,
11060100,0,,0,
11061000,0,,0,
11061900,0,,0,
11062800,0,,0,
11063700,0,,0,
11064600,0,,0,
11065500,0,,0,
11066400,0,,0,
11067300,0,,0,
11068200,0,,0,
11069100,0,,0,
11070000,0,,0,
11070900,0,,0,
11071800,0,,0,
11072700,0,,0,
11073600,0,,0,
11074500,0.178435,,0.04460875,
11075400,0.398855,,0.09971375,
11076300,0.671755,,0.16793875,
11077200,1.007633,,0.25190825,
11078100,1.364503,,0.34112575,
11079000,1.752861,,0.43821525,
11079900,2.172708,,0.543177,
11080800,2.603051,,0.65076275,
11081700,3.033394,,0.7583485,
11082600,3.463737,,0.86593425,
11083500,3.915073,,0.97876825,
11084400,4.345416,,1.086354,
11085300,4.775759,,1.19393975,
11086200,5.195606,,1.2989015,
11087100,5.657437,,1.41435925,
11088000,6.045796,,1.511449,
11088900,6.39217,,1.5980425,
11089800,6.749039,,1.68725975,
11090700,7.116406,,1.7791015,
11091600,7.431291,,1.85782275,
11092500,7.725184,,1.931296,
11093400,7.987588,,1.996897,
11094300,8.218504,,2.054626,
11095200,8.428427,,2.10710675,
11096100,8.58587,,2.1464675,
11097000,8.743312,,2.185828,
11097900,8.848274,,2.2120685,
11098800,8.94274,,2.235685,
11099700,9.005717,,2.25142925,
11100600,9.037205,,2.25930125,
11101500,8.94274,,2.235685,
11102400,8.890259,,2.22256475,
11103300,8.816786,,2.2041965,
11104200,8.72232,,2.18058,
11105100,8.564877,,2.14121925,
11106000,8.396939,,2.09923475,
11106900,8.208008,,2.052002,
11107800,7.987588,,1.996897,
11108700,7.746176,,1.936544,
11109600,7.452283,,1.86307075,
11110500,7.147894,,1.7869735,
11111400,6.833009,,1.70825225,
11112300,6.455147,,1.61378675,
11113200,6.098277,,1.52456925,
11114100,5.730911,,1.43272775,
11115000,5.342552,,1.335638,
11115900,4.891217,,1.22280425,
11116800,4.460874,,1.1152185,
11117700,4.041027,,1.01025675,
11118600,3.62118,,0.905295,
11119500,3.169844,,0.792461,
11120400,2.749997,,0.68749925,
11121300,2.340647,,0.58516175,
11122200,1.931296,,0.482824,
11123100,1.521945,,0.38048625,
11124000,1.154579,,0.28864475,
11124900,0.818702,,0.2046755,
11125800,0.524809,,0.13120225,
11126700,0.283397,,0.07084925,
11127600,0.104962,,0.0262405,
11128500,0,,0,
11129400,0,,0,
11130300,0,,0,
11131200,0,,0,
11132100,0,,0,
11133000,0,,0,
11133900,0,,0,
11134800,0,,0,
11135700,0,,0,
11136600,0,,0,
11137500,0,,0,
11138400,0,,0,
11139300,0,,0,
11140200,0,,0,
11141100,0,,0,
11142000,0,,0,
11142900,0,,0,
11143800,0,,0,
11144700,0,,0,
11145600,0,,0,
11146500,0,,0,
11147400,0,,0,
11148300,0,,0,
11149200,0,,0,
11150100,0,,0,
11151000,0,,0,
11151900,0,,0,
11152800,0,,0,
11153700,0,,0,
11154600,0,,0,
11155500,0,,0,
11156400,0,,0,
11157300,0,,0,
11158200,0,,0,
11159100,0,,0,
11160000,0,,0,
11160900,0.146946,,0.0367365,
11161800,0.346374,,0.0865935,
11162700,0.62977,,0.1574425,
11163600,0.944656,,0.236164,
11164500,1.301525,,0.32538125,
11165400,1.668892,,0.417223,
11166300,2.088738,,0.5221845,
11167200,2.508585,,0.62714625,
11168100,2.928432,,0.732108,
11169000,3.348279,,0.83706975,
11169900,3.831103,,0.95777575,
11170800,4.261446,,1.0653615,
11171700,4.681293,,1.17032325,
11172600,5.10114,,1.275285,
11173500,5.54198,,1.385495,
11174400,5.930338,,1.4825845,
11175300,6.297704,,1.574426,
11176200,6.654574,,1.6636435,
11177100,6.979955,,1.74498875,
11178000,7.263352,,1.815838,
11178900,7.557245,,1.88931125,
11179800,7.819649,,1.95491225,
11180700,8.050565,,2.01264125,
11181600,8.270985,,2.06774625,
11182500,8.438923,,2.10973075,
11183400,8.596366,,2.1490915,
11184300,8.732816,,2.183204,
11185200,8.827282,,2.2068205,
11186100,8.879763,,2.21994075,
11187000,8.921747,,2.23043675,
11187900,8.816786,,2.2041965,
11188800,8.785297,,2.19632425,
11189700,8.711824,,2.177956,
11190600,8.606862,,2.1517155,
11191500,8.5019,,2.125475,
11192400,8.333962,,2.0834905,
11193300,8.145031,,2.03625775,
11194200,7.924611,,1.98115275,
11195100,7.704191,,1.92604775,
11196000,7.431291,,1.85782275,
11196900,7.126902,,1.7817255,
11197800,6.812017,,1.70300425,
11198700,6.455147,,1.61378675,
11199600,6.098277,,1.52456925,
11200500,5.720414,,1.4301035,
11201400,5.311064,,1.327766,
11202300,4.891217,,1.22280425,
11203200,4.481866,,1.1204665,
11204100,4.062019,,1.01550475,
11205000,3.631676,,0.907919,
11205900,3.222325,,0.80558125,
11206800,2.802478,,0.7006195,
11207700,2.382631,,0.59565775,
11208600,1.983777,,0.49594425,
11209500,1.605915,,0.40147875,
11210400,1.228052,,0.307013,
11211300,0.881679,,0.22041975,
11212200,0.57729,,0.1443225,
11213100,0.325381,,0.08134525,
11214000,0.13645,,0.0341125,
11214900,0,,0,
11215800,0,,0,
11216700,0,,0,
11217600,0,,0,
11218500,0,,0,
11219400,0,,0,
11220300,0,,0,
11221200,0,,0,
11222100,0,,0,
11223000,0,,0,
11223900,0,,0,
11224800,0,,0,
11225700,0,,0,
11226600,0,,0,
11227500,0,,0,
11228400,0,,0,
11229300,0,,0,
11230200,0,,0,
11231100,0,,0,
11232000,0,,0,
11232900,0,,0,
11233800,0,,0,
11234700,0,,0,
11235600,0,,0,
11236500,0,,0,
11237400,0,,0,
11238300,0,,0,
11239200,0,,0,
11240100,0,,0,
11241000,0,,0,
11241900,0,,0,
11242800,0,,0,
11243700,0,,0,
11244600,0,,0,
11245500,0,,0,
11246400,0,,0,
11247300,0.188931,,0.04723275,
11248200,0.419847,,0.10496175,
11249100,0.682251,,0.17056275,
11250000,1.007633,,0.25190825,
11250900,1.364503,,0.34112575,
11251800,1.742365,,0.43559125,
11252700,2.120227,,0.53005675,
11253600,2.529578,,0.6323945,
11254500,2.959921,,0.73998025,
11255400,3.379768,,0.844942,
11256300,3.810111,,0.95252775,
11257200,4.229958,,1.0574895,
11258100,4.649805,,1.16245125,
11259000,5.059156,,1.264789,
11259900,5.489499,,1.37237475,
11260800,5.877857,,1.46946425,
11261700,6.245223,,1.56130575,
11262600,6.623085,,1.65577125,
11263500,7.032436,,1.758109,
11264400,7.336825,,1.83420625,
11265300,7.630718,,1.9076795,
11266200,7.893122,,1.9732805,
11267100,8.197511,,2.04937775,
11268000,8.407435,,2.10185875,
11268900,8.58587,,2.1464675,
11269800,8.743312,,2.185828,
11270700,8.911251,,2.22781275,
11271600,8.995221,,2.24880525,
11272500,9.058198,,2.2645495,
11273400,9.07919,,2.2697975,
11274300,9.07919,,2.2697975,
11275200,9.058198,,2.2645495,
11276100,8.974228,,2.243557,
11277000,8.869266,,2.2173165,
11277900,8.743312,,2.185828,
11278800,8.554381,,2.13859525,
11279700,8.36545,,2.0913625,
11280600,8.145031,,2.03625775,
11281500,7.893122,,1.9732805,
11282400,7.620222,,1.9050555,
11283300,7.347321,,1.83683025,
11284200,7.02194,,1.755485,
11285100,6.675566,,1.6688915,
11286000,6.3082,,1.57705,
11286900,5.930338,,1.4825845,
11287800,5.531483,,1.38287075,
11288700,5.132629,,1.28315725,
11289600,4.702286,,1.1755715,
11290500,4.282439,,1.07060975,
11291400,3.862592,,0.965648,
11292300,3.432249,,0.85806225,
11293200,3.001906,,0.7504765,
11294100,2.561066,,0.6402665,
11295000,2.141219,,0.53530475,
11295900,1.742365,,0.43559125,
11296800,1.354006,,0.3385015,
11297700,0.98664,,0.24666,
11298600,0.661259,,0.16531475,
11299500,0.377862,,0.0944655,
11300400,0.167939,,0.04198475,
11301300,0,,0,
11302200,0,,0,
11303100,0,,0,
11304000,0,,0,
11304900,0,,0,
11305800,0,,0,
11306700,0,,0,
11307600,0,,0,
11308500,0,,0,
11309400,0,,0,
11310300,0,,0,
11311200,0,,0,
11312100,0,,0,
11313000,0,,0,
11313900,0,,0,
11314800,0,,0,
11315700,0,,0,
11316600,0,,0,
11317500,0,,0,
11318400,0,,0,
11319300,0,,0,
11320200,0,,0,
11321100,0,,0,
11322000,0,,0,
11322900,0,,0,
11323800,0,,0,
11324700,0,,0,
11325600,0,,0,
11326500,0,,0,
11327400,0,,0,
11328300,0,,0,
11329200,0,,0,
11330100,0,,0,
11331000,0,,0,
11331900,0,,0,
11332800,0,,0,
11333700,0.262404,,0.065601,
11334600,0.514312,,0.128578,
11335500,0.818702,,0.2046755,
11336400,1.175571,,0.29389275,
11337300,1.56393,,0.3909825,
11338200,1.973281,,0.49332025,
11339100,2.393128,,0.598282,
11340000,2.833967,,0.70849175,
11340900,3.274806,,0.8187015,
11341800,3.715645,,0.92891125,
11342700,4.156485,,1.03912125,
11343600,4.597324,,1.149331,
11344500,5.027667,,1.25691675,
11345400,5.447514,,1.3618785,
11346300,5.877857,,1.46946425,
11347200,6.276712,,1.569178,
11348100,6.654574,,1.6636435,
11349000,7.011444,,1.752861,
11349900,7.368314,,1.8420785,
11350800,7.683199,,1.92079975,
11351700,7.977092,,1.994273,
11352600,8.239496,,2.059874,
11353500,8.5019,,2.125475,
11354400,8.680335,,2.17008375,
11355300,8.85877,,2.2146925,
11356200,9.016213,,2.25405325,
11357100,9.142167,,2.28554175,
11358000,9.226136,,2.306534,
11358900,9.289113,,2.32227825,
11359800,9.320602,,2.3301505,
11360700,9.257625,,2.31440625,
11361600,9.21564,,2.30391,
11362500,9.142167,,2.28554175,
11363400,9.047701,,2.26192525,
11364300,8.921747,,2.23043675,
11365200,8.72232,,2.18058,
11366100,8.533389,,2.13334725,
11367000,8.312969,,2.07824225,
11367900,8.071557,,2.01788925,
11368800,7.798657,,1.94966425,
11369700,7.504764,,1.876191,
11370600,7.179383,,1.79484575,
11371500,6.843505,,1.71087625,
11372400,6.476139,,1.61903475,
11373300,6.087781,,1.52194525,
11374200,5.688926,,1.4222315,
11375100,5.279575,,1.31989375,
11376000,4.859728,,1.214932,
11376900,4.429385,,1.10734625,
11377800,3.988546,,0.9971365,
11378700,3.558203,,0.88955075,
11379600,3.117363,,0.77934075,
11380500,2.676524,,0.669131,
11381400,2.246181,,0.56154525,
11382300,1.83683,,0.4592075,
11383200,1.437976,,0.359494,
11384100,1.060114,,0.2650285,
11385000,0.724236,,0.181059,
11385900,0.430343,,0.10758575,
11386800,0.199427,,0.04985675,
11387700,0,,0,
11388600,0,,0,
11389500,0,,0,
11390400,0,,0,
11391300,0,,0,
11392200,0,,0,
11393100,0,,0,
11394000,0,,0,
11394900,0,,0,
11395800,0,,0,
11396700,0,,0,
11397600,0,,0,
11398500,0,,0,
11399400,0,,0,
11400300,0,,0,
11401200,0,,0,
11402100,0,,0,
11403000,0,,0,
11403900,0,,0,
11404800,0,,0,
11405700,0,,0,
11406600,0,,0,
11407500,0,,0,
11408400,0,,0,
11409300,0,,0,
11410200,0,,0,
11411100,0,,0,
11412000,0,,0,
11412900,0,,0,
11413800,0,,0,
11414700,0,,0,
11415600,0,,0,
11416500,0,,0,
11417400,0,,0,
11418300,0,,0,
11419200,0,,0,
11420100,0.293893,,0.07347325,
11421000,0.556297,,0.13907425,
11421900,0.871182,,0.2177955,
11422800,1.238548,,0.309637,
11423700,1.626907,,0.40672675,
11424600,2.036258,,0.5090645,
11425500,2.477097,,0.61927425,
11426400,2.917936,,0.729484,
11427300,3.358775,,0.83969375,
11428200,3.810111,,0.95252775,
11429100,4.261446,,1.0653615,
11430000,4.702286,,1.1755715,
11430900,5.143125,,1.28578125,
11431800,5.552476,,1.388119,
11432700,5.972323,,1.49308075,
11433600,6.371177,,1.59279425,
11434500,6.749039,,1.68725975,
11435400,7.116406,,1.7791015,
11436300,7.452283,,1.86307075,
11437200,7.767168,,1.941792,
11438100,8.029573,,2.00739325,
11439000,8.291977,,2.07299425,
11439900,8.543885,,2.13597125,
11440800,8.753809,,2.18845225,
11441700,8.932244,,2.233061,
11442600,9.089686,,2.2724215,
11443500,9.21564,,2.30391,
11444400,9.268121,,2.31703025,
11445300,9.331098,,2.3327745,
11446200,9.362587,,2.34064675,
11447100,9.331098,,2.3327745,
11448000,9.268121,,2.31703025,
11448900,9.194648,,2.298662,
11449800,9.089686,,2.2724215,
11450700,8.953236,,2.238309,
11451600,8.753809,,2.18845225,
11452500,8.564877,,2.14121925,
11453400,8.344458,,2.0861145,
11454300,8.103046,,2.0257615,
11455200,7.798657,,1.94966425,
11456100,7.494268,,1.873567,
11457000,7.179383,,1.79484575,
11457900,6.854001,,1.71350025,
11458800,6.486635,,1.62165875,
11459700,6.108773,,1.52719325,
11460600,5.709918,,1.4274795,
11461500,5.300568,,1.325142,
11462400,4.880721,,1.22018025,
11463300,4.439881,,1.10997025,
11464200,3.999042,,0.9997605,
11465100,3.558203,,0.88955075,
11466000,3.117363,,0.77934075,
11466900,2.68702,,0.671755,
11467800,2.267173,,0.56679325,
11468700,1.83683,,0.4592075,
11469600,1.448472,,0.362118,
11470500,1.07061,,0.2676525,
11471400,0.734732,,0.183683,
11472300,0.451335,,0.11283375,
11473200,0.209923,,0.05248075,
11474100,0,,0,
11475000,0,,0,
11475900,0,,0,
11476800,0,,0,
11477700,0,,0,
11478600,0,,0,
11479500,0,,0,
11480400,0,,0,
11481300,0,,0,
11482200,0,,0,
11483100,0,,0,
11484000,0,,0,
11484900,0,,0,
11485800,0,,0,
11486700,0,,0,
11487600,0,,0,
11488500,0,,0,
11489400,0,,0,
11490300,0,,0,
11491200,0,,0,
11492100,0,,0,
11493000,0,,0,
11493900,0,,0,
11494800,0,,0,
11495700,0,,0,
11496600,0,,0,
11497500,0,,0,
11498400,0,,0,
11499300,0,,0,
11500200,0,,0,
11501100,0,,0,
11502000,0,,0,
11502900,0,,0,
11503800,0,,0,
11504700,0,,0,
11505600,0.115458,,0.0288645,
11506500,0.293893,,0.07347325,
11507400,0.545801,,0.13645025,
11508300,0.85019,,0.2125475,
11509200,1.196564,,0.299141,
11510100,1.574426,,0.3936065,
11511000,1.973281,,0.49332025,
11511900,2.382631,,0.59565775,
11512800,2.812974,,0.7032435,
11513700,3.243318,,0.8108295,
11514600,3.673661,,0.91841525,
11515500,4.124996,,1.031249,
11516400,4.555339,,1.13883475,
11517300,4.975186,,1.2437965,
11518200,5.395033,,1.34875825,
11519100,5.825376,,1.456344,
11520000,6.213735,,1.55343375,
11520900,6.581101,,1.64527525,
11521800,6.937971,,1.73449275,
11522700,7.284344,,1.821086,
11523600,7.59923,,1.8998075,
11524500,7.893122,,1.9732805,
11525400,8.145031,,2.03625775,
11526300,8.386443,,2.09661075,
11527200,8.627854,,2.1569635,
11528100,8.774801,,2.19370025,
11529000,8.932244,,2.233061,
11529900,9.058198,,2.2645495,
11530800,9.152663,,2.28816575,
11531700,9.205144,,2.301286,
11532600,9.236633,,2.30915825,
11533500,9.205144,,2.301286,
11534400,9.163159,,2.29078975,
11535300,9.100182,,2.2750455,
11536200,8.995221,,2.24880525,
11537100,8.85877,,2.2146925,
11538000,8.701328,,2.175332,
11538900,8.5019,,2.125475,
11539800,8.281481,,2.07037025,
11540700,8.050565,,2.01264125,
11541600,7.777664,,1.944416,
11542500,7.473275,,1.86831875,
11543400,7.147894,,1.7869735,
11544300,6.822513,,1.70562825,
11545200,6.465643,,1.61641075,
11546100,6.087781,,1.52194525,
11547000,5.688926,,1.4222315,
11547900,5.290071,,1.32251775,
11548800,4.870224,,1.217556,
11549700,4.418889,,1.10472225,
11550600,3.988546,,0.9971365,
11551500,3.558203,,0.88955075,
11552400,3.117363,,0.77934075,
11553300,2.68702,,0.671755,
11554200,2.267173,,0.56679325,
11555100,1.857823,,0.46445575,
11556000,1.458968,,0.364742,
11556900,1.091602,,0.2729005,
11557800,0.755724,,0.188931,
11558700,0.461832,,0.115458,
11559600,0.22042,,0.055105,
11560500,0,,0,
11561400,0,,0,
11562300,0,,0,
11563200,0,,0,
11564100,0,,0,
11565000,0,,0,
11565900,0,,0,
11566800,0,,0,
11567700,0,,0,
11568600,0,,0,
11569500,0,,0,
11570400,0,,0,
11571300,0,,0,
11572200,0,,0,
11573100,0,,0,
11574000,0,,0,
11574900,0,,0,
11575800,0,,0,
11576700,0,,0,
11577600,0,,0,
11578500,0,,0,
11579400,0,,0,
11580300,0,,0,
11581200,0,,0,
11582100,0,,0,
11583000,0,,0,
11583900,0,,0,
11584800,0,,0,
11585700,0,,0,
11586600,0,,0,
11587500,0,,0,
11588400,0,,0,
11589300,0,,0,
11590200,0,,0,
11591100,0,,0,
11592000,0.125954,,0.0314885,
11592900,0.304389,,0.07609725,
11593800,0.57729,,0.1443225,
11594700,0.892175,,0.22304375,
11595600,1.249045,,0.31226125,
11596500,1.637403,,0.40935075,
11597400,2.036258,,0.5090645,
11598300,2.487593,,0.62189825,
11599200,2.917936,,0.729484,
11600100,3.358775,,0.83969375,
11601000,3.799615,,0.94990375,
11601900,4.25095,,1.0627375,
11602800,4.681293,,1.17032325,
11603700,5.132629,,1.28315725,
11604600,5.552476,,1.388119,
11605500,5.972323,,1.49308075,
11606400,6.371177,,1.59279425,
11607300,6.749039,,1.68725975,
11608200,7.116406,,1.7791015,
11609100,7.452283,,1.86307075,
11610000,7.767168,,1.941792,
11610900,8.061061,,2.01526525,
11611800,8.333962,,2.0834905,
11612700,8.564877,,2.14121925,
11613600,8.774801,,2.19370025,
11614500,8.963732,,2.240933,
11615400,9.110678,,2.2776695,
11616300,9.226136,,2.306534,
11617200,9.278617,,2.31965425,
11618100,9.341594,,2.3353985,
11619000,9.362587,,2.34064675,
11619900,9.362587,,2.34064675,
11620800,9.289113,,2.32227825,
11621700,9.21564,,2.30391,
11622600,9.121175,,2.28029375,
11623500,8.984724,,2.246181,
11624400,8.785297,,2.19632425,
11625300,8.596366,,2.1490915,
11626200,8.375946,,2.0939865,
11627100,8.113542,,2.0283855,
11628000,7.819649,,1.95491225,
11628900,7.51526,,1.878815,
11629800,7.200375,,1.80009375,
11630700,6.833009,,1.70825225,
11631600,6.465643,,1.61641075,
11632500,6.087781,,1.52194525,
11633400,5.67843,,1.4196075,
11634300,5.248087,,1.31202175,
11635200,4.82824,,1.20706,
11636100,4.408393,,1.10209825,
11637000,3.97805,,0.9945125,
11637900,3.526714,,0.8816785,
11638800,3.096371,,0.77409275,
11639700,2.666028,,0.666507,
11640600,2.246181,,0.56154525,
11641500,1.826334,,0.4565835,
11642400,1.437976,,0.359494,
11643300,1.081106,,0.2702765,
11644200,0.745228,,0.186307,
11645100,0.451335,,0.11283375,
11646000,0.22042,,0.055105,
11646900,0,,0,
11647800,0,,0,
11648700,0,,0,
11649600,0,,0,
11650500,0,,0,
11651400,0,,0,
11652300,0,,0,
11653200,0,,0,
11654100,0,,0,
11655000,0,,0,
11655900,0,,0,
11656800,0,,0,
11657700,0,,0,
11658600,0,,0,
11659500,0,,0,
11660400,0,,0,
11661300,0,,0,
11662200,0,,0,
11663100,0,,0,
11664000,0,,0,
11664900,0,,0,
11665800,0,,0,
11666700,0,,0,
11667600,0,,0,
11668500,0,,0,
11669400,0,,0,
11670300,0,,0,
11671200,0,,0,
11672100,0,,0,
11673000,0,,0,
11673900,0,,0,
11674800,0,,0,
11675700,0,,0,
11676600,0,,0,
11677500,0,,0,
11678400,0.13645,,0.0341125,
11679300,0.335878,,0.0839695,
11680200,0.598282,,0.1495705,
11681100,0.934159,,0.23353975,
11682000,1.291029,,0.32275725,
11682900,1.679388,,0.419847,
11683800,2.078242,,0.5195605,
11684700,2.498089,,0.62452225,
11685600,2.928432,,0.732108,
11686500,3.369272,,0.842318,
11687400,3.799615,,0.94990375,
11688300,4.229958,,1.0574895,
11689200,4.649805,,1.16245125,
11690100,5.069652,,1.267413,
11691000,5.489499,,1.37237475,
11691900,5.867361,,1.46684025,
11692800,6.255719,,1.56392975,
11693700,6.623085,,1.65577125,
11694600,6.958963,,1.73974075,
11695500,7.284344,,1.821086,
11696400,7.588733,,1.89718325,
11697300,7.851138,,1.9627845,
11698200,8.124038,,2.0310095,
11699100,8.312969,,2.07824225,
11700000,8.522893,,2.13072325,
11700900,8.701328,,2.175332,
11701800,8.848274,,2.2120685,
11702700,8.921747,,2.23043675,
11703600,9.016213,,2.25405325,
11704500,9.068694,,2.2671735,
11705400,9.100182,,2.2750455,
11706300,9.026709,,2.25667725,
11707200,8.984724,,2.246181,
11708100,8.890259,,2.22256475,
11709000,8.795793,,2.19894825,
11709900,8.659343,,2.16483575,
11710800,8.491404,,2.122851,
11711700,8.302473,,2.07561825,
11712600,8.071557,,2.01788925,
11713500,7.819649,,1.95491225,
11714400,7.546749,,1.88668725,
11715300,7.263352,,1.815838,
11716200,6.948467,,1.73711675,
11717100,6.591597,,1.64789925,
11718000,6.234727,,1.55868175,
11718900,5.867361,,1.46684025,
11719800,5.479002,,1.3697505,
11720700,5.080148,,1.270037,
11721600,4.670797,,1.16769925,
11722500,4.25095,,1.0627375,
11723400,3.831103,,0.95777575,
11724300,3.390264,,0.847566,
11725200,2.980913,,0.74522825,
11726100,2.561066,,0.6402665,
11727000,2.151716,,0.537929,
11727900,1.752861,,0.43821525,
11728800,1.374999,,0.34374975,
11729700,1.028625,,0.25715625,
11730600,0.724236,,0.181059,
11731500,0.440839,,0.11020975,
11732400,0.22042,,0.055105,
11733300,0,,0,
11734200,0,,0,
11735100,0,,0,
11736000,0,,0,
11736900,0,,0,
11737800,0,,0,
11738700,0,,0,
11739600,0,,0,
11740500,0,,0,
11741400,0,,0,
11742300,0,,0,
11743200,0,,0,
11744100,0,,0,
11745000,0,,0,
11745900,0,,0,
11746800,0,,0,
11747700,0,,0,
11748600,0,,0,
11749500,0,,0,
11750400,0,,0,
11751300,0,,0,
11752200,0,,0,
11753100,0,,0,
11754000,0,,0,
11754900,0,,0,
11755800,0,,0,
11756700,0,,0,
11757600,0,,0,
11758500,0,,0,
11759400,0,,0,
11760300,0,,0,
11761200,0,,0,
11762100,0,,0,
11763000,0,,0,
11763900,0,,0,
11764800,0.125954,,0.0314885,
11765700,0.304389,,0.07609725,
11766600,0.556297,,0.13907425,
11767500,0.85019,,0.2125475,
11768400,1.186068,,0.296517,
11769300,1.553434,,0.3883585,
11770200,1.931296,,0.482824,
11771100,2.340647,,0.58516175,
11772000,2.749997,,0.68749925,
11772900,3.180341,,0.79508525,
11773800,3.610684,,0.902671,
11774700,4.030531,,1.00763275,
11775600,4.450377,,1.11259425,
11776500,4.859728,,1.214932,
11777400,5.269079,,1.31726975,
11778300,5.667934,,1.4169835,
11779200,6.0353,,1.508825,
11780100,6.413162,,1.6032905,
11781000,6.759536,,1.689884,
11781900,6.990451,,1.74761275,
11782800,7.29484,,1.82371,
11783700,7.578237,,1.89455925,
11784600,7.840641,,1.96016025,
11785500,8.061061,,2.01526525,
11786400,8.270985,,2.06774625,
11787300,8.438923,,2.10973075,
11788200,8.564877,,2.14121925,
11789100,8.690832,,2.172708,
11790000,8.774801,,2.19370025,
11790900,8.837778,,2.2094445,
11791800,8.85877,,2.2146925,
11792700,8.764305,,2.19107625,
11793600,8.72232,,2.18058,
11794500,8.638351,,2.15958775,
11795400,8.533389,,2.13334725,
11796300,8.354954,,2.0887385,
11797200,8.197511,,2.04937775,
11798100,8.00858,,2.002145,
11799000,7.777664,,1.944416,
11799900,7.51526,,1.878815,
11800800,7.252856,,1.813214,
11801700,6.958963,,1.73974075,
11802600,6.654574,,1.6636435,
11803500,6.297704,,1.574426,
11804400,5.95133,,1.4878325,
11805300,5.583964,,1.395991,
11806200,5.195606,,1.2989015,
11807100,4.807247,,1.20181175,
11808000,4.408393,,1.10209825,
11808900,4.009538,,1.0023845,
11809800,3.600187,,0.90004675,
11810700,3.201333,,0.80033325,
11811600,2.791982,,0.6979955,
11812500,2.403624,,0.600906,
11813400,2.015265,,0.50381625,
11814300,1.637403,,0.40935075,
11815200,1.280533,,0.32013325,
11816100,0.944656,,0.236164,
11817000,0.640267,,0.16006675,
11817900,0.377862,,0.0944655,
11818800,0.167939,,0.04198475,
11819700,0,,0,
11820600,0,,0,
11821500,0,,0,
11822400,0,,0,
11823300,0,,0,
11824200,0,,0,
11825100,0,,0,
11826000,0,,0,
11826900,0,,0,
11827800,0,,0,
11828700,0,,0,
11829600,0,,0,
11830500,0,,0,
11831400,0,,0,
11832300,0,,0,
11833200,0,,0,
11834100,0,,0,
11835000,0,,0,
11835900,0,,0,
11836800,0,,0,
11837700,0,,0,
11838600,0,,0,
11839500,0,,0,
11840400,0,,0,
11841300,0,,0,
11842200,0,,0,
11843100,0,,0,
11844000,0,,0,
11844900,0,,0,
11845800,0,,0,
11846700,0,,0,
11847600,0,,0,
11848500,0,,0,
11849400,0,,0,
11850300,0,,0,
11851200,0.115458,,0.0288645,
11852100,0.293893,,0.07347325,
11853000,0.535305,,0.13382625,
11853900,0.829198,,0.2072995,
11854800,1.154579,,0.28864475,
11855700,1.511449,,0.37786225,
11856600,1.889311,,0.47232775,
11857500,2.288166,,0.5720415,
11858400,2.676524,,0.669131,
11859300,3.085875,,0.77146875,
11860200,3.505722,,0.8764305,
11861100,3.915073,,0.97876825,
11862000,4.33492,,1.08373,
11862900,4.723278,,1.1808195,
11863800,5.122133,,1.28053325,
11864700,5.520987,,1.38024675,
11865600,5.888353,,1.47208825,
11866500,6.255719,,1.56392975,
11867400,6.591597,,1.64789925,
11868300,6.927474,,1.7318685,
11869200,7.210871,,1.80271775,
11870100,7.483772,,1.870943,
11871000,7.746176,,1.936544,
11871900,7.945603,,1.98640075,
11872800,8.145031,,2.03625775,
11873700,8.323465,,2.08086625,
11874600,8.470412,,2.117603,
11875500,8.554381,,2.13859525,
11876400,8.638351,,2.15958775,
11877300,8.701328,,2.175332,
11878200,8.743312,,2.185828,
11879100,8.596366,,2.1490915,
11880000,8.564877,,2.14121925,
11880900,8.470412,,2.117603,
11881800,8.375946,,2.0939865,
11882700,8.260488,,2.065122,
11883600,8.103046,,2.0257615,
11884500,7.924611,,1.98115275,
11885400,7.714687,,1.92867175,
11886300,7.494268,,1.873567,
11887200,7.231863,,1.80796575,
11888100,6.948467,,1.73711675,
11889000,6.644078,,1.6610195,
11889900,6.297704,,1.574426,
11890800,5.961826,,1.4904565,
11891700,5.59446,,1.398615,
11892600,5.227094,,1.3067735,
11893500,4.859728,,1.214932,
11894400,4.460874,,1.1152185,
11895300,4.062019,,1.01550475,
11896200,3.652668,,0.913167,
11897100,3.274806,,0.8187015,
11898000,2.865455,,0.71636375,
11898900,2.466601,,0.61665025,
11899800,2.078242,,0.5195605,
11900700,1.689884,,0.422471,
11901600,1.333014,,0.3332535,
11902500,0.997136,,0.249284,
11903400,0.692747,,0.17318675,
11904300,0.419847,,0.10496175,
11905200,0.209923,,0.05248075,
11906100,0.062977,,0.01574425,
11907000,0,,0,
11907900,0,,0,
11908800,0,,0,
11909700,0,,0,
11910600,0,,0,
11911500,0,,0,
11912400,0,,0,
11913300,0,,0,
11914200,0,,0,
11915100,0,,0,
11916000,0,,0,
11916900,0,,0,
11917800,0,,0,
11918700,0,,0,
11919600,0,,0,
11920500,0,,0,
11921400,0,,0,
11922300,0,,0,
11923200,0,,0,
11924100,0,,0,
11925000,0,,0,
11925900,0,,0,
11926800,0,,0,
11927700,0,,0,
11928600,0,,0,
11929500,0,,0,
11930400,0,,0,
11931300,0,,0,
11932200,0,,0,
11933100,0,,0,
11934000,0,,0,
11934900,0,,0,
11935800,0,,0,
11936700,0,,0,
11937600,0.125954,,0.0314885,
11938500,0.314885,,0.07872125,
11939400,0.556297,,0.13907425,
11940300,0.85019,,0.2125475,
11941200,1.175571,,0.29389275,
11942100,1.542937,,0.38573425,
11943000,1.910304,,0.477576,
11943900,2.319654,,0.5799135,
11944800,2.708013,,0.67700325,
11945700,3.117363,,0.77934075,
11946600,3.526714,,0.8816785,
11947500,3.967554,,0.9918885,
11948400,4.376904,,1.094226,
11949300,4.796751,,1.19918775,
11950200,5.195606,,1.2989015,
11951100,5.615453,,1.40386325,
11952000,5.993315,,1.49832875,
11952900,6.339689,,1.58492225,
11953800,6.686062,,1.6715155,
11954700,7.011444,,1.752861,
11955600,7.315833,,1.82895825,
11956500,7.59923,,1.8998075,
11957400,7.861634,,1.9654085,
11958300,8.113542,,2.0283855,
11959200,8.312969,,2.07824225,
11960100,8.491404,,2.122851,
11961000,8.659343,,2.16483575,
11961900,8.785297,,2.19632425,
11962800,8.869266,,2.2173165,
11963700,8.932244,,2.233061,
11964600,8.932244,,2.233061,
11965500,8.848274,,2.2120685,
11966400,8.806289,,2.20157225,
11967300,8.743312,,2.185828,
11968200,8.648847,,2.16221175,
11969100,8.491404,,2.122851,
11970000,8.333962,,2.0834905,
11970900,8.166023,,2.04150575,
11971800,7.956099,,1.98902475,
11972700,7.672703,,1.91817575,
11973600,7.389306,,1.8473265,
11974500,7.095413,,1.77385325,
11975400,6.791024,,1.697756,
11976300,6.39217,,1.5980425,
11977200,6.066788,,1.516697,
11978100,5.699422,,1.4248555,
11979000,5.32156,,1.33039,
11979900,4.901713,,1.22542825,
11980800,4.492362,,1.1230905,
11981700,4.093508,,1.023377,
11982600,3.684157,,0.92103925,
11983500,3.274806,,0.8187015,
11984400,2.865455,,0.71636375,
11985300,2.466601,,0.61665025,
11986200,2.078242,,0.5195605,
11987100,1.710876,,0.427719,
11988000,1.354006,,0.3385015,
11988900,1.018129,,0.25453225,
11989800,0.703244,,0.175811,
11990700,0.440839,,0.11020975,
11991600,0.22042,,0.055105,
11992500,0.073473,,0.01836825,
11993400,0,,0,
11994300,0,,0,
11995200,0,,0,
11996100,0,,0,
11997000,0,,0,
11997900,0,,0,
11998800,0,,0,
11999700,0,,0,
12000600,0,,0,
12001500,0,,0,
12002400,0,,0,
12003300,0,,0,
12004200,0,,0,
12005100,0,,0,
12006000,0,,0,
12006900,0,,0,
12007800,0,,0,
12008700,0,,0,
12009600,0,,0,
12010500,0,,0,
12011400,0,,0,
12012300,0,,0,
12013200,0,,0,
12014100,0,,0,
12015000,0,,0,
12015900,0,,0,
12016800,0,,0,
12017700,0,,0,
12018600,0,,0,
12019500,0,,0,
12020400,0,,0,
12021300,0,,0,
12022200,0,,0,
12023100,0,,0,
12024000,0.146946,,0.0367365,
12024900,0.335878,,0.0839695,
12025800,0.587786,,0.1469465,
12026700,0.892175,,0.22304375,
12027600,1.217556,,0.304389,
12028500,1.574426,,0.3936065,
12029400,1.952288,,0.488072,
12030300,2.351143,,0.58778575,
12031200,2.749997,,0.68749925,
12032100,3.159348,,0.789837,
12033000,3.589691,,0.89742275,
12033900,3.999042,,0.9997605,
12034800,4.418889,,1.10472225,
12035700,4.817744,,1.204436,
12036600,5.216598,,1.3041495,
12037500,5.604957,,1.40123925,
12038400,5.982819,,1.49570475,
12039300,6.339689,,1.58492225,
12040200,6.686062,,1.6715155,
12041100,6.990451,,1.74761275,
12042000,7.29484,,1.82371,
12042900,7.567741,,1.89193525,
12043800,7.819649,,1.95491225,
12044700,8.040069,,2.01001725,
12045600,8.249992,,2.062498,
12046500,8.407435,,2.10185875,
12047400,8.554381,,2.13859525,
12048300,8.659343,,2.16483575,
12049200,8.743312,,2.185828,
12050100,8.806289,,2.20157225,
12051000,8.827282,,2.2068205,
12051900,8.743312,,2.185828,
12052800,8.711824,,2.177956,
12053700,8.648847,,2.16221175,
12054600,8.522893,,2.13072325,
12055500,8.386443,,2.09661075,
12056400,8.229,,2.05725,
12057300,8.040069,,2.01001725,
12058200,7.830145,,1.95753625,
12059100,7.59923,,1.8998075,
12060000,7.336825,,1.83420625,
12060900,7.053428,,1.763357,
12061800,6.749039,,1.68725975,
12062700,6.402666,,1.6006665,
12063600,6.077284,,1.519321,
12064500,5.709918,,1.4274795,
12065400,5.342552,,1.335638,
12066300,4.954194,,1.2385485,
12067200,4.555339,,1.13883475,
12068100,4.166981,,1.04174525,
12069000,3.75763,,0.9394075,
12069900,3.348279,,0.83706975,
12070800,2.938929,,0.73473225,
12071700,2.540074,,0.6350185,
12072600,2.151716,,0.537929,
12073500,1.763357,,0.44083925,
12074400,1.395991,,0.34899775,
12075300,1.049617,,0.26240425,
12076200,0.745228,,0.186307,
12077100,0.461832,,0.115458,
12078000,0.230916,,0.057729,
12078900,0.083969,,0.02099225,
12079800,0,,0,
12080700,0,,0,
12081600,0,,0,
12082500,0,,0,
12083400,0,,0,
12084300,0,,0,
12085200,0,,0,
12086100,0,,0,
12087000,0,,0,
12087900,0,,0,
12088800,0,,0,
12089700,0,,0,
12090600,0,,0,
12091500,0,,0,
12092400,0,,0,
12093300,0,,0,
12094200,0,,0,
12095100,0,,0,
12096000,0,,0,
12096900,0,,0,
12097800,0,,0,
12098700,0,,0,
12099600,0,,0,
12100500,0,,0,
12101400,0,,0,
12102300,0,,0,
12103200,0,,0,
12104100,0,,0,
12105000,0,,0,
12105900,0,,0,
12106800,0,,0,
12107700,0,,0,
12108600,0,,0,
12109500,0,,0,
12110400,0.125954,,0.0314885,
12111300,0.304389,,0.07609725,
12112200,0.545801,,0.13645025,
12113100,0.860686,,0.2151715,
12114000,1.186068,,0.296517,
12114900,1.532441,,0.38311025,
12115800,1.899807,,0.47495175,
12116700,2.298662,,0.5746655,
12117600,2.697517,,0.67437925,
12118500,3.096371,,0.77409275,
12119400,3.505722,,0.8764305,
12120300,3.925569,,0.98139225,
12121200,4.345416,,1.086354,
12122100,4.754767,,1.18869175,
12123000,5.143125,,1.28578125,
12123900,5.54198,,1.385495,
12124800,5.919842,,1.4799605,
12125700,6.276712,,1.569178,
12126600,6.602093,,1.65052325,
12127500,6.895986,,1.7239965,
12128400,7.200375,,1.80009375,
12129300,7.473275,,1.86831875,
12130200,7.73568,,1.93392,
12131100,7.956099,,1.98902475,
12132000,8.155527,,2.03888175,
12132900,8.323465,,2.08086625,
12133800,8.470412,,2.117603,
12134700,8.575374,,2.1438435,
12135600,8.659343,,2.16483575,
12136500,8.711824,,2.177956,
12137400,8.743312,,2.185828,
12138300,8.711824,,2.177956,
12139200,8.669839,,2.16745975,
12140100,8.606862,,2.1517155,
12141000,8.512397,,2.12809925,
12141900,8.375946,,2.0939865,
12142800,8.218504,,2.054626,
12143700,8.029573,,2.00739325,
12144600,7.819649,,1.95491225,
12145500,7.588733,,1.89718325,
12146400,7.326329,,1.83158225,
12147300,7.042932,,1.760733,
12148200,6.738543,,1.68463575,
12149100,6.402666,,1.6006665,
12150000,6.066788,,1.516697,
12150900,5.709918,,1.4274795,
12151800,5.342552,,1.335638,
12152700,4.96469,,1.2411725,
12153600,4.565835,,1.14145875,
12154500,4.177477,,1.04436925,
12155400,3.768126,,0.9420315,
12156300,3.390264,,0.847566,
12157200,2.980913,,0.74522825,
12158100,2.592555,,0.64813875,
12159000,2.1937,,0.548425,
12159900,1.83683,,0.4592075,
12160800,1.469464,,0.367366,
12161700,1.123091,,0.28077275,
12162600,0.808205,,0.20205125,
12163500,0.535305,,0.13382625,
12164400,0.293893,,0.07347325,
12165300,0.125954,,0.0314885,
12166200,0,,0,
12167100,0,,0,
12168000,0,,0,
12168900,0,,0,
12169800,0,,0,
12170700,0,,0,
12171600,0,,0,
12172500,0,,0,
12173400,0,,0,
12174300,0,,0,
12175200,0,,0,
12176100,0,,0,
12177000,0,,0,
12177900,0,,0,
12178800,0,,0,
12179700,0,,0,
12180600,0,,0,
12181500,0,,0,
12182400,0,,0,
12183300,0,,0,
12184200,0,,0,
12185100,0,,0,
12186000,0,,0,
12186900,0,,0,
12187800,0,,0,
12188700,0,,0,
12189600,0,,0,
12190500,0,,0,
12191400,0,,0,
12192300,0,,0,
12193200,0,,0,
12194100,0,,0,
12195000,0,,0,
12195900,0,,0,
12196800,0.230916,,0.057729,
12197700,0.451335,,0.11283375,
12198600,0.734732,,0.183683,
12199500,1.07061,,0.2676525,
12200400,1.437976,,0.359494,
12201300,1.815838,,0.4539595,
12202200,2.225189,,0.55629725,
12203100,2.655532,,0.663883,
12204000,3.085875,,0.77146875,
12204900,3.516218,,0.8790545,
12205800,3.936065,,0.98401625,
12206700,4.366408,,1.091602,
12207600,4.796751,,1.19918775,
12208500,5.216598,,1.3041495,
12209400,5.636445,,1.40911125,
12210300,6.024804,,1.506201,
12211200,6.413162,,1.6032905,
12212100,6.759536,,1.689884,
12213000,7.105909,,1.77647725,
12213900,7.347321,,1.83683025,
12214800,7.672703,,1.91817575,
12215700,7.956099,,1.98902475,
12216600,8.218504,,2.054626,
12217500,8.417931,,2.10448275,
12218400,8.627854,,2.1569635,
12219300,8.806289,,2.20157225,
12220200,8.953236,,2.238309,
12221100,9.047701,,2.26192525,
12222000,9.131671,,2.28291775,
12222900,9.194648,,2.298662,
12223800,9.21564,,2.30391,
12224700,9.110678,,2.2776695,
12225600,9.047701,,2.26192525,
12226500,8.984724,,2.246181,
12227400,8.879763,,2.21994075,
12228300,8.774801,,2.19370025,
12229200,8.617358,,2.1543395,
12230100,8.428427,,2.10710675,
12231000,8.218504,,2.054626,
12231900,7.998084,,1.999521,
12232800,7.73568,,1.93392,
12233700,7.431291,,1.85782275,
12234600,7.116406,,1.7791015,
12235500,6.822513,,1.70562825,
12236400,6.465643,,1.61641075,
12237300,6.087781,,1.52194525,
12238200,5.709918,,1.4274795,
12239100,5.332056,,1.333014,
12240000,4.922705,,1.23067625,
12240900,4.502858,,1.1257145,
12241800,4.072515,,1.01812875,
12242700,3.673661,,0.91841525,
12243600,3.253814,,0.8134535,
12244500,2.823471,,0.70586775,
12245400,2.41412,,0.60353,
12246300,2.025761,,0.50644025,
12247200,1.637403,,0.40935075,
12248100,1.259541,,0.31488525,
12249000,0.923663,,0.23091575,
12249900,0.619274,,0.1548185,
12250800,0.35687,,0.0892175,
12251700,0.157443,,0.03936075,
12252600,0,,0,
12253500,0,,0,
12254400,0,,0,
12255300,0,,0,
12256200,0,,0,
12257100,0,,0,
12258000,0,,0,
12258900,0,,0,
12259800,0,,0,
12260700,0,,0,
12261600,0,,0,
12262500,0,,0,
12263400,0,,0,
12264300,0,,0,
12265200,0,,0,
12266100,0,,0,
12267000,0,,0,
12267900,0,,0,
12268800,0,,0,
12269700,0,,0,
12270600,0,,0,
12271500,0,,0,
12272400,0,,0,
12273300,0,,0,
12274200,0,,0,
12275100,0,,0,
12276000,0,,0,
12276900,0,,0,
12277800,0,,0,
12278700,0,,0,
12279600,0,,0,
12280500,0,,0,
12281400,0,,0,
12282300,0,,0,
12283200,0.22042,,0.055105,
12284100,0.440839,,0.11020975,
12285000,0.71374,,0.178435,
12285900,1.028625,,0.25715625,
12286800,1.385495,,0.34637375,
12287700,1.763357,,0.44083925,
12288600,2.151716,,0.537929,
12289500,2.561066,,0.6402665,
12290400,2.980913,,0.74522825,
12291300,3.40076,,0.85019,
12292200,3.841599,,0.96039975,
12293100,4.261446,,1.0653615,
12294000,4.681293,,1.17032325,
12294900,5.10114,,1.275285,
12295800,5.510491,,1.37762275,
12296700,5.888353,,1.47208825,
12297600,6.276712,,1.569178,
12298500,6.66507,,1.6662675,
12299400,7.011444,,1.752861,
12300300,7.336825,,1.83420625,
12301200,7.641214,,1.9103035,
12302100,7.956099,,1.98902475,
12303000,8.218504,,2.054626,
12303900,8.459916,,2.114979,
12304800,8.669839,,2.16745975,
12305700,8.848274,,2.2120685,
12306600,9.026709,,2.25667725,
12307500,9.152663,,2.28816575,
12308400,9.247129,,2.31178225,
12309300,9.29961,,2.3249025,
12310200,9.331098,,2.3327745,
12311100,9.257625,,2.31440625,
12312000,9.226136,,2.306534,
12312900,9.152663,,2.28816575,
12313800,9.058198,,2.2645495,
12314700,8.963732,,2.240933,
12315600,8.806289,,2.20157225,
12316500,8.617358,,2.1543395,
12317400,8.407435,,2.10185875,
12318300,8.187015,,2.04675375,
12319200,7.924611,,1.98115275,
12320100,7.630718,,1.9076795,
12321000,7.305337,,1.82633425,
12321900,6.990451,,1.74761275,
12322800,6.633582,,1.6583955,
12323700,6.255719,,1.56392975,
12324600,5.867361,,1.46684025,
12325500,5.45801,,1.3645025,
12326400,5.027667,,1.25691675,
12327300,4.60782,,1.151955,
12328200,4.177477,,1.04436925,
12329100,3.736638,,0.9341595,
12330000,3.306295,,0.82657375,
12330900,2.865455,,0.71636375,
12331800,2.445608,,0.611402,
12332700,2.036258,,0.5090645,
12333600,1.637403,,0.40935075,
12334500,1.270037,,0.31750925,
12335400,0.923663,,0.23091575,
12336300,0.608778,,0.1521945,
12337200,0.346374,,0.0865935,
12338100,0.157443,,0.03936075,
12339000,0,,0,
12339900,0,,0,
12340800,0,,0,
12341700,0,,0,
12342600,0,,0,
12343500,0,,0,
12344400,0,,0,
12345300,0,,0,
12346200,0,,0,
12347100,0,,0,
12348000,0,,0,
12348900,0,,0,
12349800,0,,0,
12350700,0,,0,
12351600,0,,0,
12352500,0,,0,
12353400,0,,0,
12354300,0,,0,
12355200,0,,0,
12356100,0,,0,
12357000,0,,0,
12357900,0,,0,
12358800,0,,0,
12359700,0,,0,
12360600,0,,0,
12361500,0,,0,
12362400,0,,0,
12363300,0,,0,
12364200,0,,0,
12365100,0,,0,
12366000,0,,0,
12366900,0,,0,
12367800,0,,0,
12368700,0,,0,
12369600,0.167939,,0.04198475,
12370500,0.377862,,0.0944655,
12371400,0.62977,,0.1574425,
12372300,0.923663,,0.23091575,
12373200,1.249045,,0.31226125,
12374100,1.605915,,0.40147875,
12375000,1.983777,,0.49594425,
12375900,2.361639,,0.59040975,
12376800,2.760494,,0.6901235,
12377700,3.169844,,0.792461,
12378600,3.579195,,0.89479875,
12379500,4.009538,,1.0023845,
12380400,4.418889,,1.10472225,
12381300,4.817744,,1.204436,
12382200,5.216598,,1.3041495,
12383100,5.615453,,1.40386325,
12384000,5.972323,,1.49308075,
12384900,6.329193,,1.58229825,
12385800,6.66507,,1.6662675,
12386700,7.02194,,1.755485,
12387600,7.326329,,1.83158225,
12388500,7.59923,,1.8998075,
12389400,7.851138,,1.9627845,
12390300,8.113542,,2.0283855,
12391200,8.323465,,2.08086625,
12392100,8.5019,,2.125475,
12393000,8.669839,,2.16745975,
12393900,8.816786,,2.2041965,
12394800,8.900755,,2.22518875,
12395700,8.953236,,2.238309,
12396600,8.984724,,2.246181,
12397500,9.047701,,2.26192525,
12398400,9.005717,,2.25142925,
12399300,8.94274,,2.235685,
12400200,8.848274,,2.2120685,
12401100,8.753809,,2.18845225,
12402000,8.596366,,2.1490915,
12402900,8.407435,,2.10185875,
12403800,8.197511,,2.04937775,
12404700,7.998084,,1.999521,
12405600,7.756672,,1.939168,
12406500,7.462779,,1.86569475,
12407400,7.15839,,1.7895975,
12408300,6.833009,,1.70825225,
12409200,6.486635,,1.62165875,
12410100,6.129765,,1.53244125,
12411000,5.741407,,1.43535175,
12411900,5.405529,,1.35138225,
12412800,4.996179,,1.24904475,
12413700,4.576332,,1.144083,
12414600,4.156485,,1.03912125,
12415500,3.75763,,0.9394075,
12416400,3.337783,,0.83444575,
12417300,2.917936,,0.729484,
12418200,2.498089,,0.62452225,
12419100,2.109731,,0.52743275,
12420000,1.721372,,0.430343,
12420900,1.34351,,0.3358775,
12421800,0.997136,,0.249284,
12422700,0.682251,,0.17056275,
12423600,0.409351,,0.10233775,
12424500,0.199427,,0.04985675,
12425400,0,,0,
12426300,0,,0,
12427200,0,,0,
12428100,0,,0,
12429000,0,,0,
12429900,0,,0,
12430800,0,,0,
12431700,0,,0,
12432600,0,,0,
12433500,0,,0,
12434400,0,,0,
12435300,0,,0,
12436200,0,,0,
12437100,0,,0,
12438000,0,,0,
12438900,0,,0,
12439800,0,,0,
12440700,0,,0,
12441600,0,,0,
12442500,0,,0,
12443400,0,,0,
12444300,0,,0,
12445200,0,,0,
12446100,0,,0,
12447000,0,,0,
12447900,0,,0,
12448800,0,,0,
12449700,0,,0,
12450600,0,,0,
12451500,0,,0,
12452400,0,,0,
12453300,0,,0,
12454200,0,,0,
12455100,0,,0,
12456000,0.262404,,0.065601,
12456900,0.49332,,0.12333,
12457800,0.776717,,0.19417925,
12458700,1.102098,,0.2755245,
12459600,1.458968,,0.364742,
12460500,1.83683,,0.4592075,
12461400,2.235685,,0.55892125,
12462300,2.645036,,0.661259,
12463200,3.054386,,0.7635965,
12464100,3.474233,,0.86855825,
12465000,3.904576,,0.976144,
12465900,4.324423,,1.08110575,
12466800,4.733774,,1.1834435,
12467700,5.143125,,1.28578125,
12468600,5.552476,,1.388119,
12469500,5.919842,,1.4799605,
12470400,6.297704,,1.574426,
12471300,6.66507,,1.6662675,
12472200,7.011444,,1.752861,
12473100,7.326329,,1.83158225,
12474000,7.620222,,1.9050555,
12474900,7.893122,,1.9732805,
12475800,8.155527,,2.03888175,
12476700,8.396939,,2.09923475,
12477600,8.596366,,2.1490915,
12478500,8.774801,,2.19370025,
12479400,8.921747,,2.23043675,
12480300,9.047701,,2.26192525,
12481200,9.131671,,2.28291775,
12482100,9.194648,,2.298662,
12483000,9.21564,,2.30391,
12483900,9.068694,,2.2671735,
12484800,9.037205,,2.25930125,
12485700,8.963732,,2.240933,
12486600,8.869266,,2.2173165,
12487500,8.732816,,2.183204,
12488400,8.575374,,2.1438435,
12489300,8.396939,,2.09923475,
12490200,8.176519,,2.04412975,
12491100,7.935107,,1.98377675,
12492000,7.672703,,1.91817575,
12492900,7.37881,,1.8447025,
12493800,7.074421,,1.76860525,
12494700,6.728047,,1.68201175,
12495600,6.381673,,1.59541825,
12496500,6.014307,,1.50357675,
12497400,5.636445,,1.40911125,
12498300,5.258583,,1.31464575,
12499200,4.859728,,1.214932,
12500100,4.450377,,1.11259425,
12501000,4.020034,,1.0050085,
12501900,3.631676,,0.907919,
12502800,3.232821,,0.80820525,
12503700,2.812974,,0.7032435,
12504600,2.41412,,0.60353,
12505500,2.025761,,0.50644025,
12506400,1.647899,,0.41197475,
12507300,1.291029,,0.32275725,
12508200,0.955152,,0.238788,
12509100,0.640267,,0.16006675,
12510000,0.388358,,0.0970895,
12510900,0.188931,,0.04723275,
12511800,0,,0,
12512700,0,,0,
12513600,0,,0,
12514500,0,,0,
12515400,0,,0,
12516300,0,,0,
12517200,0,,0,
12518100,0,,0,
12519000,0,,0,
12519900,0,,0,
12520800,0,,0,
12521700,0,,0,
12522600,0,,0,
12523500,0,,0,
12524400,0,,0,
12525300,0,,0,
12526200,0,,0,
12527100,0,,0,
12528000,0,,0,
12528900,0,,0,
12529800,0,,0,
12530700,0,,0,
12531600,0,,0,
12532500,0,,0,
12533400,0,,0,
12534300,0,,0,
12535200,0,,0,
12536100,0,,0,
12537000,0,,0,
12537900,0,,0,
12538800,0,,0,
12539700,0,,0,
12540600,0,,0,
12541500,0.094466,,0.0236165,
12542400,0.251908,,0.062977,
12543300,0.472328,,0.118082,
12544200,0.745228,,0.186307,
12545100,1.060114,,0.2650285,
12546000,1.395991,,0.34899775,
12546900,1.763357,,0.44083925,
12547800,2.151716,,0.537929,
12548700,2.55057,,0.6376425,
12549600,2.949425,,0.73735625,
12550500,3.369272,,0.842318,
12551400,3.768126,,0.9420315,
12552300,4.198469,,1.04961725,
12553200,4.60782,,1.151955,
12554100,5.006675,,1.25166875,
12555000,5.395033,,1.34875825,
12555900,5.793888,,1.448472,
12556800,6.161254,,1.5403135,
12557700,6.518124,,1.629531,
12558600,6.854001,,1.71350025,
12559500,7.231863,,1.80796575,
12560400,7.525756,,1.881439,
12561300,7.809153,,1.95228825,
12562200,8.071557,,2.01788925,
12563100,8.270985,,2.06774625,
12564000,8.470412,,2.117603,
12564900,8.648847,,2.16221175,
12565800,8.785297,,2.19632425,
12566700,8.890259,,2.22256475,
12567600,8.995221,,2.24880525,
12568500,9.047701,,2.26192525,
12569400,9.07919,,2.2697975,
12570300,9.089686,,2.2724215,
12571200,9.058198,,2.2645495,
12572100,8.984724,,2.246181,
12573000,8.890259,,2.22256475,
12573900,8.764305,,2.19107625,
12574800,8.606862,,2.1517155,
12575700,8.428427,,2.10710675,
12576600,8.197511,,2.04937775,
12577500,7.987588,,1.996897,
12578400,7.714687,,1.92867175,
12579300,7.431291,,1.85782275,
12580200,7.126902,,1.7817255,
12581100,6.812017,,1.70300425,
12582000,6.465643,,1.61641075,
12582900,6.098277,,1.52456925,
12583800,5.720414,,1.4301035,
12584700,5.353048,,1.338262,
12585600,4.933201,,1.23330025,
12586500,4.523851,,1.13096275,
12587400,4.104004,,1.026001,
12588300,3.694653,,0.92366325,
12589200,3.285302,,0.8213255,
12590100,2.865455,,0.71636375,
12591000,2.466601,,0.61665025,
12591900,2.067746,,0.5169365,
12592800,1.689884,,0.422471,
12593700,1.322518,,0.3306295,
12594600,0.98664,,0.24666,
12595500,0.682251,,0.17056275,
12596400,0.419847,,0.10496175,
12597300,0.209923,,0.05248075,
12598200,0,,0,
12599100,0,,0,
12600000,0,,0,
12600900,0,,0,
12601800,0,,0,
12602700,0,,0,
12603600,0,,0,
12604500,0,,0,
12605400,0,,0,
12606300,0,,0,
12607200,0,,0,
12608100,0,,0,
12609000,0,,0,
12609900,0,,0,
12610800,0,,0,
12611700,0,,0,
12612600,0,,0,
12613500,0,,0,
12614400,0,,0,
12615300,0,,0,
12616200,0,,0,
12617100,0,,0,
12618000,0,,0,
12618900,0,,0,
12619800,0,,0,
12620700,0,,0,
12621600,0,,0,
12622500,0,,0,
12623400,0,,0,
12624300,0,,0,
12625200,0,,0,
12626100,0,,0,
12627000,0,,0,
12627900,0.125954,,0.0314885,
12628800,0.293893,,0.07347325,
12629700,0.545801,,0.13645025,
12630600,0.839694,,0.2099235,
12631500,1.175571,,0.29389275,
12632400,1.553434,,0.3883585,
12633300,1.941792,,0.485448,
12634200,2.340647,,0.58516175,
12635100,2.791982,,0.6979955,
12636000,3.222325,,0.80558125,
12636900,3.652668,,0.913167,
12637800,4.083011,,1.02075275,
12638700,4.555339,,1.13883475,
12639600,4.985682,,1.2464205,
12640500,5.416025,,1.35400625,
12641400,5.825376,,1.456344,
12642300,6.234727,,1.55868175,
12643200,6.623085,,1.65577125,
12644100,6.990451,,1.74761275,
12645000,7.305337,,1.82633425,
12645900,7.641214,,1.9103035,
12646800,7.956099,,1.98902475,
12647700,8.239496,,2.059874,
12648600,8.470412,,2.117603,
12649500,8.701328,,2.175332,
12650400,8.911251,,2.22781275,
12651300,9.089686,,2.2724215,
12652200,9.21564,,2.30391,
12653100,9.320602,,2.3301505,
12654000,9.373083,,2.34327075,
12654900,9.446556,,2.361639,
12655800,9.467548,,2.366887,
12656700,9.373083,,2.34327075,
12657600,9.341594,,2.3353985,
12658500,9.257625,,2.31440625,
12659400,9.152663,,2.28816575,
12660300,8.963732,,2.240933,
12661200,8.806289,,2.20157225,
12662100,8.627854,,2.1569635,
12663000,8.386443,,2.09661075,
12663900,8.124038,,2.0310095,
12664800,7.840641,,1.96016025,
12665700,7.557245,,1.88931125,
12666600,7.252856,,1.813214,
12667500,6.874994,,1.7187485,
12668400,6.518124,,1.629531,
12669300,6.150758,,1.5376895,
12670200,5.762399,,1.44059975,
12671100,5.374041,,1.34351025,
12672000,4.975186,,1.2437965,
12672900,4.565835,,1.14145875,
12673800,4.156485,,1.03912125,
12674700,3.768126,,0.9420315,
12675600,3.337783,,0.83444575,
12676500,2.917936,,0.729484,
12677400,2.519082,,0.6297705,
12678300,2.141219,,0.53530475,
12679200,1.742365,,0.43559125,
12680100,1.374999,,0.34374975,
12681000,1.028625,,0.25715625,
12681900,0.71374,,0.178435,
12682800,0.451335,,0.11283375,
12683700,0.230916,,0.057729,
12684600,0,,0,
12685500,0,,0,
12686400,0,,0,
12687300,0,,0,
12688200,0,,0,
12689100,0,,0,
12690000,0,,0,
12690900,0,,0,
12691800,0,,0,
12692700,0,,0,
12693600,0,,0,
12694500,0,,0,
12695400,0,,0,
12696300,0,,0,
12697200,0,,0,
12698100,0,,0,
12699000,0,,0,
12699900,0,,0,
12700800,0,,0,
12701700,0,,0,
12702600,0,,0,
12703500,0,,0,
12704400,0,,0,
12705300,0,,0,
12706200,0,,0,
12707100,0,,0,
12708000,0,,0,
12708900,0,,0,
12709800,0,,0,
12710700,0,,0,
12711600,0,,0,
12712500,0,,0,
12713400,0,,0,
12714300,0.083969,,0.02099225,
12715200,0.230916,,0.057729,
12716100,0.451335,,0.11283375,
12717000,0.724236,,0.181059,
12717900,1.028625,,0.25715625,
12718800,1.374999,,0.34374975,
12719700,1.731869,,0.43296725,
12720600,2.109731,,0.52743275,
12721500,2.487593,,0.62189825,
12722400,2.90744,,0.72686,
12723300,3.316791,,0.82919775,
12724200,3.736638,,0.9341595,
12725100,4.145988,,1.036497,
12726000,4.565835,,1.14145875,
12726900,4.96469,,1.2411725,
12727800,5.342552,,1.335638,
12728700,5.762399,,1.44059975,
12729600,6.140261,,1.53506525,
12730500,6.518124,,1.629531,
12731400,6.854001,,1.71350025,
12732300,7.011444,,1.752861,
12733200,7.315833,,1.82895825,
12734100,7.588733,,1.89718325,
12735000,7.840641,,1.96016025,
12735900,8.082053,,2.02051325,
12736800,8.281481,,2.07037025,
12737700,8.44942,,2.112355,
12738600,8.596366,,2.1490915,
12739500,8.732816,,2.183204,
12740400,8.816786,,2.2041965,
12741300,8.879763,,2.21994075,
12742200,8.900755,,2.22518875,
12743100,8.932244,,2.233061,
12744000,8.890259,,2.22256475,
12744900,8.827282,,2.2068205,
12745800,8.732816,,2.183204,
12746700,8.659343,,2.16483575,
12747600,8.5019,,2.125475,
12748500,8.323465,,2.08086625,
12749400,8.113542,,2.0283855,
12750300,7.924611,,1.98115275,
12751200,7.672703,,1.91817575,
12752100,7.37881,,1.8447025,
12753000,7.074421,,1.76860525,
12753900,6.833009,,1.70825225,
12754800,6.486635,,1.62165875,
12755700,6.129765,,1.53244125,
12756600,5.730911,,1.43272775,
12757500,5.426522,,1.3566305,
12758400,5.027667,,1.25691675,
12759300,4.60782,,1.151955,
12760200,4.198469,,1.04961725,
12761100,3.841599,,0.96039975,
12762000,3.411256,,0.852814,
12762900,2.991409,,0.74785225,
12763800,2.582059,,0.64551475,
12764700,2.1937,,0.548425,
12765600,1.805342,,0.4513355,
12766500,1.42748,,0.35687,
12767400,1.081106,,0.2702765,
12768300,0.766221,,0.19155525,
12769200,0.482824,,0.120706,
12770100,0.251908,,0.062977,
12771000,0,,0,
12771900,0,,0,
12772800,0,,0,
12773700,0,,0,
12774600,0,,0,
12775500,0,,0,
12776400,0,,0,
12777300,0,,0,
12778200,0,,0,
12779100,0,,0,
12780000,0,,0,
12780900,0,,0,
12781800,0,,0,
12782700,0,,0,
12783600,0,,0,
12784500,0,,0,
12785400,0,,0,
12786300,0,,0,
12787200,0,,0,
12788100,0,,0,
12789000,0,,0,
12789900,0,,0,
12790800,0,,0,
12791700,0,,0,
12792600,0,,0,
12793500,0,,0,
12794400,0,,0,
12795300,0,,0,
12796200,0,,0,
12797100,0,,0,
12798000,0,,0,
12798900,0,,0,
12799800,0,,0,
12800700,0.146946,,0.0367365,
12801600,0.335878,,0.0839695,
12802500,0.587786,,0.1469465,
12803400,0.902671,,0.22566775,
12804300,1.249045,,0.31226125,
12805200,1.616411,,0.40410275,
12806100,2.015265,,0.50381625,
12807000,2.424616,,0.606154,
12807900,2.844463,,0.71111575,
12808800,3.274806,,0.8187015,
12809700,3.715645,,0.92891125,
12810600,4.145988,,1.036497,
12811500,4.576332,,1.144083,
12812400,5.006675,,1.25166875,
12813300,5.426522,,1.3566305,
12814200,5.846369,,1.46159225,
12815100,6.234727,,1.55868175,
12816000,6.591597,,1.64789925,
12816900,6.958963,,1.73974075,
12817800,7.315833,,1.82895825,
12818700,7.641214,,1.9103035,
12819600,7.945603,,1.98640075,
12820500,8.229,,2.05725,
12821400,8.491404,,2.122851,
12822300,8.72232,,2.18058,
12823200,8.921747,,2.23043675,
12824100,9.110678,,2.2776695,
12825000,9.257625,,2.31440625,
12825900,9.362587,,2.34064675,
12826800,9.457052,,2.364263,
12827700,9.509533,,2.37738325,
12828600,9.520029,,2.38000725,
12829500,9.488541,,2.37213525,
12830400,9.457052,,2.364263,
12831300,9.383579,,2.34589475,
12832200,9.289113,,2.32227825,
12833100,9.152663,,2.28816575,
12834000,8.995221,,2.24880525,
12834900,8.785297,,2.19632425,
12835800,8.575374,,2.1438435,
12836700,8.323465,,2.08086625,
12837600,8.061061,,2.01526525,
12838500,7.767168,,1.941792,
12839400,7.462779,,1.86569475,
12840300,7.116406,,1.7791015,
12841200,6.738543,,1.68463575,
12842100,6.371177,,1.59279425,
12843000,5.982819,,1.49570475,
12843900,5.573468,,1.393367,
12844800,5.164117,,1.29102925,
12845700,4.733774,,1.1834435,
12846600,4.313927,,1.07848175,
12847500,3.883584,,0.970896,
12848400,3.442745,,0.86068625,
12849300,3.022898,,0.7557245,
12850200,2.613547,,0.65338675,
12851100,2.162212,,0.540553,
12852000,1.773853,,0.44346325,
12852900,1.406487,,0.35162175,
12853800,1.049617,,0.26240425,
12854700,0.734732,,0.183683,
12855600,0.461832,,0.115458,
12856500,0.241412,,0.060353,
12857400,0.094466,,0.0236165,
12858300,0,,0,
12859200,0,,0,
12860100,0,,0,
12861000,0,,0,
12861900,0,,0,
12862800,0,,0,
12863700,0,,0,
12864600,0,,0,
12865500,0,,0,
12866400,0,,0,
12867300,0,,0,
12868200,0,,0,
12869100,0,,0,
12870000,0,,0,
12870900,0,,0,
12871800,0,,0,
12872700,0,,0,
12873600,0,,0,
12874500,0,,0,
12875400,0,,0,
12876300,0,,0,
12877200,0,,0,
12878100,0,,0,
12879000,0,,0,
12879900,0,,0,
12880800,0,,0,
12881700,0,,0,
12882600,0,,0,
12883500,0,,0,
12884400,0,,0,
12885300,0,,0,
12886200,0,,0,
12887100,0.13645,,0.0341125,
12888000,0.304389,,0.07609725,
12888900,0.545801,,0.13645025,
12889800,0.818702,,0.2046755,
12890700,1.133587,,0.28339675,
12891600,1.47996,,0.36999,
12892500,1.857823,,0.46445575,
12893400,2.246181,,0.56154525,
12894300,2.624043,,0.65601075,
12895200,3.022898,,0.7557245,
12896100,3.442745,,0.86068625,
12897000,3.852096,,0.963024,
12897900,4.240454,,1.0601135,
12898800,4.649805,,1.16245125,
12899700,5.048659,,1.26216475,
12900600,5.447514,,1.3618785,
12901500,5.81488,,1.45372,
12902400,6.192742,,1.5481855,
12903300,6.539116,,1.634779,
12904200,6.874994,,1.7187485,
12905100,7.179383,,1.79484575,
12906000,7.462779,,1.86569475,
12906900,7.73568,,1.93392,
12907800,7.987588,,1.996897,
12908700,8.218504,,2.054626,
12909600,8.417931,,2.10448275,
12910500,8.606862,,2.1517155,
12911400,8.753809,,2.18845225,
12912300,8.869266,,2.2173165,
12913200,8.963732,,2.240933,
12914100,9.016213,,2.25405325,
12915000,9.047701,,2.26192525,
12915900,9.037205,,2.25930125,
12916800,9.026709,,2.25667725,
12917700,8.963732,,2.240933,
12918600,8.869266,,2.2173165,
12919500,8.743312,,2.185828,
12920400,8.58587,,2.1464675,
12921300,8.428427,,2.10710675,
12922200,8.218504,,2.054626,
12923100,7.977092,,1.994273,
12924000,7.714687,,1.92867175,
12924900,7.452283,,1.86307075,
12925800,7.147894,,1.7869735,
12926700,6.822513,,1.70562825,
12927600,6.486635,,1.62165875,
12928500,6.129765,,1.53244125,
12929400,5.741407,,1.43535175,
12930300,5.395033,,1.34875825,
12931200,4.996179,,1.24904475,
12932100,4.586828,,1.146707,
12933000,4.177477,,1.04436925,
12933900,3.768126,,0.9420315,
12934800,3.358775,,0.83969375,
12935700,2.949425,,0.73735625,
12936600,2.540074,,0.6350185,
12937500,2.130723,,0.53268075,
12938400,1.742365,,0.43559125,
12939300,1.374999,,0.34374975,
12940200,1.049617,,0.26240425,
12941100,0.734732,,0.183683,
12942000,0.461832,,0.115458,
12942900,0.251908,,0.062977,
12943800,0.094466,,0.0236165,
12944700,0,,0,
12945600,0,,0,
12946500,0,,0,
12947400,0,,0,
12948300,0,,0,
12949200,0,,0,
12950100,0,,0,
12951000,0,,0,
12951900,0,,0,
12952800,0,,0,
12953700,0,,0,
12954600,0,,0,
12955500,0,,0,
12956400,0,,0,
12957300,0,,0,
12958200,0,,0,
12959100,0,,0,
12960000,0,,0,
12960900,0,,0,
12961800,0,,0,
12962700,0,,0,
12963600,0,,0,
12964500,0,,0,
12965400,0,,0,
12966300,0,,0,
12967200,0,,0,
12968100,0,,0,
12969000,0,,0,
12969900,0,,0,
12970800,0,,0,
12971700,0,,0,
12972600,0,,0,
12973500,0.115458,,0.0288645,
12974400,0.283397,,0.07084925,
12975300,0.503816,,0.125954,
12976200,0.776717,,0.19417925,
12977100,1.102098,,0.2755245,
12978000,1.437976,,0.359494,
12978900,1.805342,,0.4513355,
12979800,2.183204,,0.545801,
12980700,2.613547,,0.65338675,
12981600,3.012402,,0.7531005,
12982500,3.432249,,0.85806225,
12983400,3.852096,,0.963024,
12984300,4.303431,,1.07585775,
12985200,4.712782,,1.1781955,
12986100,5.132629,,1.28315725,
12987000,5.531483,,1.38287075,
12987900,5.940834,,1.4852085,
12988800,6.318696,,1.579674,
12989700,6.675566,,1.6688915,
12990600,7.02194,,1.755485,
12991500,7.336825,,1.83420625,
12992400,7.641214,,1.9103035,
12993300,7.924611,,1.98115275,
12994200,8.166023,,2.04150575,
12995100,8.417931,,2.10448275,
12996000,8.617358,,2.1543395,
12996900,8.795793,,2.19894825,
12997800,8.94274,,2.235685,
12998700,9.07919,,2.2697975,
12999600,9.163159,,2.29078975,
13000500,9.21564,,2.30391,
13001400,9.247129,,2.31178225,
13002300,9.173656,,2.293414,
13003200,9.152663,,2.28816575,
13004100,9.089686,,2.2724215,
13005000,8.995221,,2.24880525,
13005900,8.879763,,2.21994075,
13006800,8.732816,,2.183204,
13007700,8.543885,,2.13597125,
13008600,8.312969,,2.07824225,
13009500,8.082053,,2.02051325,
13010400,7.819649,,1.95491225,
13011300,7.536252,,1.884063,
13012200,7.231863,,1.80796575,
13013100,6.906482,,1.7266205,
13014000,6.560108,,1.640027,
13014900,6.203238,,1.5508095,
13015800,5.825376,,1.456344,
13016700,5.45801,,1.3645025,
13017600,5.048659,,1.26216475,
13018500,4.649805,,1.16245125,
13019400,4.229958,,1.0574895,
13020300,3.831103,,0.95777575,
13021200,3.411256,,0.852814,
13022100,3.001906,,0.7504765,
13023000,2.592555,,0.64813875,
13023900,2.204196,,0.551049,
13024800,1.815838,,0.4539595,
13025700,1.448472,,0.362118,
13026600,1.102098,,0.2755245,
13027500,0.787213,,0.19680325,
13028400,0.514312,,0.128578,
13029300,0.283397,,0.07084925,
13030200,0.115458,,0.0288645,
13031100,0,,0,
13032000,0,,0,
13032900,0,,0,
13033800,0,,0,
13034700,0,,0,
13035600,0,,0,
13036500,0,,0,
13037400,0,,0,
13038300,0,,0,
13039200,0,,0,
13040100,0,,0,
13041000,0,,0,
13041900,0,,0,
13042800,0,,0,
13043700,0,,0,
13044600,0,,0,
13045500,0,,0,
13046400,0,,0,
13047300,0,,0,
13048200,0,,0,
13049100,0,,0,
13050000,0,,0,
13050900,0,,0,
13051800,0,,0,
13052700,0,,0,
13053600,0,,0,
13054500,0,,0,
13055400,0,,0,
13056300,0,,0,
13057200,0,,0,
13058100,0,,0,
13059000,0,,0,
13059900,0.146946,,0.0367365,
13060800,0.325381,,0.08134525,
13061700,0.566793,,0.14169825,
13062600,0.860686,,0.2151715,
13063500,1.186068,,0.296517,
13064400,1.542937,,0.38573425,
13065300,1.910304,,0.477576,
13066200,2.309158,,0.5772895,
13067100,2.708013,,0.67700325,
13068000,3.12786,,0.781965,
13068900,3.547707,,0.88692675,
13069800,3.967554,,0.9918885,
13070700,4.376904,,1.094226,
13071600,4.786255,,1.19656375,
13072500,5.195606,,1.2989015,
13073400,5.59446,,1.398615,
13074300,5.972323,,1.49308075,
13075200,6.350185,,1.58754625,
13076100,6.707055,,1.67676375,
13077000,7.053428,,1.763357,
13077900,7.37881,,1.8447025,
13078800,7.683199,,1.92079975,
13079700,7.956099,,1.98902475,
13080600,8.218504,,2.054626,
13081500,8.438923,,2.10973075,
13082400,8.648847,,2.16221175,
13083300,8.827282,,2.2068205,
13084200,8.953236,,2.238309,
13085100,9.07919,,2.2697975,
13086000,9.152663,,2.28816575,
13086900,9.226136,,2.306534,
13087800,9.247129,,2.31178225,
13088700,9.226136,,2.306534,
13089600,9.194648,,2.298662,
13090500,9.110678,,2.2776695,
13091400,9.016213,,2.25405325,
13092300,8.900755,,2.22518875,
13093200,8.753809,,2.18845225,
13094100,8.564877,,2.14121925,
13095000,8.344458,,2.0861145,
13095900,8.103046,,2.0257615,
13096800,7.851138,,1.9627845,
13097700,7.567741,,1.89193525,
13098600,7.263352,,1.815838,
13099500,6.916978,,1.7292445,
13100400,6.570605,,1.64265125,
13101300,6.213735,,1.55343375,
13102200,5.846369,,1.46159225,
13103100,5.447514,,1.3618785,
13104000,5.059156,,1.264789,
13104900,4.649805,,1.16245125,
13105800,4.240454,,1.0601135,
13106700,3.810111,,0.95252775,
13107600,3.390264,,0.847566,
13108500,2.980913,,0.74522825,
13109400,2.571562,,0.6428905,
13110300,2.183204,,0.545801,
13111200,1.794846,,0.4487115,
13112100,1.42748,,0.35687,
13113000,1.091602,,0.2729005,
13113900,0.776717,,0.19417925,
13114800,0.503816,,0.125954,
13115700,0.272901,,0.06822525,
13116600,0.115458,,0.0288645,
13117500,0,,0,
13118400,0,,0,
13119300,0,,0,
13120200,0,,0,
13121100,0,,0,
13122000,0,,0,
13122900,0,,0,
13123800,0,,0,
13124700,0,,0,
13125600,0,,0,
13126500,0,,0,
13127400,0,,0,
13128300,0,,0,
13129200,0,,0,
13130100,0,,0,
13131000,0,,0,
13131900,0,,0,
13132800,0,,0,
13133700,0,,0,
13134600,0,,0,
13135500,0,,0,
13136400,0,,0,
13137300,0,,0,
13138200,0,,0,
13139100,0,,0,
13140000,0,,0,
13140900,0,,0,
13141800,0,,0,
13142700,0,,0,
13143600,0,,0,
13144500,0,,0,
13145400,0,,0,
13146300,0.146946,,0.0367365,
13147200,0.325381,,0.08134525,
13148100,0.566793,,0.14169825,
13149000,0.860686,,0.2151715,
13149900,1.196564,,0.299141,
13150800,1.553434,,0.3883585,
13151700,1.931296,,0.482824,
13152600,2.33015,,0.5825375,
13153500,2.749997,,0.68749925,
13154400,3.159348,,0.789837,
13155300,3.579195,,0.89479875,
13156200,3.999042,,0.9997605,
13157100,4.418889,,1.10472225,
13158000,4.838736,,1.209684,
13158900,5.227094,,1.3067735,
13159800,5.625949,,1.40648725,
13160700,6.024804,,1.506201,
13161600,6.402666,,1.6006665,
13162500,6.759536,,1.689884,
13163400,7.105909,,1.77647725,
13164300,7.399802,,1.8499505,
13165200,7.704191,,1.92604775,
13166100,7.987588,,1.996897,
13167000,8.239496,,2.059874,
13167900,8.470412,,2.117603,
13168800,8.680335,,2.17008375,
13169700,8.848274,,2.2120685,
13170600,8.995221,,2.24880525,
13171500,9.121175,,2.28029375,
13172400,9.205144,,2.301286,
13173300,9.236633,,2.30915825,
13174200,9.268121,,2.31703025,
13175100,9.268121,,2.31703025,
13176000,9.236633,,2.30915825,
13176900,9.173656,,2.293414,
13177800,9.07919,,2.2697975,
13178700,8.963732,,2.240933,
13179600,8.816786,,2.2041965,
13180500,8.627854,,2.1569635,
13181400,8.417931,,2.10448275,
13182300,8.208008,,2.052002,
13183200,7.945603,,1.98640075,
13184100,7.662207,,1.91555175,
13185000,7.347321,,1.83683025,
13185900,7.02194,,1.755485,
13186800,6.686062,,1.6715155,
13187700,6.318696,,1.579674,
13188600,5.95133,,1.4878325,
13189500,5.54198,,1.385495,
13190400,5.153621,,1.28840525,
13191300,4.74427,,1.1860675,
13192200,4.324423,,1.08110575,
13193100,3.904576,,0.976144,
13194000,3.495226,,0.8738065,
13194900,3.075379,,0.76884475,
13195800,2.666028,,0.666507,
13196700,2.256677,,0.56416925,
13197600,1.868319,,0.46707975,
13198500,1.490457,,0.37261425,
13199400,1.144083,,0.28602075,
13200300,0.818702,,0.2046755,
13201200,0.535305,,0.13382625,
13202100,0.304389,,0.07609725,
13203000,0.125954,,0.0314885,
13203900,0,,0,
13204800,0,,0,
13205700,0,,0,
13206600,0,,0,
13207500,0,,0,
13208400,0,,0,
13209300,0,,0,
13210200,0,,0,
13211100,0,,0,
13212000,0,,0,
13212900,0,,0,
13213800,0,,0,
13214700,0,,0,
13215600,0,,0,
13216500,0,,0,
13217400,0,,0,
13218300,0,,0,
13219200,0,,0,
13220100,0,,0,
13221000,0,,0,
13221900,0,,0,
13222800,0,,0,
13223700,0,,0,
13224600,0,,0,
13225500,0,,0,
13226400,0,,0,
13227300,0,,0,
13228200,0,,0,
13229100,0,,0,
13230000,0,,0,
13230900,0,,0,
13231800,0,,0,
13232700,0.125954,,0.0314885,
13233600,0.283397,,0.07084925,
13234500,0.514312,,0.128578,
13235400,0.776717,,0.19417925,
13236300,1.07061,,0.2676525,
13237200,1.395991,,0.34899775,
13238100,1.752861,,0.43821525,
13239000,2.120227,,0.53005675,
13239900,2.519082,,0.6297705,
13240800,2.90744,,0.72686,
13241700,3.285302,,0.8213255,
13242600,3.694653,,0.92366325,
13243500,4.187973,,1.04699325,
13244400,4.586828,,1.146707,
13245300,4.975186,,1.2437965,
13246200,5.363545,,1.34088625,
13247100,5.825376,,1.456344,
13248000,6.203238,,1.5508095,
13248900,6.539116,,1.634779,
13249800,6.874994,,1.7187485,
13250700,7.168886,,1.7922215,
13251600,7.473275,,1.86831875,
13252500,7.756672,,1.939168,
13253400,7.998084,,1.999521,
13254300,8.166023,,2.04150575,
13255200,8.375946,,2.0939865,
13256100,8.533389,,2.13334725,
13257000,8.680335,,2.17008375,
13257900,8.795793,,2.19894825,
13258800,8.879763,,2.21994075,
13259700,8.932244,,2.233061,
13260600,8.963732,,2.240933,
13261500,8.72232,,2.18058,
13262400,8.701328,,2.175332,
13263300,8.627854,,2.1569635,
13264200,8.543885,,2.13597125,
13265100,8.564877,,2.14121925,
13266000,8.428427,,2.10710675,
13266900,8.249992,,2.062498,
13267800,8.050565,,2.01264125,
13268700,7.798657,,1.94966425,
13269600,7.546749,,1.88668725,
13270500,7.284344,,1.821086,
13271400,6.990451,,1.74761275,
13272300,6.612589,,1.65314725,
13273200,6.297704,,1.574426,
13274100,5.919842,,1.4799605,
13275000,5.562972,,1.390743,
13275900,5.195606,,1.2989015,
13276800,4.796751,,1.19918775,
13277700,4.397897,,1.09947425,
13278600,4.009538,,1.0023845,
13279500,3.589691,,0.89742275,
13280400,3.190837,,0.79770925,
13281300,2.791982,,0.6979955,
13282200,2.41412,,0.60353,
13283100,2.025761,,0.50644025,
13284000,1.658395,,0.41459875,
13284900,1.312022,,0.3280055,
13285800,0.98664,,0.24666,
13286700,0.692747,,0.17318675,
13287600,0.440839,,0.11020975,
13288500,0.22042,,0.055105,
13289400,0.083969,,0.02099225,
13290300,0,,0,
13291200,0,,0,
13292100,0,,0,
13293000,0,,0,
13293900,0,,0,
13294800,0,,0,
13295700,0,,0,
13296600,0,,0,
13297500,0,,0,
13298400,0,,0,
13299300,0,,0,
13300200,0,,0,
13301100,0,,0,
13302000,0,,0,
13302900,0,,0,
13303800,0,,0,
13304700,0,,0,
13305600,0,,0,
13306500,0,,0,
13307400,0,,0,
13308300,0,,0,
13309200,0,,0,
13310100,0,,0,
13311000,0,,0,
13311900,0,,0,
13312800,0,,0,
13313700,0,,0,
13314600,0,,0,
13315500,0,,0,
13316400,0,,0,
13317300,0,,0,
13318200,0,,0,
13319100,0.104962,,0.0262405,
13320000,0.272901,,0.06822525,
13320900,0.49332,,0.12333,
13321800,0.755724,,0.188931,
13322700,1.039121,,0.25978025,
13323600,1.364503,,0.34112575,
13324500,1.721372,,0.430343,
13325400,2.088738,,0.5221845,
13326300,2.41412,,0.60353,
13327200,2.812974,,0.7032435,
13328100,3.201333,,0.80033325,
13329000,3.600187,,0.90004675,
13329900,3.97805,,0.9945125,
13330800,4.366408,,1.091602,
13331700,4.775759,,1.19393975,
13332600,5.153621,,1.28840525,
13333500,5.59446,,1.398615,
13334400,5.940834,,1.4852085,
13335300,6.287208,,1.571802,
13336200,6.633582,,1.6583955,
13337100,7.032436,,1.758109,
13338000,7.326329,,1.83158225,
13338900,7.588733,,1.89718325,
13339800,7.840641,,1.96016025,
13340700,8.019076,,2.004769,
13341600,8.208008,,2.052002,
13342500,8.36545,,2.0913625,
13343400,8.522893,,2.13072325,
13344300,8.512397,,2.12809925,
13345200,8.58587,,2.1464675,
13346100,8.648847,,2.16221175,
13347000,8.669839,,2.16745975,
13347900,8.5019,,2.125475,
13348800,8.470412,,2.117603,
13349700,8.407435,,2.10185875,
13350600,8.281481,,2.07037025,
13351500,8.291977,,2.07299425,
13352400,8.145031,,2.03625775,
13353300,7.966596,,1.991649,
13354200,7.746176,,1.936544,
13355100,7.630718,,1.9076795,
13356000,7.368314,,1.8420785,
13356900,7.095413,,1.77385325,
13357800,6.791024,,1.697756,
13358700,6.497131,,1.62428275,
13359600,6.150758,,1.5376895,
13360500,5.81488,,1.45372,
13361400,5.447514,,1.3618785,
13362300,5.080148,,1.270037,
13363200,4.702286,,1.1755715,
13364100,4.313927,,1.07848175,
13365000,3.915073,,0.97876825,
13365900,3.547707,,0.88692675,
13366800,3.159348,,0.789837,
13367700,2.77099,,0.6927475,
13368600,2.393128,,0.598282,
13369500,2.067746,,0.5169365,
13370400,1.70038,,0.425095,
13371300,1.34351,,0.3358775,
13372200,1.018129,,0.25453225,
13373100,0.745228,,0.186307,
13374000,0.482824,,0.120706,
13374900,0.262404,,0.065601,
13375800,0.115458,,0.0288645,
13376700,0,,0,
13377600,0,,0,
13378500,0,,0,
13379400,0,,0,
13380300,0,,0,
13381200,0,,0,
13382100,0,,0,
13383000,0,,0,
13383900,0,,0,
13384800,0,,0,
13385700,0,,0,
13386600,0,,0,
13387500,0,,0,
13388400,0,,0,
13389300,0,,0,
13390200,0,,0,
13391100,0,,0,
13392000,0,,0,
13392900,0,,0,
13393800,0,,0,
13394700,0,,0,
13395600,0,,0,
13396500,0,,0,
13397400,0,,0,
13398300,0,,0,
13399200,0,,0,
13400100,0,,0,
13401000,0,,0,
13401900,0,,0,
13402800,0,,0,
13403700,0,,0,
13404600,0,,0,
13405500,0.13645,,0.0341125,
13406400,0.304389,,0.07609725,
13407300,0.535305,,0.13382625,
13408200,0.818702,,0.2046755,
13409100,1.112594,,0.2781485,
13410000,1.437976,,0.359494,
13410900,1.794846,,0.4487115,
13411800,2.162212,,0.540553,
13412700,2.55057,,0.6376425,
13413600,2.938929,,0.73473225,
13414500,3.337783,,0.83444575,
13415400,3.736638,,0.9341595,
13416300,4.145988,,1.036497,
13417200,4.544843,,1.13621075,
13418100,4.933201,,1.23330025,
13419000,5.32156,,1.33039,
13419900,5.709918,,1.4274795,
13420800,6.077284,,1.519321,
13421700,6.434154,,1.6085385,
13422600,6.759536,,1.689884,
13423500,7.105909,,1.77647725,
13424400,7.399802,,1.8499505,
13425300,7.672703,,1.91817575,
13426200,7.903619,,1.97590475,
13427100,8.145031,,2.03625775,
13428000,8.344458,,2.0861145,
13428900,8.533389,,2.13334725,
13429800,8.680335,,2.17008375,
13430700,8.795793,,2.19894825,
13431600,8.879763,,2.21994075,
13432500,8.932244,,2.233061,
13433400,8.963732,,2.240933,
13434300,8.732816,,2.183204,
13435200,8.701328,,2.175332,
13436100,8.627854,,2.1569635,
13437000,8.522893,,2.13072325,
13437900,8.438923,,2.10973075,
13438800,8.270985,,2.06774625,
13439700,8.103046,,2.0257615,
13440600,7.903619,,1.97590475,
13441500,7.693695,,1.92342375,
13442400,7.441787,,1.86044675,
13443300,7.168886,,1.7922215,
13444200,6.874994,,1.7187485,
13445100,6.539116,,1.634779,
13446000,6.213735,,1.55343375,
13446900,5.867361,,1.46684025,
13447800,5.510491,,1.37762275,
13448700,5.122133,,1.28053325,
13449600,4.723278,,1.1808195,
13450500,4.345416,,1.086354,
13451400,3.946561,,0.98664025,
13452300,3.558203,,0.88955075,
13453200,3.159348,,0.789837,
13454100,2.77099,,0.6927475,
13455000,2.393128,,0.598282,
13455900,2.015265,,0.50381625,
13456800,1.658395,,0.41459875,
13457700,1.322518,,0.3306295,
13458600,0.997136,,0.249284,
13459500,0.71374,,0.178435,
13460400,0.451335,,0.11283375,
13461300,0.241412,,0.060353,
13462200,0.094466,,0.0236165,
13463100,0,,0,
13464000,0,,0,
13464900,0,,0,
13465800,0,,0,
13466700,0,,0,
13467600,0,,0,
13468500,0,,0,
13469400,0,,0,
13470300,0,,0,
13471200,0,,0,
13472100,0,,0,
13473000,0,,0,
13473900,0,,0,
13474800,0,,0,
13475700,0,,0,
13476600,0,,0,
13477500,0,,0,
13478400,0,,0,
13479300,0,,0,
13480200,0,,0,
13481100,0,,0,
13482000,0,,0,
13482900,0,,0,
13483800,0,,0,
13484700,0,,0,
13485600,0,,0,
13486500,0,,0,
13487400,0,,0,
13488300,0,,0,
13489200,0,,0,
13490100,0,,0,
13491000,0,,0,
13491900,0.146946,,0.0367365,
13492800,0.314885,,0.07872125,
13493700,0.545801,,0.13645025,
13494600,0.818702,,0.2046755,
13495500,1.175571,,0.29389275,
13496400,1.511449,,0.37786225,
13497300,1.878815,,0.46970375,
13498200,2.267173,,0.56679325,
13499100,2.68702,,0.671755,
13500000,3.106867,,0.77671675,
13500900,3.526714,,0.8816785,
13501800,3.925569,,0.98139225,
13502700,4.355912,,1.088978,
13503600,4.786255,,1.19656375,
13504500,5.18511,,1.2962775,
13505400,5.583964,,1.395991,
13506300,6.014307,,1.50357675,
13507200,6.39217,,1.5980425,
13508100,6.749039,,1.68725975,
13509000,7.116406,,1.7791015,
13509900,7.431291,,1.85782275,
13510800,7.767168,,1.941792,
13511700,8.040069,,2.01001725,
13512600,8.302473,,2.07561825,
13513500,8.554381,,2.13859525,
13514400,8.785297,,2.19632425,
13515300,8.963732,,2.240933,
13516200,9.110678,,2.2776695,
13517100,9.226136,,2.306534,
13518000,9.310106,,2.3275265,
13518900,9.35209,,2.3380225,
13519800,9.373083,,2.34327075,
13520700,9.310106,,2.3275265,
13521600,9.278617,,2.31965425,
13522500,9.21564,,2.30391,
13523400,9.131671,,2.28291775,
13524300,9.005717,,2.25142925,
13525200,8.848274,,2.2120685,
13526100,8.669839,,2.16745975,
13527000,8.438923,,2.10973075,
13527900,8.239496,,2.059874,
13528800,7.977092,,1.994273,
13529700,7.693695,,1.92342375,
13530600,7.389306,,1.8473265,
13531500,7.095413,,1.77385325,
13532400,6.749039,,1.68725975,
13533300,6.381673,,1.59541825,
13534200,6.003811,,1.50095275,
13535100,5.615453,,1.40386325,
13536000,5.216598,,1.3041495,
13536900,4.807247,,1.20181175,
13537800,4.3874,,1.09685,
13538700,3.967554,,0.9918885,
13539600,3.547707,,0.88692675,
13540500,3.12786,,0.781965,
13541400,2.718509,,0.67962725,
13542300,2.309158,,0.5772895,
13543200,1.9208,,0.4802,
13544100,1.542937,,0.38573425,
13545000,1.186068,,0.296517,
13545900,0.871182,,0.2177955,
13546800,0.587786,,0.1469465,
13547700,0.335878,,0.0839695,
13548600,0.157443,,0.03936075,
13549500,0,,0,
13550400,0,,0,
13551300,0,,0,
13552200,0,,0,
13553100,0,,0,
13554000,0,,0,
13554900,0,,0,
13555800,0,,0,
13556700,0,,0,
13557600,0,,0,
13558500,0,,0,
13559400,0,,0,
13560300,0,,0,
13561200,0,,0,
13562100,0,,0,
13563000,0,,0,
13563900,0,,0,
13564800,0,,0,
13565700,0,,0,
13566600,0,,0,
13567500,0,,0,
13568400,0,,0,
13569300,0,,0,
13570200,0,,0,
13571100,0,,0,
13572000,0,,0,
13572900,0,,0,
13573800,0,,0,
13574700,0,,0,
13575600,0,,0,
13576500,0,,0,
13577400,0,,0,
13578300,0.167939,,0.04198475,
13579200,0.35687,,0.0892175,
13580100,0.598282,,0.1495705,
13581000,0.892175,,0.22304375,
13581900,1.238548,,0.309637,
13582800,1.584922,,0.3962305,
13583700,1.952288,,0.488072,
13584600,2.351143,,0.58778575,
13585500,2.791982,,0.6979955,
13586400,3.201333,,0.80033325,
13587300,3.62118,,0.905295,
13588200,4.030531,,1.00763275,
13589100,4.47137,,1.1178425,
13590000,4.891217,,1.22280425,
13590900,5.300568,,1.325142,
13591800,5.699422,,1.4248555,
13592700,6.066788,,1.516697,
13593600,6.44465,,1.6111625,
13594500,6.80152,,1.70038,
13595400,7.126902,,1.7817255,
13596300,7.441787,,1.86044675,
13597200,7.725184,,1.931296,
13598100,8.00858,,2.002145,
13599000,8.270985,,2.06774625,
13599900,8.459916,,2.114979,
13600800,8.669839,,2.16745975,
13601700,8.848274,,2.2120685,
13602600,8.974228,,2.243557,
13603500,9.047701,,2.26192525,
13604400,9.142167,,2.28554175,
13605300,9.205144,,2.301286,
13606200,9.236633,,2.30915825,
13607100,9.121175,,2.28029375,
13608000,9.089686,,2.2724215,
13608900,9.026709,,2.25667725,
13609800,8.932244,,2.233061,
13610700,8.680335,,2.17008375,
13611600,8.554381,,2.13859525,
13612500,8.375946,,2.0939865,
13613400,8.155527,,2.03888175,
13614300,7.777664,,1.944416,
13615200,7.504764,,1.876191,
13616100,7.221367,,1.80534175,
13617000,6.948467,,1.73711675,
13617900,6.455147,,1.61378675,
13618800,6.129765,,1.53244125,
13619700,5.783392,,1.445848,
13620600,5.426522,,1.3566305,
13621500,5.132629,,1.28315725,
13622400,4.754767,,1.18869175,
13623300,4.3874,,1.09685,
13624200,3.988546,,0.9971365,
13625100,3.852096,,0.963024,
13626000,3.442745,,0.86068625,
13626900,3.04389,,0.7609725,
13627800,2.645036,,0.661259,
13628700,2.372135,,0.59303375,
13629600,1.973281,,0.49332025,
13630500,1.584922,,0.3962305,
13631400,1.228052,,0.307013,
13632300,0.923663,,0.23091575,
13633200,0.62977,,0.1574425,
13634100,0.377862,,0.0944655,
13635000,0.178435,,0.04460875,
13635900,0,,0,
13636800,0,,0,
13637700,0,,0,
13638600,0,,0,
13639500,0,,0,
13640400,0,,0,
13641300,0,,0,
13642200,0,,0,
13643100,0,,0,
13644000,0,,0,
13644900,0,,0,
13645800,0,,0,
13646700,0,,0,
13647600,0,,0,
13648500,0,,0,
13649400,0,,0,
13650300,0,,0,
13651200,0,,0,
13652100,0,,0,
13653000,0,,0,
13653900,0,,0,
13654800,0,,0,
13655700,0,,0,
13656600,0,,0,
13657500,0,,0,
13658400,0,,0,
13659300,0,,0,
13660200,0,,0,
13661100,0,,0,
13662000,0,,0,
13662900,0,,0,
13663800,0,,0,
13664700,0.178435,,0.04460875,
13665600,0.367366,,0.0918415,
13666500,0.608778,,0.1521945,
13667400,0.892175,,0.22304375,
13668300,1.20706,,0.301765,
13669200,1.553434,,0.3883585,
13670100,1.9208,,0.4802,
13671000,2.319654,,0.5799135,
13671900,2.697517,,0.67437925,
13672800,3.106867,,0.77671675,
13673700,3.516218,,0.8790545,
13674600,3.936065,,0.98401625,
13675500,4.33492,,1.08373,
13676400,4.74427,,1.1860675,
13677300,5.143125,,1.28578125,
13678200,5.54198,,1.385495,
13679100,5.972323,,1.49308075,
13680000,6.339689,,1.58492225,
13680900,6.696559,,1.67413975,
13681800,7.042932,,1.760733,
13682700,7.494268,,1.873567,
13683600,7.798657,,1.94966425,
13684500,8.071557,,2.01788925,
13685400,8.333962,,2.0834905,
13686300,8.596366,,2.1490915,
13687200,8.795793,,2.19894825,
13688100,8.984724,,2.246181,
13689000,9.131671,,2.28291775,
13689900,9.236633,,2.30915825,
13690800,9.29961,,2.3249025,
13691700,9.362587,,2.34064675,
13692600,9.394075,,2.34851875,
13693500,9.226136,,2.306534,
13694400,9.21564,,2.30391,
13695300,9.152663,,2.28816575,
13696200,9.047701,,2.26192525,
13697100,8.974228,,2.243557,
13698000,8.816786,,2.2041965,
13698900,8.638351,,2.15958775,
13699800,8.438923,,2.10973075,
13700700,8.249992,,2.062498,
13701600,8.00858,,2.002145,
13702500,7.725184,,1.931296,
13703400,7.410298,,1.8525745,
13704300,7.15839,,1.7895975,
13705200,6.833009,,1.70825225,
13706100,6.476139,,1.61903475,
13707000,6.098277,,1.52456925,
13707900,5.730911,,1.43272775,
13708800,5.32156,,1.33039,
13709700,4.933201,,1.23330025,
13710600,4.513355,,1.12833875,
13711500,4.093508,,1.023377,
13712400,3.673661,,0.91841525,
13713300,3.243318,,0.8108295,
13714200,2.833967,,0.70849175,
13715100,2.424616,,0.606154,
13716000,2.025761,,0.50644025,
13716900,1.647899,,0.41197475,
13717800,1.280533,,0.32013325,
13718700,0.955152,,0.238788,
13719600,0.650763,,0.16269075,
13720500,0.398855,,0.09971375,
13721400,0.199427,,0.04985675,
13722300,0,,0,
13723200,0,,0,
13724100,0,,0,
13725000,0,,0,
13725900,0,,0,
13726800,0,,0,
13727700,0,,0,
13728600,0,,0,
13729500,0,,0,
13730400,0,,0,
13731300,0,,0,
13732200,0,,0,
13733100,0,,0,
13734000,0,,0,
13734900,0,,0,
13735800,0,,0,
13736700,0,,0,
13737600,0,,0,
13738500,0,,0,
13739400,0,,0,
13740300,0,,0,
13741200,0,,0,
13742100,0,,0,
13743000,0,,0,
13743900,0,,0,
13744800,0,,0,
13745700,0,,0,
13746600,0,,0,
13747500,0,,0,
13748400,0,,0,
13749300,0,,0,
13750200,0,,0,
13751100,0.199427,,0.04985675,
13752000,0.398855,,0.09971375,
13752900,0.661259,,0.16531475,
13753800,0.955152,,0.238788,
13754700,1.291029,,0.32275725,
13755600,1.637403,,0.40935075,
13756500,2.015265,,0.50381625,
13757400,2.424616,,0.606154,
13758300,2.865455,,0.71636375,
13759200,3.285302,,0.8213255,
13760100,3.705149,,0.92628725,
13761000,4.135492,,1.033873,
13761900,4.565835,,1.14145875,
13762800,4.985682,,1.2464205,
13763700,5.395033,,1.34875825,
13764600,5.804384,,1.451096,
13765500,6.182246,,1.5455615,
13766400,6.560108,,1.640027,
13767300,6.906482,,1.7266205,
13768200,7.252856,,1.813214,
13769100,7.51526,,1.878815,
13770000,7.819649,,1.95491225,
13770900,8.103046,,2.0257615,
13771800,8.344458,,2.0861145,
13772700,8.564877,,2.14121925,
13773600,8.774801,,2.19370025,
13774500,8.953236,,2.238309,
13775400,9.07919,,2.2697975,
13776300,9.173656,,2.293414,
13777200,9.257625,,2.31440625,
13778100,9.320602,,2.3301505,
13779000,9.331098,,2.3327745,
13779900,9.142167,,2.28554175,
13780800,9.110678,,2.2776695,
13781700,9.026709,,2.25667725,
13782600,8.932244,,2.233061,
13783500,8.806289,,2.20157225,
13784400,8.659343,,2.16483575,
13785300,8.480908,,2.120227,
13786200,8.260488,,2.065122,
13787100,8.019076,,2.004769,
13788000,7.767168,,1.941792,
13788900,7.504764,,1.876191,
13789800,7.189879,,1.79746975,
13790700,6.843505,,1.71087625,
13791600,6.507627,,1.62690675,
13792500,6.150758,,1.5376895,
13793400,5.783392,,1.445848,
13794300,5.405529,,1.35138225,
13795200,4.996179,,1.24904475,
13796100,4.597324,,1.149331,
13797000,4.198469,,1.04961725,
13797900,3.820607,,0.95515175,
13798800,3.411256,,0.852814,
13799700,3.012402,,0.7531005,
13800600,2.613547,,0.65338675,
13801500,2.246181,,0.56154525,
13802400,1.868319,,0.46707975,
13803300,1.500953,,0.37523825,
13804200,1.165075,,0.29126875,
13805100,0.871182,,0.2177955,
13806000,0.57729,,0.1443225,
13806900,0.346374,,0.0865935,
13807800,0.167939,,0.04198475,
13808700,0,,0,
13809600,0,,0,
13810500,0,,0,
13811400,0,,0,
13812300,0,,0,
13813200,0,,0,
13814100,0,,0,
13815000,0,,0,
13815900,0,,0,
13816800,0,,0,
13817700,0,,0,
13818600,0,,0,
13819500,0,,0,
13820400,0,,0,
13821300,0,,0,
13822200,0,,0,
13823100,0,,0,
13824000,0,,0,
13824900,0,,0,
13825800,0,,0,
13826700,0,,0,
13827600,0,,0,
13828500,0,,0,
13829400,0,,0,
13830300,0,,0,
13831200,0,,0,
13832100,0,,0,
13833000,0,,0,
13833900,0,,0,
13834800,0,,0,
13835700,0,,0,
13836600,0,,0,
13837500,0.167939,,0.04198475,
13838400,0.35687,,0.0892175,
13839300,0.598282,,0.1495705,
13840200,0.881679,,0.22041975,
13841100,1.196564,,0.299141,
13842000,1.532441,,0.38311025,
13842900,1.910304,,0.477576,
13843800,2.288166,,0.5720415,
13844700,2.666028,,0.666507,
13845600,3.054386,,0.7635965,
13846500,3.463737,,0.86593425,
13847400,3.873088,,0.968272,
13848300,4.271943,,1.06798575,
13849200,4.681293,,1.17032325,
13850100,5.080148,,1.270037,
13851000,5.468506,,1.3671265,
13851900,5.867361,,1.46684025,
13852800,6.234727,,1.55868175,
13853700,6.591597,,1.64789925,
13854600,6.927474,,1.7318685,
13855500,7.231863,,1.80796575,
13856400,7.51526,,1.878815,
13857300,7.788161,,1.94704025,
13858200,8.040069,,2.01001725,
13859100,8.249992,,2.062498,
13860000,8.44942,,2.112355,
13860900,8.606862,,2.1517155,
13861800,8.764305,,2.19107625,
13862700,8.85877,,2.2146925,
13863600,8.94274,,2.235685,
13864500,9.005717,,2.25142925,
13865400,9.016213,,2.25405325,
13866300,8.732816,,2.183204,
13867200,8.711824,,2.177956,
13868100,8.648847,,2.16221175,
13869000,8.564877,,2.14121925,
13869900,8.438923,,2.10973075,
13870800,8.281481,,2.07037025,
13871700,8.113542,,2.0283855,
13872600,7.914115,,1.97852875,
13873500,7.777664,,1.944416,
13874400,7.525756,,1.881439,
13875300,7.252856,,1.813214,
13876200,6.958963,,1.73974075,
13877100,6.707055,,1.67676375,
13878000,6.381673,,1.59541825,
13878900,6.0353,,1.508825,
13879800,5.67843,,1.4196075,
13880700,5.405529,,1.35138225,
13881600,5.006675,,1.25166875,
13882500,4.60782,,1.151955,
13883400,4.208966,,1.0522415,
13884300,3.831103,,0.95777575,
13885200,3.432249,,0.85806225,
13886100,3.022898,,0.7557245,
13887000,2.63454,,0.658635,
13887900,2.267173,,0.56679325,
13888800,1.889311,,0.47232775,
13889700,1.532441,,0.38311025,
13890600,1.196564,,0.299141,
13891500,0.902671,,0.22566775,
13892400,0.619274,,0.1548185,
13893300,0.367366,,0.0918415,
13894200,0.178435,,0.04460875,
13895100,0,,0,
13896000,0,,0,
13896900,0,,0,
13897800,0,,0,
13898700,0,,0,
13899600,0,,0,
13900500,0,,0,
13901400,0,,0,
13902300,0,,0,
13903200,0,,0,
13904100,0,,0,
13905000,0,,0,
13905900,0,,0,
13906800,0,,0,
13907700,0,,0,
13908600,0,,0,
13909500,0,,0,
13910400,0,,0,
13911300,0,,0,
13912200,0,,0,
13913100,0,,0,
13914000,0,,0,
13914900,0,,0,
13915800,0,,0,
13916700,0,,0,
13917600,0,,0,
13918500,0,,0,
13919400,0,,0,
13920300,0,,0,
13921200,0,,0,
13922100,0,,0,
13923000,0,,0,
13923900,0.178435,,0.04460875,
13924800,0.367366,,0.0918415,
13925700,0.619274,,0.1548185,
13926600,0.902671,,0.22566775,
13927500,1.228052,,0.307013,
13928400,1.584922,,0.3962305,
13929300,1.952288,,0.488072,
13930200,2.340647,,0.58516175,
13931100,2.760494,,0.6901235,
13932000,3.159348,,0.789837,
13932900,3.579195,,0.89479875,
13933800,3.999042,,0.9997605,
13934700,4.439881,,1.10997025,
13935600,4.859728,,1.214932,
13936500,5.269079,,1.31726975,
13937400,5.667934,,1.4169835,
13938300,6.098277,,1.52456925,
13939200,6.476139,,1.61903475,
13940100,6.833009,,1.70825225,
13941000,7.179383,,1.79484575,
13941900,7.557245,,1.88931125,
13942800,7.861634,,1.9654085,
13943700,8.145031,,2.03625775,
13944600,8.407435,,2.10185875,
13945500,8.627854,,2.1569635,
13946400,8.827282,,2.2068205,
13947300,8.984724,,2.246181,
13948200,9.131671,,2.28291775,
13949100,9.236633,,2.30915825,
13950000,9.331098,,2.3327745,
13950900,9.362587,,2.34064675,
13951800,9.394075,,2.34851875,
13952700,9.373083,,2.34327075,
13953600,9.341594,,2.3353985,
13954500,9.257625,,2.31440625,
13955400,9.173656,,2.293414,
13956300,9.005717,,2.25142925,
13957200,8.85877,,2.2146925,
13958100,8.659343,,2.16483575,
13959000,8.459916,,2.114979,
13959900,8.208008,,2.052002,
13960800,7.956099,,1.98902475,
13961700,7.672703,,1.91817575,
13962600,7.37881,,1.8447025,
13963500,7.000948,,1.750237,
13964400,6.675566,,1.6688915,
13965300,6.318696,,1.579674,
13966200,5.95133,,1.4878325,
13967100,5.54198,,1.385495,
13968000,5.153621,,1.28840525,
13968900,4.754767,,1.18869175,
13969800,4.345416,,1.086354,
13970700,3.925569,,0.98139225,
13971600,3.516218,,0.8790545,
13972500,3.106867,,0.77671675,
13973400,2.708013,,0.67700325,
13974300,2.309158,,0.5772895,
13975200,1.931296,,0.482824,
13976100,1.56393,,0.3909825,
13977000,1.228052,,0.307013,
13977900,0.892175,,0.22304375,
13978800,0.608778,,0.1521945,
13979700,0.367366,,0.0918415,
13980600,0.178435,,0.04460875,
13981500,0,,0,
13982400,0,,0,
13983300,0,,0,
13984200,0,,0,
13985100,0,,0,
13986000,0,,0,
13986900,0,,0,
13987800,0,,0,
13988700,0,,0,
13989600,0,,0,
13990500,0,,0,
13991400,0,,0,
13992300,0,,0,
13993200,0,,0,
13994100,0,,0,
13995000,0,,0,
13995900,0,,0,
13996800,0,,0,
13997700,0,,0,
13998600,0,,0,
13999500,0,,0,
14000400,0,,0,
14001300,0,,0,
14002200,0,,0,
14003100,0,,0,
14004000,0,,0,
14004900,0,,0,
14005800,0,,0,
14006700,0,,0,
14007600,0,,0,
14008500,0,,0,
14009400,0,,0,
14010300,0.13645,,0.0341125,
14011200,0.304389,,0.07609725,
14012100,0.535305,,0.13382625,
14013000,0.808205,,0.20205125,
14013900,1.112594,,0.2781485,
14014800,1.437976,,0.359494,
14015700,1.784349,,0.44608725,
14016600,2.141219,,0.53530475,
14017500,2.487593,,0.62189825,
14018400,2.875951,,0.71898775,
14019300,3.26431,,0.8160775,
14020200,3.663164,,0.915791,
14021100,3.999042,,0.9997605,
14022000,4.397897,,1.09947425,
14022900,4.775759,,1.19393975,
14023800,5.143125,,1.28578125,
14024700,5.447514,,1.3618785,
14025600,5.793888,,1.448472,
14026500,6.129765,,1.53244125,
14027400,6.455147,,1.61378675,
14028300,6.696559,,1.67413975,
14029200,6.979955,,1.74498875,
14030100,7.24236,,1.81059,
14031000,7.504764,,1.876191,
14031900,7.746176,,1.936544,
14032800,7.935107,,1.98377675,
14033700,8.124038,,2.0310095,
14034600,8.260488,,2.065122,
14035500,8.512397,,2.12809925,
14036400,8.617358,,2.1543395,
14037300,8.690832,,2.172708,
14038200,8.701328,,2.175332,
14039100,8.806289,,2.20157225,
14040000,8.795793,,2.19894825,
14040900,8.743312,,2.185828,
14041800,8.669839,,2.16745975,
14042700,8.606862,,2.1517155,
14043600,8.480908,,2.120227,
14044500,8.312969,,2.07824225,
14045400,8.166023,,2.04150575,
14046300,7.977092,,1.994273,
14047200,7.725184,,1.931296,
14048100,7.473275,,1.86831875,
14049000,7.168886,,1.7922215,
14049900,6.916978,,1.7292445,
14050800,6.581101,,1.64527525,
14051700,6.224231,,1.55605775,
14052600,5.856865,,1.46421625,
14053500,5.562972,,1.390743,
14054400,5.18511,,1.2962775,
14055300,4.775759,,1.19393975,
14056200,4.355912,,1.088978,
14057100,3.999042,,0.9997605,
14058000,3.579195,,0.89479875,
14058900,3.169844,,0.792461,
14059800,2.760494,,0.6901235,
14060700,2.382631,,0.59565775,
14061600,1.994273,,0.49856825,
14062500,1.626907,,0.40672675,
14063400,1.270037,,0.31750925,
14064300,0.955152,,0.238788,
14065200,0.661259,,0.16531475,
14066100,0.398855,,0.09971375,
14067000,0.209923,,0.05248075,
14067900,0,,0,
14068800,0,,0,
14069700,0,,0,
14070600,0,,0,
14071500,0,,0,
14072400,0,,0,
14073300,0,,0,
14074200,0,,0,
14075100,0,,0,
14076000,0,,0,
14076900,0,,0,
14077800,0,,0,
14078700,0,,0,
14079600,0,,0,
14080500,0,,0,
14081400,0,,0,
14082300,0,,0,
14083200,0,,0,
14084100,0,,0,
14085000,0,,0,
14085900,0,,0,
14086800,0,,0,
14087700,0,,0,
14088600,0,,0,
14089500,0,,0,
14090400,0,,0,
14091300,0,,0,
14092200,0,,0,
14093100,0,,0,
14094000,0,,0,
14094900,0,,0,
14095800,0,,0,
14096700,0.209923,,0.05248075,
14097600,0.419847,,0.10496175,
14098500,0.682251,,0.17056275,
14099400,0.98664,,0.24666,
14100300,1.333014,,0.3332535,
14101200,1.70038,,0.425095,
14102100,2.078242,,0.5195605,
14103000,2.477097,,0.61927425,
14103900,2.90744,,0.72686,
14104800,3.327287,,0.83182175,
14105700,3.75763,,0.9394075,
14106600,4.177477,,1.04436925,
14107500,4.618316,,1.154579,
14108400,5.038163,,1.25954075,
14109300,5.447514,,1.3618785,
14110200,5.867361,,1.46684025,
14111100,6.266215,,1.56655375,
14112000,6.644078,,1.6610195,
14112900,7.011444,,1.752861,
14113800,7.336825,,1.83420625,
14114700,7.65171,,1.9129275,
14115600,7.956099,,1.98902475,
14116500,8.239496,,2.059874,
14117400,8.5019,,2.125475,
14118300,8.690832,,2.172708,
14119200,8.900755,,2.22518875,
14120100,9.058198,,2.2645495,
14121000,9.21564,,2.30391,
14121900,9.289113,,2.32227825,
14122800,9.383579,,2.34589475,
14123700,9.457052,,2.364263,
14124600,9.467548,,2.366887,
14125500,9.362587,,2.34064675,
14126400,9.310106,,2.3275265,
14127300,9.257625,,2.31440625,
14128200,9.163159,,2.29078975,
14129100,9.068694,,2.2671735,
14130000,8.921747,,2.23043675,
14130900,8.753809,,2.18845225,
14131800,8.543885,,2.13597125,
14132700,8.323465,,2.08086625,
14133600,8.071557,,2.01788925,
14134500,7.798657,,1.94966425,
14135400,7.494268,,1.873567,
14136300,7.200375,,1.80009375,
14137200,6.854001,,1.71350025,
14138100,6.497131,,1.62428275,
14139000,6.119269,,1.52981725,
14139900,5.741407,,1.43535175,
14140800,5.342552,,1.335638,
14141700,4.943698,,1.2359245,
14142600,4.523851,,1.13096275,
14143500,4.093508,,1.023377,
14144400,3.673661,,0.91841525,
14145300,3.26431,,0.8160775,
14146200,2.854959,,0.71373975,
14147100,2.435112,,0.608778,
14148000,2.046754,,0.5116885,
14148900,1.668892,,0.417223,
14149800,1.312022,,0.3280055,
14150700,0.976144,,0.244036,
14151600,0.682251,,0.17056275,
14152500,0.430343,,0.10758575,
14153400,0.22042,,0.055105,
14154300,0,,0,
14155200,0,,0,
14156100,0,,0,
14157000,0,,0,
14157900,0,,0,
14158800,0,,0,
14159700,0,,0,
14160600,0,,0,
14161500,0,,0,
14162400,0,,0,
14163300,0,,0,
14164200,0,,0,
14165100,0,,0,
14166000,0,,0,
14166900,0,,0,
14167800,0,,0,
14168700,0,,0,
14169600,0,,0,
14170500,0,,0,
14171400,0,,0,
14172300,0,,0,
14173200,0,,0,
14174100,0,,0,
14175000,0,,0,
14175900,0,,0,
14176800,0,,0,
14177700,0,,0,
14178600,0,,0,
14179500,0,,0,
14180400,0,,0,
14181300,0,,0,
14182200,0,,0,
14183100,0.209923,,0.05248075,
14184000,0.409351,,0.10233775,
14184900,0.671755,,0.16793875,
14185800,0.965648,,0.241412,
14186700,1.280533,,0.32013325,
14187600,1.637403,,0.40935075,
14188500,2.015265,,0.50381625,
14189400,2.403624,,0.600906,
14190300,2.760494,,0.6901235,
14191200,3.159348,,0.789837,
14192100,3.579195,,0.89479875,
14193000,3.988546,,0.9971365,
14193900,4.345416,,1.086354,
14194800,4.765263,,1.19131575,
14195700,5.153621,,1.28840525,
14196600,5.552476,,1.388119,
14197500,5.909346,,1.4773365,
14198400,6.276712,,1.569178,
14199300,6.633582,,1.6583955,
14200200,6.969459,,1.74236475,
14201100,7.263352,,1.815838,
14202000,7.567741,,1.89193525,
14202900,7.840641,,1.96016025,
14203800,8.09255,,2.0231375,
14204700,8.291977,,2.07299425,
14205600,8.5019,,2.125475,
14206500,8.701328,,2.175332,
14207400,8.827282,,2.2068205,
14208300,9.016213,,2.25405325,
14209200,9.110678,,2.2776695,
14210100,9.163159,,2.29078975,
14211000,9.21564,,2.30391,
14211900,9.278617,,2.31965425,
14212800,9.257625,,2.31440625,
14213700,9.194648,,2.298662,
14214600,9.110678,,2.2776695,
14215500,8.995221,,2.24880525,
14216400,8.848274,,2.2120685,
14217300,8.680335,,2.17008375,
14218200,8.470412,,2.117603,
14219100,8.281481,,2.07037025,
14220000,8.029573,,2.00739325,
14220900,7.746176,,1.936544,
14221800,7.452283,,1.86307075,
14222700,7.105909,,1.77647725,
14223600,6.759536,,1.689884,
14224500,6.413162,,1.6032905,
14225400,6.024804,,1.506201,
14226300,5.615453,,1.40386325,
14227200,5.227094,,1.3067735,
14228100,4.82824,,1.20706,
14229000,4.408393,,1.10209825,
14229900,3.967554,,0.9918885,
14230800,3.558203,,0.88955075,
14231700,3.138356,,0.784589,
14232600,2.739501,,0.68487525,
14233500,2.298662,,0.5746655,
14234400,1.9208,,0.4802,
14235300,1.553434,,0.3883585,
14236200,1.217556,,0.304389,
14237100,0.871182,,0.2177955,
14238000,0.587786,,0.1469465,
14238900,0.35687,,0.0892175,
14239800,0.178435,,0.04460875,
14240700,0,,0,
14241600,0,,0,
14242500,0,,0,
14243400,0,,0,
14244300,0,,0,
14245200,0,,0,
14246100,0,,0,
14247000,0,,0,
14247900,0,,0,
14248800,0,,0,
14249700,0,,0,
14250600,0,,0,
14251500,0,,0,
14252400,0,,0,
14253300,0,,0,
14254200,0,,0,
14255100,0,,0,
14256000,0,,0,
14256900,0,,0,
14257800,0,,0,
14258700,0,,0,
14259600,0,,0,
14260500,0,,0,
14261400,0,,0,
14262300,0,,0,
14263200,0,,0,
14264100,0,,0,
14265000,0,,0,
14265900,0,,0,
14266800,0,,0,
14267700,0,,0,
14268600,0,,0,
14269500,0.052481,,0.01312025,
14270400,0.167939,,0.04198475,
14271300,0.35687,,0.0892175,
14272200,0.608778,,0.1521945,
14273100,0.934159,,0.23353975,
14274000,1.249045,,0.31226125,
14274900,1.584922,,0.3962305,
14275800,1.941792,,0.485448,
14276700,2.33015,,0.5825375,
14277600,2.697517,,0.67437925,
14278500,3.085875,,0.77146875,
14279400,3.474233,,0.86855825,
14280300,3.89408,,0.97352,
14281200,4.292935,,1.07323375,
14282100,4.670797,,1.16769925,
14283000,5.048659,,1.26216475,
14283900,5.489499,,1.37237475,
14284800,5.846369,,1.46159225,
14285700,6.192742,,1.5481855,
14286600,6.52862,,1.632155,
14287500,6.906482,,1.7266205,
14288400,7.200375,,1.80009375,
14289300,7.473275,,1.86831875,
14290200,7.767168,,1.941792,
14291100,8.071557,,2.01788925,
14292000,8.270985,,2.06774625,
14292900,8.470412,,2.117603,
14293800,8.627854,,2.1569635,
14294700,8.848274,,2.2120685,
14295600,8.953236,,2.238309,
14296500,9.016213,,2.25405325,
14297400,9.047701,,2.26192525,
14298300,8.900755,,2.22518875,
14299200,8.837778,,2.2094445,
14300100,8.785297,,2.19632425,
14301000,8.72232,,2.18058,
14301900,8.617358,,2.1543395,
14302800,8.470412,,2.117603,
14303700,8.302473,,2.07561825,
14304600,8.103046,,2.0257615,
14305500,7.903619,,1.97590475,
14306400,7.672703,,1.91817575,
14307300,7.399802,,1.8499505,
14308200,7.105909,,1.77647725,
14309100,6.80152,,1.70038,
14310000,6.465643,,1.61641075,
14310900,6.119269,,1.52981725,
14311800,5.751903,,1.43797575,
14312700,5.426522,,1.3566305,
14313600,5.038163,,1.25954075,
14314500,4.628812,,1.157203,
14315400,4.219462,,1.0548655,
14316300,3.873088,,0.968272,
14317200,3.48473,,0.8711825,
14318100,3.075379,,0.76884475,
14319000,2.676524,,0.669131,
14319900,2.309158,,0.5772895,
14320800,1.931296,,0.482824,
14321700,1.574426,,0.3936065,
14322600,1.228052,,0.307013,
14323500,0.944656,,0.236164,
14324400,0.650763,,0.16269075,
14325300,0.398855,,0.09971375,
14326200,0.199427,,0.04985675,
14327100,0,,0,
14328000,0,,0,
14328900,0,,0,
14329800,0,,0,
14330700,0,,0,
14331600,0,,0,
14332500,0,,0,
14333400,0,,0,
14334300,0,,0,
14335200,0,,0,
14336100,0,,0,
14337000,0,,0,
14337900,0,,0,
14338800,0,,0,
14339700,0,,0,
14340600,0,,0,
14341500,0,,0,
14342400,0,,0,
14343300,0,,0,
14344200,0,,0,
14345100,0,,0,
14346000,0,,0,
14346900,0,,0,
14347800,0,,0,
14348700,0,,0,
14349600,0,,0,
14350500,0,,0,
14351400,0,,0,
14352300,0,,0,
14353200,0,,0,
14354100,0,,0,
14355000,0,,0,
14355900,0.209923,,0.05248075,
14356800,0.409351,,0.10233775,
14357700,0.661259,,0.16531475,
14358600,0.955152,,0.238788,
14359500,1.280533,,0.32013325,
14360400,1.637403,,0.40935075,
14361300,2.015265,,0.50381625,
14362200,2.403624,,0.600906,
14363100,2.812974,,0.7032435,
14364000,3.222325,,0.80558125,
14364900,3.631676,,0.907919,
14365800,4.062019,,1.01550475,
14366700,4.492362,,1.1230905,
14367600,4.901713,,1.22542825,
14368500,5.311064,,1.327766,
14369400,5.709918,,1.4274795,
14370300,6.108773,,1.52719325,
14371200,6.476139,,1.61903475,
14372100,6.843505,,1.71087625,
14373000,7.189879,,1.79746975,
14373900,7.483772,,1.870943,
14374800,7.777664,,1.944416,
14375700,8.061061,,2.01526525,
14376600,8.312969,,2.07824225,
14377500,8.564877,,2.14121925,
14378400,8.764305,,2.19107625,
14379300,8.94274,,2.235685,
14380200,9.100182,,2.2750455,
14381100,9.205144,,2.301286,
14382000,9.29961,,2.3249025,
14382900,9.373083,,2.34327075,
14383800,9.404571,,2.35114275,
14384700,9.320602,,2.3301505,
14385600,9.310106,,2.3275265,
14386500,9.226136,,2.306534,
14387400,9.142167,,2.28554175,
14388300,9.005717,,2.25142925,
14389200,8.85877,,2.2146925,
14390100,8.690832,,2.172708,
14391000,8.470412,,2.117603,
14391900,8.229,,2.05725,
14392800,7.987588,,1.996897,
14393700,7.704191,,1.92604775,
14394600,7.410298,,1.8525745,
14395500,7.105909,,1.77647725,
14396400,6.770032,,1.692508,
14397300,6.423658,,1.6059145,
14398200,6.056292,,1.514073,
14399100,5.67843,,1.4196075,
14400000,5.290071,,1.32251775,
14400900,4.880721,,1.22018025,
14401800,4.47137,,1.1178425,
14402700,4.083011,,1.02075275,
14403600,3.673661,,0.91841525,
14404500,3.253814,,0.8134535,
14405400,2.854959,,0.71373975,
14406300,2.466601,,0.61665025,
14407200,2.078242,,0.5195605,
14408100,1.70038,,0.425095,
14409000,1.34351,,0.3358775,
14409900,1.028625,,0.25715625,
14410800,0.724236,,0.181059,
14411700,0.461832,,0.115458,
14412600,0.251908,,0.062977,
14413500,0.104962,,0.0262405,
14414400,0,,0,
14415300,0,,0,
14416200,0,,0,
14417100,0,,0,
14418000,0,,0,
14418900,0,,0,
14419800,0,,0,
14420700,0,,0,
14421600,0,,0,
14422500,0,,0,
14423400,0,,0,
14424300,0,,0,
14425200,0,,0,
14426100,0,,0,
14427000,0,,0,
14427900,0,,0,
14428800,0,,0,
14429700,0,,0,
14430600,0,,0,
14431500,0,,0,
14432400,0,,0,
14433300,0,,0,
14434200,0,,0,
14435100,0,,0,
14436000,0,,0,
14436900,0,,0,
14437800,0,,0,
14438700,0,,0,
14439600,0,,0,
14440500,0,,0,
14441400,0,,0,
14442300,0.209923,,0.05248075,
14443200,0.409351,,0.10233775,
14444100,0.671755,,0.16793875,
14445000,0.965648,,0.241412,
14445900,1.291029,,0.32275725,
14446800,1.647899,,0.41197475,
14447700,2.025761,,0.50644025,
14448600,2.424616,,0.606154,
14449500,2.823471,,0.70586775,
14450400,3.232821,,0.80820525,
14451300,3.642172,,0.910543,
14452200,4.062019,,1.01550475,
14453100,4.47137,,1.1178425,
14454000,4.880721,,1.22018025,
14454900,5.269079,,1.31726975,
14455800,5.67843,,1.4196075,
14456700,6.045796,,1.511449,
14457600,6.413162,,1.6032905,
14458500,6.780528,,1.695132,
14459400,7.116406,,1.7791015,
14460300,7.420795,,1.85519875,
14461200,7.725184,,1.931296,
14462100,8.00858,,2.002145,
14463000,8.270985,,2.06774625,
14463900,8.491404,,2.122851,
14464800,8.701328,,2.175332,
14465700,8.879763,,2.21994075,
14466600,9.026709,,2.25667725,
14467500,9.142167,,2.28554175,
14468400,9.236633,,2.30915825,
14469300,9.29961,,2.3249025,
14470200,9.341594,,2.3353985,
14471100,9.320602,,2.3301505,
14472000,9.289113,,2.32227825,
14472900,9.236633,,2.30915825,
14473800,9.142167,,2.28554175,
14474700,9.026709,,2.25667725,
14475600,8.890259,,2.22256475,
14476500,8.711824,,2.177956,
14477400,8.512397,,2.12809925,
14478300,8.291977,,2.07299425,
14479200,8.040069,,2.01001725,
14480100,7.756672,,1.939168,
14481000,7.462779,,1.86569475,
14481900,7.137398,,1.7843495,
14482800,6.80152,,1.70038,
14483700,6.44465,,1.6111625,
14484600,6.077284,,1.519321,
14485500,5.67843,,1.4196075,
14486400,5.279575,,1.31989375,
14487300,4.880721,,1.22018025,
14488200,4.47137,,1.1178425,
14489100,4.062019,,1.01550475,
14490000,3.652668,,0.913167,
14490900,3.243318,,0.8108295,
14491800,2.844463,,0.71111575,
14492700,2.435112,,0.608778,
14493600,2.046754,,0.5116885,
14494500,1.668892,,0.417223,
14495400,1.312022,,0.3280055,
14496300,0.98664,,0.24666,
14497200,0.692747,,0.17318675,
14498100,0.440839,,0.11020975,
14499000,0.230916,,0.057729,
14499900,0.094466,,0.0236165,
14500800,0,,0,
14501700,0,,0,
14502600,0,,0,
14503500,0,,0,
14504400,0,,0,
14505300,0,,0,
14506200,0,,0,
14507100,0,,0,
14508000,0,,0,
14508900,0,,0,
14509800,0,,0,
14510700,0,,0,
14511600,0,,0,
14512500,0,,0,
14513400,0,,0,
14514300,0,,0,
14515200,0,,0,
14516100,0,,0,
14517000,0,,0,
14517900,0,,0,
14518800,0,,0,
14519700,0,,0,
14520600,0,,0,
14521500,0,,0,
14522400,0,,0,
14523300,0,,0,
14524200,0,,0,
14525100,0,,0,
14526000,0,,0,
14526900,0,,0,
14527800,0,,0,
14528700,0.199427,,0.04985675,
14529600,0.398855,,0.09971375,
14530500,0.650763,,0.16269075,
14531400,0.944656,,0.236164,
14532300,1.270037,,0.31750925,
14533200,1.626907,,0.40672675,
14534100,1.994273,,0.49856825,
14535000,2.382631,,0.59565775,
14535900,2.791982,,0.6979955,
14536800,3.201333,,0.80033325,
14537700,3.600187,,0.90004675,
14538600,4.020034,,1.0050085,
14539500,4.418889,,1.10472225,
14540400,4.82824,,1.20706,
14541300,5.23759,,1.3093975,
14542200,5.636445,,1.40911125,
14543100,6.003811,,1.50095275,
14544000,6.381673,,1.59541825,
14544900,6.738543,,1.68463575,
14545800,7.074421,,1.76860525,
14546700,7.24236,,1.81059,
14547600,7.546749,,1.88668725,
14548500,7.830145,,1.95753625,
14549400,8.082053,,2.02051325,
14550300,8.312969,,2.07824225,
14551200,8.522893,,2.13072325,
14552100,8.680335,,2.17008375,
14553000,8.837778,,2.2094445,
14553900,8.963732,,2.240933,
14554800,9.058198,,2.2645495,
14555700,9.121175,,2.28029375,
14556600,9.131671,,2.28291775,
14557500,9.184152,,2.296038,
14558400,9.163159,,2.29078975,
14559300,9.110678,,2.2776695,
14560200,9.026709,,2.25667725,
14561100,8.890259,,2.22256475,
14562000,8.732816,,2.183204,
14562900,8.554381,,2.13859525,
14563800,8.354954,,2.0887385,
14564700,8.124038,,2.0310095,
14565600,7.87213,,1.9680325,
14566500,7.59923,,1.8998075,
14567400,7.305337,,1.82633425,
14568300,7.011444,,1.752861,
14569200,6.66507,,1.6662675,
14570100,6.3082,,1.57705,
14571000,5.940834,,1.4852085,
14571900,5.573468,,1.393367,
14572800,5.18511,,1.2962775,
14573700,4.786255,,1.19656375,
14574600,4.3874,,1.09685,
14575500,3.97805,,0.9945125,
14576400,3.568699,,0.89217475,
14577300,3.159348,,0.789837,
14578200,2.760494,,0.6901235,
14579100,2.361639,,0.59040975,
14580000,1.973281,,0.49332025,
14580900,1.616411,,0.40410275,
14581800,1.270037,,0.31750925,
14582700,0.944656,,0.236164,
14583600,0.661259,,0.16531475,
14584500,0.409351,,0.10233775,
14585400,0.209923,,0.05248075,
14586300,0.073473,,0.01836825,
14587200,0,,0,
14588100,0,,0,
14589000,0,,0,
14589900,0,,0,
14590800,0,,0,
14591700,0,,0,
14592600,0,,0,
14593500,0,,0,
14594400,0,,0,
14595300,0,,0,
14596200,0,,0,
14597100,0,,0,
14598000,0,,0,
14598900,0,,0,
14599800,0,,0,
14600700,0,,0,
14601600,0,,0,
14602500,0,,0,
14603400,0,,0,
14604300,0,,0,
14605200,0,,0,
14606100,0,,0,
14607000,0,,0,
14607900,0,,0,
14608800,0,,0,
14609700,0,,0,
14610600,0,,0,
14611500,0,,0,
14612400,0,,0,
14613300,0,,0,
14614200,0,,0,
14615100,0.178435,,0.04460875,
14616000,0.367366,,0.0918415,
14616900,0.608778,,0.1521945,
14617800,0.902671,,0.22566775,
14618700,1.217556,,0.304389,
14619600,1.56393,,0.3909825,
14620500,1.931296,,0.482824,
14621400,2.319654,,0.5799135,
14622300,2.718509,,0.67962725,
14623200,3.12786,,0.781965,
14624100,3.526714,,0.8816785,
14625000,3.946561,,0.98664025,
14625900,4.376904,,1.094226,
14626800,4.786255,,1.19656375,
14627700,5.18511,,1.2962775,
14628600,5.573468,,1.393367,
14629500,5.940834,,1.4852085,
14630400,6.297704,,1.574426,
14631300,6.633582,,1.6583955,
14632200,6.979955,,1.74498875,
14633100,7.221367,,1.80534175,
14634000,7.51526,,1.878815,
14634900,7.777664,,1.944416,
14635800,8.019076,,2.004769,
14636700,8.197511,,2.04937775,
14637600,8.386443,,2.09661075,
14638500,8.575374,,2.1438435,
14639400,8.743312,,2.185828,
14640300,8.806289,,2.20157225,
14641200,8.911251,,2.22781275,
14642100,8.974228,,2.243557,
14643000,9.005717,,2.25142925,
14643900,8.890259,,2.22256475,
14644800,8.879763,,2.21994075,
14645700,8.827282,,2.2068205,
14646600,8.743312,,2.185828,
14647500,8.732816,,2.183204,
14648400,8.58587,,2.1464675,
14649300,8.396939,,2.09923475,
14650200,8.208008,,2.052002,
14651100,8.103046,,2.0257615,
14652000,7.851138,,1.9627845,
14652900,7.567741,,1.89193525,
14653800,7.263352,,1.815838,
14654700,6.969459,,1.74236475,
14655600,6.633582,,1.6583955,
14656500,6.287208,,1.571802,
14657400,5.909346,,1.4773365,
14658300,5.531483,,1.38287075,
14659200,5.153621,,1.28840525,
14660100,4.754767,,1.18869175,
14661000,4.345416,,1.086354,
14661900,3.936065,,0.98401625,
14662800,3.526714,,0.8816785,
14663700,3.12786,,0.781965,
14664600,2.729005,,0.68225125,
14665500,2.33015,,0.5825375,
14666400,1.962784,,0.490696,
14667300,1.595418,,0.3988545,
14668200,1.259541,,0.31488525,
14669100,0.944656,,0.236164,
14670000,0.661259,,0.16531475,
14670900,0.419847,,0.10496175,
14671800,0.209923,,0.05248075,
14672700,0.083969,,0.02099225,
14673600,0,,0,
14674500,0,,0,
14675400,0,,0,
14676300,0,,0,
14677200,0,,0,
14678100,0,,0,
14679000,0,,0,
14679900,0,,0,
14680800,0,,0,
14681700,0,,0,
14682600,0,,0,
14683500,0,,0,
14684400,0,,0,
14685300,0,,0,
14686200,0,,0,
14687100,0,,0,
14688000,0,,0,
14688900,0,,0,
14689800,0,,0,
14690700,0,,0,
14691600,0,,0,
14692500,0,,0,
14693400,0,,0,
14694300,0,,0,
14695200,0,,0,
14696100,0,,0,
14697000,0,,0,
14697900,0,,0,
14698800,0,,0,
14699700,0,,0,
14700600,0,,0,
14701500,0.178435,,0.04460875,
14702400,0.367366,,0.0918415,
14703300,0.598282,,0.1495705,
14704200,0.881679,,0.22041975,
14705100,1.186068,,0.296517,
14706000,1.532441,,0.38311025,
14706900,1.889311,,0.47232775,
14707800,2.267173,,0.56679325,
14708700,2.655532,,0.663883,
14709600,3.04389,,0.7609725,
14710500,3.453241,,0.86331025,
14711400,3.862592,,0.965648,
14712300,4.282439,,1.07060975,
14713200,4.681293,,1.17032325,
14714100,5.069652,,1.267413,
14715000,5.468506,,1.3671265,
14715900,5.856865,,1.46421625,
14716800,6.234727,,1.55868175,
14717700,6.581101,,1.64527525,
14718600,6.916978,,1.7292445,
14719500,7.273848,,1.818462,
14720400,7.578237,,1.89455925,
14721300,7.87213,,1.9680325,
14722200,8.124038,,2.0310095,
14723100,8.375946,,2.0939865,
14724000,8.58587,,2.1464675,
14724900,8.764305,,2.19107625,
14725800,8.911251,,2.22781275,
14726700,9.047701,,2.26192525,
14727600,9.142167,,2.28554175,
14728500,9.21564,,2.30391,
14729400,9.247129,,2.31178225,
14730300,9.184152,,2.296038,
14731200,9.163159,,2.29078975,
14732100,9.110678,,2.2776695,
14733000,9.005717,,2.25142925,
14733900,8.869266,,2.2173165,
14734800,8.732816,,2.183204,
14735700,8.575374,,2.1438435,
14736600,8.375946,,2.0939865,
14737500,8.155527,,2.03888175,
14738400,7.914115,,1.97852875,
14739300,7.641214,,1.9103035,
14740200,7.357818,,1.8394545,
14741100,7.02194,,1.755485,
14742000,6.707055,,1.67676375,
14742900,6.360681,,1.59017025,
14743800,5.993315,,1.49832875,
14744700,5.636445,,1.40911125,
14745600,5.248087,,1.31202175,
14746500,4.859728,,1.214932,
14747400,4.450377,,1.11259425,
14748300,4.093508,,1.023377,
14749200,3.684157,,0.92103925,
14750100,3.274806,,0.8187015,
14751000,2.875951,,0.71898775,
14751900,2.498089,,0.62452225,
14752800,2.109731,,0.52743275,
14753700,1.742365,,0.43559125,
14754600,1.374999,,0.34374975,
14755500,1.060114,,0.2650285,
14756400,0.755724,,0.188931,
14757300,0.482824,,0.120706,
14758200,0.262404,,0.065601,
14759100,0.115458,,0.0288645,
14760000,0,,0,
14760900,0,,0,
14761800,0,,0,
14762700,0,,0,
14763600,0,,0,
14764500,0,,0,
14765400,0,,0,
14766300,0,,0,
14767200,0,,0,
14768100,0,,0,
14769000,0,,0,
14769900,0,,0,
14770800,0,,0,
14771700,0,,0,
14772600,0,,0,
14773500,0,,0,
14774400,0,,0,
14775300,0,,0,
14776200,0,,0,
14777100,0,,0,
14778000,0,,0,
14778900,0,,0,
14779800,0,,0,
14780700,0,,0,
14781600,0,,0,
14782500,0,,0,
14783400,0,,0,
14784300,0,,0,
14785200,0,,0,
14786100,0,,0,
14787000,0,,0,
14787900,0.209923,,0.05248075,
14788800,0.419847,,0.10496175,
14789700,0.671755,,0.16793875,
14790600,0.976144,,0.244036,
14791500,1.301525,,0.32538125,
14792400,1.658395,,0.41459875,
14793300,2.036258,,0.5090645,
14794200,2.435112,,0.608778,
14795100,2.844463,,0.71111575,
14796000,3.253814,,0.8134535,
14796900,3.673661,,0.91841525,
14797800,4.093508,,1.023377,
14798700,4.523851,,1.13096275,
14799600,4.943698,,1.2359245,
14800500,5.353048,,1.338262,
14801400,5.751903,,1.43797575,
14802300,6.161254,,1.5403135,
14803200,6.539116,,1.634779,
14804100,6.874994,,1.7187485,
14805000,7.221367,,1.80534175,
14805900,7.557245,,1.88931125,
14806800,7.861634,,1.9654085,
14807700,8.145031,,2.03625775,
14808600,8.407435,,2.10185875,
14809500,8.627854,,2.1569635,
14810400,8.837778,,2.2094445,
14811300,9.016213,,2.25405325,
14812200,9.173656,,2.293414,
14813100,9.289113,,2.32227825,
14814000,9.383579,,2.34589475,
14814900,9.457052,,2.364263,
14815800,9.499037,,2.37475925,
14816700,9.383579,,2.34589475,
14817600,9.373083,,2.34327075,
14818500,9.320602,,2.3301505,
14819400,9.226136,,2.306534,
14820300,9.131671,,2.28291775,
14821200,8.995221,,2.24880525,
14822100,8.816786,,2.2041965,
14823000,8.617358,,2.1543395,
14823900,8.386443,,2.09661075,
14824800,8.134534,,2.0336335,
14825700,7.87213,,1.9680325,
14826600,7.588733,,1.89718325,
14827500,7.252856,,1.813214,
14828400,6.916978,,1.7292445,
14829300,6.560108,,1.640027,
14830200,6.192742,,1.5481855,
14831100,5.81488,,1.45372,
14832000,5.426522,,1.3566305,
14832900,5.027667,,1.25691675,
14833800,4.60782,,1.151955,
14834700,4.219462,,1.0548655,
14835600,3.810111,,0.95252775,
14836500,3.390264,,0.847566,
14837400,2.970417,,0.74260425,
14838300,2.571562,,0.6428905,
14839200,2.183204,,0.545801,
14840100,1.794846,,0.4487115,
14841000,1.42748,,0.35687,
14841900,1.091602,,0.2729005,
14842800,0.776717,,0.19417925,
14843700,0.503816,,0.125954,
14844600,0.272901,,0.06822525,
14845500,0.115458,,0.0288645,
14846400,0,,0,
14847300,0,,0,
14848200,0,,0,
14849100,0,,0,
14850000,0,,0,
14850900,0,,0,
14851800,0,,0,
14852700,0,,0,
14853600,0,,0,
14854500,0,,0,
14855400,0,,0,
14856300,0,,0,
14857200,0,,0,
14858100,0,,0,
14859000,0,,0,
14859900,0,,0,
14860800,0,,0,
14861700,0,,0,
14862600,0,,0,
14863500,0,,0,
14864400,0,,0,
14865300,0,,0,
14866200,0,,0,
14867100,0,,0,
14868000,0,,0,
14868900,0,,0,
14869800,0,,0,
14870700,0,,0,
14871600,0,,0,
14872500,0,,0,
14873400,0,,0,
14874300,0.199427,,0.04985675,
14875200,0.398855,,0.09971375,
14876100,0.650763,,0.16269075,
14877000,0.934159,,0.23353975,
14877900,1.259541,,0.31488525,
14878800,1.616411,,0.40410275,
14879700,1.983777,,0.49594425,
14880600,2.372135,,0.59303375,
14881500,2.760494,,0.6901235,
14882400,3.169844,,0.792461,
14883300,3.589691,,0.89742275,
14884200,3.999042,,0.9997605,
14885100,4.397897,,1.09947425,
14886000,4.807247,,1.20181175,
14886900,5.216598,,1.3041495,
14887800,5.615453,,1.40386325,
14888700,5.993315,,1.49832875,
14889600,6.371177,,1.59279425,
14890500,6.707055,,1.67676375,
14891400,7.053428,,1.763357,
14892300,7.336825,,1.83420625,
14893200,7.641214,,1.9103035,
14894100,7.914115,,1.97852875,
14895000,8.176519,,2.04412975,
14895900,8.354954,,2.0887385,
14896800,8.564877,,2.14121925,
14897700,8.743312,,2.185828,
14898600,8.890259,,2.22256475,
14899500,9.005717,,2.25142925,
14900400,9.100182,,2.2750455,
14901300,9.142167,,2.28554175,
14902200,9.173656,,2.293414,
14903100,8.995221,,2.24880525,
14904000,8.963732,,2.240933,
14904900,8.911251,,2.22781275,
14905800,8.827282,,2.2068205,
14906700,8.701328,,2.175332,
14907600,8.564877,,2.14121925,
14908500,8.396939,,2.09923475,
14909400,8.197511,,2.04937775,
14910300,7.998084,,1.999521,
14911200,7.756672,,1.939168,
14912100,7.462779,,1.86569475,
14913000,7.179383,,1.79484575,
14913900,6.864497,,1.71612425,
14914800,6.539116,,1.634779,
14915700,6.192742,,1.5481855,
14916600,5.835872,,1.458968,
14917500,5.468506,,1.3671265,
14918400,5.090644,,1.272661,
14919300,4.691789,,1.17294725,
14920200,4.292935,,1.07323375,
14921100,3.904576,,0.976144,
14922000,3.505722,,0.8764305,
14922900,3.106867,,0.77671675,
14923800,2.708013,,0.67700325,
14924700,2.351143,,0.58778575,
14925600,1.983777,,0.49594425,
14926500,1.616411,,0.40410275,
14927400,1.280533,,0.32013325,
14928300,0.976144,,0.244036,
14929200,0.682251,,0.17056275,
14930100,0.430343,,0.10758575,
14931000,0.230916,,0.057729,
14931900,0.094466,,0.0236165,
14932800,0,,0,
14933700,0,,0,
14934600,0,,0,
14935500,0,,0,
14936400,0,,0,
14937300,0,,0,
14938200,0,,0,
14939100,0,,0,
14940000,0,,0,
14940900,0,,0,
14941800,0,,0,
14942700,0,,0,
14943600,0,,0,
14944500,0,,0,
14945400,0,,0,
14946300,0,,0,
14947200,0,,0,
14948100,0,,0,
14949000,0,,0,
14949900,0,,0,
14950800,0,,0,
14951700,0,,0,
14952600,0,,0,
14953500,0,,0,
14954400,0,,0,
14955300,0,,0,
14956200,0,,0,
14957100,0,,0,
14958000,0,,0,
14958900,0,,0,
14959800,0,,0,
14960700,0.167939,,0.04198475,
14961600,0.35687,,0.0892175,
14962500,0.587786,,0.1469465,
14963400,0.871182,,0.2177955,
14964300,1.186068,,0.296517,
14965200,1.532441,,0.38311025,
14966100,1.899807,,0.47495175,
14967000,2.27767,,0.5694175,
14967900,2.676524,,0.669131,
14968800,3.075379,,0.76884475,
14969700,3.48473,,0.8711825,
14970600,3.89408,,0.97352,
14971500,4.324423,,1.08110575,
14972400,4.712782,,1.1781955,
14973300,5.10114,,1.275285,
14974200,5.499995,,1.37499875,
14975100,5.898849,,1.47471225,
14976000,6.266215,,1.56655375,
14976900,6.623085,,1.65577125,
14977800,6.969459,,1.74236475,
14978700,7.231863,,1.80796575,
14979600,7.536252,,1.884063,
14980500,7.809153,,1.95228825,
14981400,8.050565,,2.01264125,
14982300,8.302473,,2.07561825,
14983200,8.512397,,2.12809925,
14984100,8.690832,,2.172708,
14985000,8.837778,,2.2094445,
14985900,8.963732,,2.240933,
14986800,9.058198,,2.2645495,
14987700,9.121175,,2.28029375,
14988600,9.152663,,2.28816575,
14989500,9.173656,,2.293414,
14990400,9.152663,,2.28816575,
14991300,9.100182,,2.2750455,
14992200,9.026709,,2.25667725,
14993100,8.890259,,2.22256475,
14994000,8.753809,,2.18845225,
14994900,8.58587,,2.1464675,
14995800,8.36545,,2.0913625,
14996700,8.145031,,2.03625775,
14997600,7.903619,,1.97590475,
14998500,7.609726,,1.9024315,
14999400,7.326329,,1.83158225,
15000300,6.979955,,1.74498875,
15001200,6.66507,,1.6662675,
15002100,6.318696,,1.579674,
15003000,5.940834,,1.4852085,
15003900,5.562972,,1.390743,
15004800,5.174613,,1.29365325,
15005700,4.786255,,1.19656375,
15006600,4.3874,,1.09685,
15007500,3.988546,,0.9971365,
15008400,3.589691,,0.89742275,
15009300,3.190837,,0.79770925,
15010200,2.791982,,0.6979955,
15011100,2.403624,,0.600906,
15012000,2.025761,,0.50644025,
15012900,1.658395,,0.41459875,
15013800,1.312022,,0.3280055,
15014700,0.997136,,0.249284,
15015600,0.703244,,0.175811,
15016500,0.451335,,0.11283375,
15017400,0.241412,,0.060353,
15018300,0.094466,,0.0236165,
15019200,0,,0,
15020100,0,,0,
15021000,0,,0,
15021900,0,,0,
15022800,0,,0,
15023700,0,,0,
15024600,0,,0,
15025500,0,,0,
15026400,0,,0,
15027300,0,,0,
15028200,0,,0,
15029100,0,,0,
15030000,0,,0,
15030900,0,,0,
15031800,0,,0,
15032700,0,,0,
15033600,0,,0,
15034500,0,,0,
15035400,0,,0,
15036300,0,,0,
15037200,0,,0,
15038100,0,,0,
15039000,0,,0,
15039900,0,,0,
15040800,0,,0,
15041700,0,,0,
15042600,0,,0,
15043500,0,,0,
15044400,0,,0,
15045300,0,,0,
15046200,0,,0,
15047100,0.178435,,0.04460875,
15048000,0.35687,,0.0892175,
15048900,0.598282,,0.1495705,
15049800,0.871182,,0.2177955,
15050700,1.196564,,0.299141,
15051600,1.532441,,0.38311025,
15052500,1.889311,,0.47232775,
15053400,2.267173,,0.56679325,
15054300,2.666028,,0.666507,
15055200,3.064883,,0.76622075,
15056100,3.463737,,0.86593425,
15057000,3.873088,,0.968272,
15057900,4.292935,,1.07323375,
15058800,4.691789,,1.17294725,
15059700,5.090644,,1.272661,
15060600,5.489499,,1.37237475,
15061500,5.877857,,1.46946425,
15062400,6.245223,,1.56130575,
15063300,6.602093,,1.65052325,
15064200,6.927474,,1.7318685,
15065100,7.231863,,1.80796575,
15066000,7.525756,,1.881439,
15066900,7.809153,,1.95228825,
15067800,8.050565,,2.01264125,
15068700,8.260488,,2.065122,
15069600,8.44942,,2.112355,
15070500,8.627854,,2.1569635,
15071400,8.774801,,2.19370025,
15072300,8.879763,,2.21994075,
15073200,8.963732,,2.240933,
15074100,9.037205,,2.25930125,
15075000,9.068694,,2.2671735,
15075900,9.037205,,2.25930125,
15076800,9.016213,,2.25405325,
15077700,8.953236,,2.238309,
15078600,8.869266,,2.2173165,
15079500,8.743312,,2.185828,
15080400,8.606862,,2.1517155,
15081300,8.438923,,2.10973075,
15082200,8.249992,,2.062498,
15083100,8.00858,,2.002145,
15084000,7.767168,,1.941792,
15084900,7.504764,,1.876191,
15085800,7.221367,,1.80534175,
15086700,6.88549,,1.7213725,
15087600,6.560108,,1.640027,
15088500,6.213735,,1.55343375,
15089400,5.856865,,1.46421625,
15090300,5.489499,,1.37237475,
15091200,5.10114,,1.275285,
15092100,4.712782,,1.1781955,
15093000,4.324423,,1.08110575,
15093900,3.957057,,0.98926425,
15094800,3.547707,,0.88692675,
15095700,3.148852,,0.787213,
15096600,2.749997,,0.68749925,
15097500,2.382631,,0.59565775,
15098400,2.004769,,0.50119225,
15099300,1.647899,,0.41197475,
15100200,1.301525,,0.32538125,
15101100,0.976144,,0.244036,
15102000,0.692747,,0.17318675,
15102900,0.440839,,0.11020975,
15103800,0.241412,,0.060353,
15104700,0.094466,,0.0236165,
15105600,0,,0,
15106500,0,,0,
15107400,0,,0,
15108300,0,,0,
15109200,0,,0,
15110100,0,,0,
15111000,0,,0,
15111900,0,,0,
15112800,0,,0,
15113700,0,,0,
15114600,0,,0,
15115500,0,,0,
15116400,0,,0,
15117300,0,,0,
15118200,0,,0,
15119100,0,,0,
15120000,0,,0,
15120900,0,,0,
15121800,0,,0,
15122700,0,,0,
15123600,0,,0,
15124500,0,,0,
15125400,0,,0,
15126300,0,,0,
15127200,0,,0,
15128100,0,,0,
15129000,0,,0,
15129900,0,,0,
15130800,0,,0,
15131700,0,,0,
15132600,0,,0,
15133500,0.115458,,0.0288645,
15134400,0.283397,,0.07084925,
15135300,0.49332,,0.12333,
15136200,0.755724,,0.188931,
15137100,1.060114,,0.2650285,
15138000,1.385495,,0.34637375,
15138900,1.731869,,0.43296725,
15139800,2.099235,,0.52480875,
15140700,2.519082,,0.6297705,
15141600,2.90744,,0.72686,
15142500,3.306295,,0.82657375,
15143400,3.705149,,0.92628725,
15144300,4.124996,,1.031249,
15145200,4.534347,,1.13358675,
15146100,4.933201,,1.23330025,
15147000,5.32156,,1.33039,
15147900,5.709918,,1.4274795,
15148800,6.077284,,1.519321,
15149700,6.423658,,1.6059145,
15150600,6.759536,,1.689884,
15151500,7.02194,,1.755485,
15152400,7.336825,,1.83420625,
15153300,7.609726,,1.9024315,
15154200,7.851138,,1.9627845,
15155100,8.050565,,2.01264125,
15156000,8.249992,,2.062498,
15156900,8.428427,,2.10710675,
15157800,8.58587,,2.1464675,
15158700,8.659343,,2.16483575,
15159600,8.753809,,2.18845225,
15160500,8.816786,,2.2041965,
15161400,8.85877,,2.2146925,
15162300,8.764305,,2.19107625,
15163200,8.743312,,2.185828,
15164100,8.690832,,2.172708,
15165000,8.606862,,2.1517155,
15165900,8.491404,,2.122851,
15166800,8.354954,,2.0887385,
15167700,8.197511,,2.04937775,
15168600,7.987588,,1.996897,
15169500,7.788161,,1.94704025,
15170400,7.546749,,1.88668725,
15171300,7.284344,,1.821086,
15172200,6.979955,,1.74498875,
15173100,6.749039,,1.68725975,
15174000,6.423658,,1.6059145,
15174900,6.066788,,1.516697,
15175800,5.720414,,1.4301035,
15176700,5.363545,,1.34088625,
15177600,4.985682,,1.2464205,
15178500,4.597324,,1.149331,
15179400,4.198469,,1.04961725,
15180300,3.810111,,0.95252775,
15181200,3.411256,,0.852814,
15182100,3.022898,,0.7557245,
15183000,2.63454,,0.658635,
15183900,2.246181,,0.56154525,
15184800,1.878815,,0.46970375,
15185700,1.521945,,0.38048625,
15186600,1.196564,,0.299141,
15187500,0.892175,,0.22304375,
15188400,0.619274,,0.1548185,
15189300,0.377862,,0.0944655,
15190200,0.188931,,0.04723275,
15191100,0.062977,,0.01574425,
15192000,0,,0,
15192900,0,,0,
15193800,0,,0,
15194700,0,,0,
15195600,0,,0,
15196500,0,,0,
15197400,0,,0,
15198300,0,,0,
15199200,0,,0,
15200100,0,,0,
15201000,0,,0,
15201900,0,,0,
15202800,0,,0,
15203700,0,,0,
15204600,0,,0,
15205500,0,,0,
15206400,0,,0,
15207300,0,,0,
15208200,0,,0,
15209100,0,,0,
15210000,0,,0,
15210900,0,,0,
15211800,0,,0,
15212700,0,,0,
15213600,0,,0,
15214500,0,,0,
15215400,0,,0,
15216300,0,,0,
15217200,0,,0,
15218100,0,,0,
15219000,0,,0,
15219900,0.146946,,0.0367365,
15220800,0.314885,,0.07872125,
15221700,0.545801,,0.13645025,
15222600,0.808205,,0.20205125,
15223500,1.112594,,0.2781485,
15224400,1.437976,,0.359494,
15225300,1.794846,,0.4487115,
15226200,2.162212,,0.540553,
15227100,2.540074,,0.6350185,
15228000,2.938929,,0.73473225,
15228900,3.337783,,0.83444575,
15229800,3.736638,,0.9341595,
15230700,4.124996,,1.031249,
15231600,4.523851,,1.13096275,
15232500,4.922705,,1.23067625,
15233400,5.311064,,1.327766,
15234300,5.67843,,1.4196075,
15235200,6.045796,,1.511449,
15236100,6.39217,,1.5980425,
15237000,6.728047,,1.68201175,
15237900,7.042932,,1.760733,
15238800,7.336825,,1.83420625,
15239700,7.609726,,1.9024315,
15240600,7.861634,,1.9654085,
15241500,8.082053,,2.02051325,
15242400,8.291977,,2.07299425,
15243300,8.44942,,2.112355,
15244200,8.606862,,2.1517155,
15245100,8.711824,,2.177956,
15246000,8.806289,,2.20157225,
15246900,8.869266,,2.2173165,
15247800,8.900755,,2.22518875,
15248700,8.690832,,2.172708,
15249600,8.669839,,2.16745975,
15250500,8.617358,,2.1543395,
15251400,8.522893,,2.13072325,
15252300,8.396939,,2.09923475,
15253200,8.260488,,2.065122,
15254100,8.09255,,2.0231375,
15255000,7.903619,,1.97590475,
15255900,7.693695,,1.92342375,
15256800,7.452283,,1.86307075,
15257700,7.200375,,1.80009375,
15258600,6.906482,,1.7266205,
15259500,6.633582,,1.6583955,
15260400,6.3082,,1.57705,
15261300,5.972323,,1.49308075,
15262200,5.625949,,1.40648725,
15263100,5.290071,,1.32251775,
15264000,4.912209,,1.22805225,
15264900,4.555339,,1.13883475,
15265800,4.166981,,1.04174525,
15266700,3.799615,,0.94990375,
15267600,3.40076,,0.85019,
15268500,3.012402,,0.7531005,
15269400,2.63454,,0.658635,
15270300,2.27767,,0.5694175,
15271200,1.910304,,0.477576,
15272100,1.553434,,0.3883585,
15273000,1.228052,,0.307013,
15273900,0.934159,,0.23353975,
15274800,0.650763,,0.16269075,
15275700,0.409351,,0.10233775,
15276600,0.209923,,0.05248075,
15277500,0.083969,,0.02099225,
15278400,0,,0,
15279300,0,,0,
15280200,0,,0,
15281100,0,,0,
15282000,0,,0,
15282900,0,,0,
15283800,0,,0,
15284700,0,,0,
15285600,0,,0,
15286500,0,,0,
15287400,0,,0,
15288300,0,,0,
15289200,0,,0,
15290100,0,,0,
15291000,0,,0,
15291900,0,,0,
15292800,0,,0,
15293700,0,,0,
15294600,0,,0,
15295500,0,,0,
15296400,0,,0,
15297300,0,,0,
15298200,0,,0,
15299100,0,,0,
15300000,0,,0,
15300900,0,,0,
15301800,0,,0,
15302700,0,,0,
15303600,0,,0,
15304500,0,,0,
15305400,0,,0,
15306300,0.167939,,0.04198475,
15307200,0.346374,,0.0865935,
15308100,0.57729,,0.1443225,
15309000,0.860686,,0.2151715,
15309900,1.186068,,0.296517,
15310800,1.532441,,0.38311025,
15311700,1.889311,,0.47232775,
15312600,2.27767,,0.5694175,
15313500,2.708013,,0.67700325,
15314400,3.117363,,0.77934075,
15315300,3.53721,,0.8843025,
15316200,3.957057,,0.98926425,
15317100,4.408393,,1.10209825,
15318000,4.838736,,1.209684,
15318900,5.248087,,1.31202175,
15319800,5.646941,,1.41173525,
15320700,6.087781,,1.52194525,
15321600,6.465643,,1.61641075,
15322500,6.843505,,1.71087625,
15323400,7.189879,,1.79746975,
15324300,7.494268,,1.873567,
15325200,7.798657,,1.94966425,
15326100,8.113542,,2.0283855,
15327000,8.375946,,2.0939865,
15327900,8.606862,,2.1517155,
15328800,8.816786,,2.2041965,
15329700,9.005717,,2.25142925,
15330600,9.184152,,2.296038,
15331500,9.310106,,2.3275265,
15332400,9.404571,,2.35114275,
15333300,9.467548,,2.366887,
15334200,9.509533,,2.37738325,
15335100,9.551518,,2.3878795,
15336000,9.509533,,2.37738325,
15336900,9.457052,,2.364263,
15337800,9.373083,,2.34327075,
15338700,9.226136,,2.306534,
15339600,9.089686,,2.2724215,
15340500,8.921747,,2.23043675,
15341400,8.72232,,2.18058,
15342300,8.480908,,2.120227,
15343200,8.208008,,2.052002,
15344100,7.935107,,1.98377675,
15345000,7.641214,,1.9103035,
15345900,7.305337,,1.82633425,
15346800,6.969459,,1.74236475,
15347700,6.623085,,1.65577125,
15348600,6.245223,,1.56130575,
15349500,5.856865,,1.46421625,
15350400,5.45801,,1.3645025,
15351300,5.059156,,1.264789,
15352200,4.649805,,1.16245125,
15353100,4.229958,,1.0574895,
15354000,3.810111,,0.95252775,
15354900,3.40076,,0.85019,
15355800,2.991409,,0.74785225,
15356700,2.582059,,0.64551475,
15357600,2.183204,,0.545801,
15358500,1.794846,,0.4487115,
15359400,1.42748,,0.35687,
15360300,1.091602,,0.2729005,
15361200,0.776717,,0.19417925,
15362100,0.503816,,0.125954,
15363000,0.283397,,0.07084925,
15363900,0.125954,,0.0314885,
15364800,0,,0,
15365700,0,,0,
15366600,0,,0,
15367500,0,,0,
15368400,0,,0,
15369300,0,,0,
15370200,0,,0,
15371100,0,,0,
15372000,0,,0,
15372900,0,,0,
15373800,0,,0,
15374700,0,,0,
15375600,0,,0,
15376500,0,,0,
15377400,0,,0,
15378300,0,,0,
15379200,0,,0,
15380100,0,,0,
15381000,0,,0,
15381900,0,,0,
15382800,0,,0,
15383700,0,,0,
15384600,0,,0,
15385500,0,,0,
15386400,0,,0,
15387300,0,,0,
15388200,0,,0,
15389100,0,,0,
15390000,0,,0,
15390900,0,,0,
15391800,0,,0,
15392700,0.178435,,0.04460875,
15393600,0.367366,,0.0918415,
15394500,0.619274,,0.1548185,
15395400,0.902671,,0.22566775,
15396300,1.228052,,0.307013,
15397200,1.574426,,0.3936065,
15398100,1.952288,,0.488072,
15399000,2.351143,,0.58778575,
15399900,2.77099,,0.6927475,
15400800,3.180341,,0.79508525,
15401700,3.600187,,0.90004675,
15402600,4.020034,,1.0050085,
15403500,4.450377,,1.11259425,
15404400,4.859728,,1.214932,
15405300,5.269079,,1.31726975,
15406200,5.688926,,1.4222315,
15407100,6.087781,,1.52194525,
15408000,6.465643,,1.61641075,
15408900,6.833009,,1.70825225,
15409800,7.179383,,1.79484575,
15410700,7.525756,,1.881439,
15411600,7.830145,,1.95753625,
15412500,8.113542,,2.0283855,
15413400,8.375946,,2.0939865,
15414300,8.627854,,2.1569635,
15415200,8.837778,,2.2094445,
15416100,9.016213,,2.25405325,
15417000,9.173656,,2.293414,
15417900,9.310106,,2.3275265,
15418800,9.404571,,2.35114275,
15419700,9.478045,,2.36951125,
15420600,9.520029,,2.38000725,
15421500,9.488541,,2.37213525,
15422400,9.467548,,2.366887,
15423300,9.415067,,2.35376675,
15424200,9.320602,,2.3301505,
15425100,9.21564,,2.30391,
15426000,9.068694,,2.2671735,
15426900,8.900755,,2.22518875,
15427800,8.701328,,2.175332,
15428700,8.480908,,2.120227,
15429600,8.229,,2.05725,
15430500,7.956099,,1.98902475,
15431400,7.662207,,1.91555175,
15432300,7.347321,,1.83683025,
15433200,7.011444,,1.752861,
15434100,6.654574,,1.6636435,
15435000,6.3082,,1.57705,
15435900,5.930338,,1.4825845,
15436800,5.531483,,1.38287075,
15437700,5.122133,,1.28053325,
15438600,4.702286,,1.1755715,
15439500,4.303431,,1.07585775,
15440400,3.883584,,0.970896,
15441300,3.453241,,0.86331025,
15442200,3.033394,,0.7583485,
15443100,2.63454,,0.658635,
15444000,2.225189,,0.55629725,
15444900,1.83683,,0.4592075,
15445800,1.469464,,0.367366,
15446700,1.123091,,0.28077275,
15447600,0.797709,,0.19942725,
15448500,0.514312,,0.128578,
15449400,0.283397,,0.07084925,
15450300,0.125954,,0.0314885,
15451200,0,,0,
15452100,0,,0,
15453000,0,,0,
15453900,0,,0,
15454800,0,,0,
15455700,0,,0,
15456600,0,,0,
15457500,0,,0,
15458400,0,,0,
15459300,0,,0,
15460200,0,,0,
15461100,0,,0,
15462000,0,,0,
15462900,0,,0,
15463800,0,,0,
15464700,0,,0,
15465600,0,,0,
15466500,0,,0,
15467400,0,,0,
15468300,0,,0,
15469200,0,,0,
15470100,0,,0,
15471000,0,,0,
15471900,0,,0,
15472800,0,,0,
15473700,0,,0,
15474600,0,,0,
15475500,0,,0,
15476400,0,,0,
15477300,0,,0,
15478200,0,,0,
15479100,0.188931,,0.04723275,
15480000,0.388358,,0.0970895,
15480900,0.640267,,0.16006675,
15481800,0.944656,,0.236164,
15482700,1.280533,,0.32013325,
15483600,1.647899,,0.41197475,
15484500,2.025761,,0.50644025,
15485400,2.435112,,0.608778,
15486300,2.844463,,0.71111575,
15487200,3.274806,,0.8187015,
15488100,3.694653,,0.92366325,
15489000,4.124996,,1.031249,
15489900,4.555339,,1.13883475,
15490800,4.975186,,1.2437965,
15491700,5.395033,,1.34875825,
15492600,5.804384,,1.451096,
15493500,6.203238,,1.5508095,
15494400,6.591597,,1.64789925,
15495300,6.958963,,1.73974075,
15496200,7.305337,,1.82633425,
15497100,7.641214,,1.9103035,
15498000,7.924611,,1.98115275,
15498900,8.208008,,2.052002,
15499800,8.480908,,2.120227,
15500700,8.711824,,2.177956,
15501600,8.921747,,2.23043675,
15502500,9.110678,,2.2776695,
15503400,9.268121,,2.31703025,
15504300,9.394075,,2.34851875,
15505200,9.488541,,2.37213525,
15506100,9.562014,,2.3905035,
15507000,9.57251,,2.3931275,
15507900,9.614495,,2.40362375,
15508800,9.593502,,2.3983755,
15509700,9.541022,,2.3852555,
15510600,9.457052,,2.364263,
15511500,9.331098,,2.3327745,
15512400,9.184152,,2.296038,
15513300,9.016213,,2.25405325,
15514200,8.816786,,2.2041965,
15515100,8.58587,,2.1464675,
15516000,8.312969,,2.07824225,
15516900,8.040069,,2.01001725,
15517800,7.746176,,1.936544,
15518700,7.420795,,1.85519875,
15519600,7.084917,,1.77122925,
15520500,6.728047,,1.68201175,
15521400,6.350185,,1.58754625,
15522300,5.972323,,1.49308075,
15523200,5.573468,,1.393367,
15524100,5.164117,,1.29102925,
15525000,4.74427,,1.1860675,
15525900,4.33492,,1.08373,
15526800,3.904576,,0.976144,
15527700,3.474233,,0.86855825,
15528600,3.054386,,0.7635965,
15529500,2.655532,,0.663883,
15530400,2.246181,,0.56154525,
15531300,1.857823,,0.46445575,
15532200,1.47996,,0.36999,
15533100,1.133587,,0.28339675,
15534000,0.808205,,0.20205125,
15534900,0.524809,,0.13120225,
15535800,0.293893,,0.07347325,
15536700,0.125954,,0.0314885,
15537600,0,,0,
15538500,0,,0,
15539400,0,,0,
15540300,0,,0,
15541200,0,,0,
15542100,0,,0,
15543000,0,,0,
15543900,0,,0,
15544800,0,,0,
15545700,0,,0,
15546600,0,,0,
15547500,0,,0,
15548400,0,,0,
15549300,0,,0,
15550200,0,,0,
15551100,0,,0,
15552000,0,,0,
15552900,0,,0,
15553800,0,,0,
15554700,0,,0,
15555600,0,,0,
15556500,0,,0,
15557400,0,,0,
15558300,0,,0,
15559200,0,,0,
15560100,0,,0,
15561000,0,,0,
15561900,0,,0,
15562800,0,,0,
15563700,0,,0,
15564600,0,,0,
15565500,0.125954,,0.0314885,
15566400,0.293893,,0.07347325,
15567300,0.514312,,0.128578,
15568200,0.776717,,0.19417925,
15569100,1.039121,,0.25978025,
15570000,1.364503,,0.34112575,
15570900,1.710876,,0.427719,
15571800,2.067746,,0.5169365,
15572700,2.393128,,0.598282,
15573600,2.77099,,0.6927475,
15574500,3.159348,,0.789837,
15575400,3.558203,,0.88955075,
15576300,3.915073,,0.97876825,
15577200,4.303431,,1.07585775,
15578100,4.691789,,1.17294725,
15579000,5.069652,,1.267413,
15579900,5.447514,,1.3618785,
15580800,5.804384,,1.451096,
15581700,6.150758,,1.5376895,
15582600,6.486635,,1.62165875,
15583500,6.854001,,1.71350025,
15584400,7.15839,,1.7895975,
15585300,7.431291,,1.85782275,
15586200,7.683199,,1.92079975,
15587100,7.987588,,1.996897,
15588000,8.197511,,2.04937775,
15588900,8.375946,,2.0939865,
15589800,8.533389,,2.13334725,
15590700,8.72232,,2.18058,
15591600,8.827282,,2.2068205,
15592500,8.911251,,2.22781275,
15593400,8.953236,,2.238309,
15594300,8.795793,,2.19894825,
15595200,8.774801,,2.19370025,
15596100,8.72232,,2.18058,
15597000,8.638351,,2.15958775,
15597900,8.533389,,2.13334725,
15598800,8.375946,,2.0939865,
15599700,8.239496,,2.059874,
15600600,8.050565,,2.01264125,
15601500,7.788161,,1.94704025,
15602400,7.546749,,1.88668725,
15603300,7.305337,,1.82633425,
15604200,7.000948,,1.750237,
15605100,6.686062,,1.6715155,
15606000,6.360681,,1.59017025,
15606900,5.993315,,1.49832875,
15607800,5.657437,,1.41435925,
15608700,5.426522,,1.3566305,
15609600,5.027667,,1.25691675,
15610500,4.639309,,1.15982725,
15611400,4.25095,,1.0627375,
15612300,3.915073,,0.97876825,
15613200,3.516218,,0.8790545,
15614100,3.106867,,0.77671675,
15615000,2.718509,,0.67962725,
15615900,2.361639,,0.59040975,
15616800,1.983777,,0.49594425,
15617700,1.616411,,0.40410275,
15618600,1.270037,,0.31750925,
15619500,0.965648,,0.241412,
15620400,0.682251,,0.17056275,
15621300,0.430343,,0.10758575,
15622200,0.22042,,0.055105,
15623100,0.083969,,0.02099225,
15624000,0,,0,
15624900,0,,0,
15625800,0,,0,
15626700,0,,0,
15627600,0,,0,
15628500,0,,0,
15629400,0,,0,
15630300,0,,0,
15631200,0,,0,
15632100,0,,0,
15633000,0,,0,
15633900,0,,0,
15634800,0,,0,
15635700,0,,0,
15636600,0,,0,
15637500,0,,0,
15638400,0,,0,
15639300,0,,0,
15640200,0,,0,
15641100,0,,0,
15642000,0,,0,
15642900,0,,0,
15643800,0,,0,
15644700,0,,0,
15645600,0,,0,
15646500,0,,0,
15647400,0,,0,
15648300,0,,0,
15649200,0,,0,
15650100,0,,0,
15651000,0,,0,
15651900,0.146946,,0.0367365,
15652800,0.325381,,0.08134525,
15653700,0.556297,,0.13907425,
15654600,0.829198,,0.2072995,
15655500,1.165075,,0.29126875,
15656400,1.511449,,0.37786225,
15657300,1.878815,,0.46970375,
15658200,2.256677,,0.56416925,
15659100,2.68702,,0.671755,
15660000,3.096371,,0.77409275,
15660900,3.505722,,0.8764305,
15661800,3.936065,,0.98401625,
15662700,4.376904,,1.094226,
15663600,4.786255,,1.19656375,
15664500,5.195606,,1.2989015,
15665400,5.615453,,1.40386325,
15666300,6.024804,,1.506201,
15667200,6.402666,,1.6006665,
15668100,6.770032,,1.692508,
15669000,7.137398,,1.7843495,
15669900,7.483772,,1.870943,
15670800,7.788161,,1.94704025,
15671700,8.103046,,2.0257615,
15672600,8.36545,,2.0913625,
15673500,8.627854,,2.1569635,
15674400,8.837778,,2.2094445,
15675300,9.026709,,2.25667725,
15676200,9.184152,,2.296038,
15677100,9.362587,,2.34064675,
15678000,9.457052,,2.364263,
15678900,9.530525,,2.38263125,
15679800,9.57251,,2.3931275,
15680700,9.541022,,2.3852555,
15681600,9.520029,,2.38000725,
15682500,9.467548,,2.366887,
15683400,9.383579,,2.34589475,
15684300,9.257625,,2.31440625,
15685200,9.121175,,2.28029375,
15686100,8.953236,,2.238309,
15687000,8.753809,,2.18845225,
15687900,8.522893,,2.13072325,
15688800,8.270985,,2.06774625,
15689700,7.998084,,1.999521,
15690600,7.704191,,1.92604775,
15691500,7.37881,,1.8447025,
15692400,7.042932,,1.760733,
15693300,6.686062,,1.6715155,
15694200,6.318696,,1.579674,
15695100,5.95133,,1.4878325,
15696000,5.552476,,1.388119,
15696900,5.143125,,1.28578125,
15697800,4.723278,,1.1808195,
15698700,4.303431,,1.07585775,
15699600,3.873088,,0.968272,
15700500,3.453241,,0.86331025,
15701400,3.033394,,0.7583485,
15702300,2.603051,,0.65076275,
15703200,2.1937,,0.548425,
15704100,1.805342,,0.4513355,
15705000,1.437976,,0.359494,
15705900,1.07061,,0.2676525,
15706800,0.755724,,0.188931,
15707700,0.49332,,0.12333,
15708600,0.272901,,0.06822525,
15709500,0.104962,,0.0262405,
15710400,0,,0,
15711300,0,,0,
15712200,0,,0,
15713100,0,,0,
15714000,0,,0,
15714900,0,,0,
15715800,0,,0,
15716700,0,,0,
15717600,0,,0,
15718500,0,,0,
15719400,0,,0,
15720300,0,,0,
15721200,0,,0,
15722100,0,,0,
15723000,0,,0,
15723900,0,,0,
15724800,0,,0,
15725700,0,,0,
15726600,0,,0,
15727500,0,,0,
15728400,0,,0,
15729300,0,,0,
15730200,0,,0,
15731100,0,,0,
15732000,0,,0,
15732900,0,,0,
15733800,0,,0,
15734700,0,,0,
15735600,0,,0,
15736500,0,,0,
15737400,0,,0,
15738300,0.157443,,0.03936075,
15739200,0.335878,,0.0839695,
15740100,0.57729,,0.1443225,
15741000,0.860686,,0.2151715,
15741900,1.196564,,0.299141,
15742800,1.553434,,0.3883585,
15743700,1.9208,,0.4802,
15744600,2.309158,,0.5772895,
15745500,2.739501,,0.68487525,
15746400,3.148852,,0.787213,
15747300,3.568699,,0.89217475,
15748200,3.988546,,0.9971365,
15749100,4.418889,,1.10472225,
15750000,4.838736,,1.209684,
15750900,5.248087,,1.31202175,
15751800,5.646941,,1.41173525,
15752700,6.045796,,1.511449,
15753600,6.423658,,1.6059145,
15754500,6.80152,,1.70038,
15755400,7.15839,,1.7895975,
15756300,7.504764,,1.876191,
15757200,7.809153,,1.95228825,
15758100,8.103046,,2.0257615,
15759000,8.36545,,2.0913625,
15759900,8.606862,,2.1517155,
15760800,8.827282,,2.2068205,
15761700,9.016213,,2.25405325,
15762600,9.142167,,2.28554175,
15763500,9.29961,,2.3249025,
15764400,9.394075,,2.34851875,
15765300,9.467548,,2.366887,
15766200,9.499037,,2.37475925,
15767100,9.404571,,2.35114275,
15768000,9.394075,,2.34851875,
15768900,9.341594,,2.3353985,
15769800,9.257625,,2.31440625,
15770700,9.152663,,2.28816575,
15771600,9.016213,,2.25405325,
15772500,8.848274,,2.2120685,
15773400,8.648847,,2.16221175,
15774300,8.44942,,2.112355,
15775200,8.197511,,2.04937775,
15776100,7.924611,,1.98115275,
15777000,7.630718,,1.9076795,
15777900,7.347321,,1.83683025,
15778800,7.011444,,1.752861,
15779700,6.66507,,1.6662675,
15780600,6.287208,,1.571802,
15781500,5.909346,,1.4773365,
15782400,5.520987,,1.38024675,
15783300,5.111636,,1.277909,
15784200,4.702286,,1.1755715,
15785100,4.303431,,1.07585775,
15786000,3.873088,,0.968272,
15786900,3.453241,,0.86331025,
15787800,3.033394,,0.7583485,
15788700,2.63454,,0.658635,
15789600,2.225189,,0.55629725,
15790500,1.83683,,0.4592075,
15791400,1.458968,,0.364742,
15792300,1.123091,,0.28077275,
15793200,0.797709,,0.19942725,
15794100,0.514312,,0.128578,
15795000,0.283397,,0.07084925,
15795900,0.125954,,0.0314885,
15796800,0,,0,
15797700,0,,0,
15798600,0,,0,
15799500,0,,0,
15800400,0,,0,
15801300,0,,0,
15802200,0,,0,
15803100,0,,0,
15804000,0,,0,
15804900,0,,0,
15805800,0,,0,
15806700,0,,0,
15807600,0,,0,
15808500,0,,0,
15809400,0,,0,
15810300,0,,0,
15811200,0,,0,
15812100,0,,0,
15813000,0,,0,
15813900,0,,0,
15814800,0,,0,
15815700,0,,0,
15816600,0,,0,
15817500,0,,0,
15818400,0,,0,
15819300,0,,0,
15820200,0,,0,
15821100,0,,0,
15822000,0,,0,
15822900,0,,0,
15823800,0,,0,
15824700,0.167939,,0.04198475,
15825600,0.367366,,0.0918415,
15826500,0.619274,,0.1548185,
15827400,0.923663,,0.23091575,
15828300,1.270037,,0.31750925,
15829200,1.626907,,0.40672675,
15830100,2.015265,,0.50381625,
15831000,2.41412,,0.60353,
15831900,2.833967,,0.70849175,
15832800,3.253814,,0.8134535,
15833700,3.684157,,0.92103925,
15834600,4.104004,,1.026001,
15835500,4.534347,,1.13358675,
15836400,4.96469,,1.2411725,
15837300,5.374041,,1.34351025,
15838200,5.783392,,1.445848,
15839100,6.192742,,1.5481855,
15840000,6.570605,,1.64265125,
15840900,6.916978,,1.7292445,
15841800,7.273848,,1.818462,
15842700,7.609726,,1.9024315,
15843600,7.914115,,1.97852875,
15844500,8.208008,,2.052002,
15845400,8.470412,,2.117603,
15846300,8.690832,,2.172708,
15847200,8.911251,,2.22781275,
15848100,9.089686,,2.2724215,
15849000,9.257625,,2.31440625,
15849900,9.362587,,2.34064675,
15850800,9.467548,,2.366887,
15851700,9.541022,,2.3852555,
15852600,9.583006,,2.3957515,
15853500,9.541022,,2.3852555,
15854400,9.499037,,2.37475925,
15855300,9.446556,,2.361639,
15856200,9.362587,,2.34064675,
15857100,9.257625,,2.31440625,
15858000,9.110678,,2.2776695,
15858900,8.94274,,2.235685,
15859800,8.72232,,2.18058,
15860700,8.5019,,2.125475,
15861600,8.249992,,2.062498,
15862500,7.977092,,1.994273,
15863400,7.683199,,1.92079975,
15864300,7.368314,,1.8420785,
15865200,7.032436,,1.758109,
15866100,6.686062,,1.6715155,
15867000,6.3082,,1.57705,
15867900,5.930338,,1.4825845,
15868800,5.531483,,1.38287075,
15869700,5.122133,,1.28053325,
15870600,4.723278,,1.1808195,
15871500,4.303431,,1.07585775,
15872400,3.883584,,0.970896,
15873300,3.453241,,0.86331025,
15874200,3.033394,,0.7583485,
15875100,2.624043,,0.65601075,
15876000,2.214693,,0.55367325,
15876900,1.826334,,0.4565835,
15877800,1.458968,,0.364742,
15878700,1.112594,,0.2781485,
15879600,0.787213,,0.19680325,
15880500,0.514312,,0.128578,
15881400,0.283397,,0.07084925,
15882300,0.115458,,0.0288645,
15883200,0,,0,
15884100,0,,0,
15885000,0,,0,
15885900,0,,0,
15886800,0,,0,
15887700,0,,0,
15888600,0,,0,
15889500,0,,0,
15890400,0,,0,
15891300,0,,0,
15892200,0,,0,
15893100,0,,0,
15894000,0,,0,
15894900,0,,0,
15895800,0,,0,
15896700,0,,0,
15897600,0,,0,
15898500,0,,0,
15899400,0,,0,
15900300,0,,0,
15901200,0,,0,
15902100,0,,0,
15903000,0,,0,
15903900,0,,0,
15904800,0,,0,
15905700,0,,0,
15906600,0,,0,
15907500,0,,0,
15908400,0,,0,
15909300,0,,0,
15910200,0,,0,
15911100,0.157443,,0.03936075,
15912000,0.346374,,0.0865935,
15912900,0.598282,,0.1495705,
15913800,0.892175,,0.22304375,
15914700,1.217556,,0.304389,
15915600,1.574426,,0.3936065,
15916500,1.952288,,0.488072,
15917400,2.340647,,0.58516175,
15918300,2.760494,,0.6901235,
15919200,3.159348,,0.789837,
15920100,3.579195,,0.89479875,
15921000,3.999042,,0.9997605,
15921900,4.418889,,1.10472225,
15922800,4.838736,,1.209684,
15923700,5.23759,,1.3093975,
15924600,5.636445,,1.40911125,
15925500,6.0353,,1.508825,
15926400,6.413162,,1.6032905,
15927300,6.780528,,1.695132,
15928200,7.126902,,1.7817255,
15929100,7.37881,,1.8447025,
15930000,7.693695,,1.92342375,
15930900,7.977092,,1.994273,
15931800,8.239496,,2.059874,
15932700,8.491404,,2.122851,
15933600,8.690832,,2.172708,
15934500,8.879763,,2.21994075,
15935400,9.037205,,2.25930125,
15936300,9.173656,,2.293414,
15937200,9.278617,,2.31965425,
15938100,9.341594,,2.3353985,
15939000,9.383579,,2.34589475,
15939900,9.404571,,2.35114275,
15940800,9.362587,,2.34064675,
15941700,9.310106,,2.3275265,
15942600,9.226136,,2.306534,
15943500,9.121175,,2.28029375,
15944400,8.984724,,2.246181,
15945300,8.816786,,2.2041965,
15946200,8.627854,,2.1569635,
15947100,8.396939,,2.09923475,
15948000,8.155527,,2.03888175,
15948900,7.882626,,1.9706565,
15949800,7.588733,,1.89718325,
15950700,7.252856,,1.813214,
15951600,6.927474,,1.7318685,
15952500,6.570605,,1.64265125,
15953400,6.203238,,1.5508095,
15954300,5.81488,,1.45372,
15955200,5.416025,,1.35400625,
15956100,5.017171,,1.25429275,
15957000,4.60782,,1.151955,
15957900,4.187973,,1.04699325,
15958800,3.768126,,0.9420315,
15959700,3.348279,,0.83706975,
15960600,2.938929,,0.73473225,
15961500,2.529578,,0.6323945,
15962400,2.130723,,0.53268075,
15963300,1.742365,,0.43559125,
15964200,1.385495,,0.34637375,
15965100,1.039121,,0.25978025,
15966000,0.734732,,0.183683,
15966900,0.472328,,0.118082,
15967800,0.251908,,0.062977,
15968700,0.104962,,0.0262405,
15969600,0,,0,
15970500,0,,0,
15971400,0,,0,
15972300,0,,0,
15973200,0,,0,
15974100,0,,0,
15975000,0,,0,
15975900,0,,0,
15976800,0,,0,
15977700,0,,0,
15978600,0,,0,
15979500,0,,0,
15980400,0,,0,
15981300,0,,0,
15982200,0,,0,
15983100,0,,0,
15984000,0,,0,
15984900,0,,0,
15985800,0,,0,
15986700,0,,0,
15987600,0,,0,
15988500,0,,0,
15989400,0,,0,
15990300,0,,0,
15991200,0,,0,
15992100,0,,0,
15993000,0,,0,
15993900,0,,0,
15994800,0,,0,
15995700,0,,0,
15996600,0,,0,
15997500,0.13645,,0.0341125,
15998400,0.304389,,0.07609725,
15999300,0.535305,,0.13382625,
16000200,0.818702,,0.2046755,
16001100,1.133587,,0.28339675,
16002000,1.47996,,0.36999,
16002900,1.847327,,0.46183175,
16003800,2.235685,,0.55892125,
16004700,2.63454,,0.658635,
16005600,3.04389,,0.7609725,
16006500,3.453241,,0.86331025,
16007400,3.883584,,0.970896,
16008300,4.303431,,1.07585775,
16009200,4.723278,,1.1808195,
16010100,5.132629,,1.28315725,
16011000,5.54198,,1.385495,
16011900,5.930338,,1.4825845,
16012800,6.3082,,1.57705,
16013700,6.675566,,1.6688915,
16014600,7.02194,,1.755485,
16015500,7.336825,,1.83420625,
16016400,7.65171,,1.9129275,
16017300,7.935107,,1.98377675,
16018200,8.197511,,2.04937775,
16019100,8.438923,,2.10973075,
16020000,8.648847,,2.16221175,
16020900,8.837778,,2.2094445,
16021800,8.995221,,2.24880525,
16022700,9.110678,,2.2776695,
16023600,9.205144,,2.301286,
16024500,9.278617,,2.31965425,
16025400,9.331098,,2.3327745,
16026300,9.289113,,2.32227825,
16027200,9.268121,,2.31703025,
16028100,9.21564,,2.30391,
16029000,9.121175,,2.28029375,
16029900,9.016213,,2.25405325,
16030800,8.879763,,2.21994075,
16031700,8.711824,,2.177956,
16032600,8.522893,,2.13072325,
16033500,8.323465,,2.08086625,
16034400,8.061061,,2.01526525,
16035300,7.788161,,1.94704025,
16036200,7.494268,,1.873567,
16037100,7.200375,,1.80009375,
16038000,6.864497,,1.71612425,
16038900,6.518124,,1.629531,
16039800,6.17175,,1.5429375,
16040700,5.804384,,1.451096,
16041600,5.405529,,1.35138225,
16042500,5.006675,,1.25166875,
16043400,4.597324,,1.149331,
16044300,4.198469,,1.04961725,
16045200,3.778622,,0.9446555,
16046100,3.358775,,0.83969375,
16047000,2.949425,,0.73735625,
16047900,2.55057,,0.6376425,
16048800,2.151716,,0.537929,
16049700,1.763357,,0.44083925,
16050600,1.406487,,0.35162175,
16051500,1.07061,,0.2676525,
16052400,0.755724,,0.188931,
16053300,0.482824,,0.120706,
16054200,0.262404,,0.065601,
16055100,0,,0,
16056000,0,,0,
16056900,0,,0,
16057800,0,,0,
16058700,0,,0,
16059600,0,,0,
16060500,0,,0,
16061400,0,,0,
16062300,0,,0,
16063200,0,,0,
16064100,0,,0,
16065000,0,,0,
16065900,0,,0,
16066800,0,,0,
16067700,0,,0,
16068600,0,,0,
16069500,0,,0,
16070400,0,,0,
16071300,0,,0,
16072200,0,,0,
16073100,0,,0,
16074000,0,,0,
16074900,0,,0,
16075800,0,,0,
16076700,0,,0,
16077600,0,,0,
16078500,0,,0,
16079400,0,,0,
16080300,0,,0,
16081200,0,,0,
16082100,0,,0,
16083000,0,,0,
16083900,0.125954,,0.0314885,
16084800,0.293893,,0.07347325,
16085700,0.514312,,0.128578,
16086600,0.787213,,0.19680325,
16087500,1.091602,,0.2729005,
16088400,1.42748,,0.35687,
16089300,1.794846,,0.4487115,
16090200,2.162212,,0.540553,
16091100,2.55057,,0.6376425,
16092000,2.949425,,0.73735625,
16092900,3.358775,,0.83969375,
16093800,3.768126,,0.9420315,
16094700,4.177477,,1.04436925,
16095600,4.586828,,1.146707,
16096500,4.985682,,1.2464205,
16097400,5.363545,,1.34088625,
16098300,5.751903,,1.43797575,
16099200,6.119269,,1.52981725,
16100100,6.476139,,1.61903475,
16101000,6.822513,,1.70562825,
16101900,7.053428,,1.763357,
16102800,7.357818,,1.8394545,
16103700,7.641214,,1.9103035,
16104600,7.903619,,1.97590475,
16105500,8.113542,,2.0283855,
16106400,8.333962,,2.0834905,
16107300,8.522893,,2.13072325,
16108200,8.680335,,2.17008375,
16109100,8.795793,,2.19894825,
16110000,8.900755,,2.22518875,
16110900,8.984724,,2.246181,
16111800,9.026709,,2.25667725,
16112700,9.058198,,2.2645495,
16113600,9.058198,,2.2645495,
16114500,8.984724,,2.246181,
16115400,8.911251,,2.22781275,
16116300,8.837778,,2.2094445,
16117200,8.711824,,2.177956,
16118100,8.533389,,2.13334725,
16119000,8.333962,,2.0834905,
16119900,8.155527,,2.03888175,
16120800,7.914115,,1.97852875,
16121700,7.65171,,1.9129275,
16122600,7.347321,,1.83683025,
16123500,7.032436,,1.758109,
16124400,6.707055,,1.67676375,
16125300,6.360681,,1.59017025,
16126200,6.003811,,1.50095275,
16127100,5.615453,,1.40386325,
16128000,5.227094,,1.3067735,
16128900,4.838736,,1.209684,
16129800,4.439881,,1.10997025,
16130700,4.051523,,1.01288075,
16131600,3.642172,,0.910543,
16132500,3.232821,,0.80820525,
16133400,2.823471,,0.70586775,
16134300,2.435112,,0.608778,
16135200,2.046754,,0.5116885,
16136100,1.679388,,0.419847,
16137000,1.322518,,0.3306295,
16137900,0.997136,,0.249284,
16138800,0.703244,,0.175811,
16139700,0.440839,,0.11020975,
16140600,0.241412,,0.060353,
16141500,0,,0,
16142400,0,,0,
16143300,0,,0,
16144200,0,,0,
16145100,0,,0,
16146000,0,,0,
16146900,0,,0,
16147800,0,,0,
16148700,0,,0,
16149600,0,,0,
16150500,0,,0,
16151400,0,,0,
16152300,0,,0,
16153200,0,,0,
16154100,0,,0,
16155000,0,,0,
16155900,0,,0,
16156800,0,,0,
16157700,0,,0,
16158600,0,,0,
16159500,0,,0,
16160400,0,,0,
16161300,0,,0,
16162200,0,,0,
16163100,0,,0,
16164000,0,,0,
16164900,0,,0,
16165800,0,,0,
16166700,0,,0,
16167600,0,,0,
16168500,0,,0,
16169400,0,,0,
16170300,0.125954,,0.0314885,
16171200,0.293893,,0.07347325,
16172100,0.524809,,0.13120225,
16173000,0.808205,,0.20205125,
16173900,1.144083,,0.28602075,
16174800,1.500953,,0.37523825,
16175700,1.868319,,0.46707975,
16176600,2.267173,,0.56679325,
16177500,2.68702,,0.671755,
16178400,3.096371,,0.77409275,
16179300,3.516218,,0.8790545,
16180200,3.946561,,0.98664025,
16181100,4.3874,,1.09685,
16182000,4.807247,,1.20181175,
16182900,5.216598,,1.3041495,
16183800,5.625949,,1.40648725,
16184700,6.024804,,1.506201,
16185600,6.413162,,1.6032905,
16186500,6.780528,,1.695132,
16187400,7.126902,,1.7817255,
16188300,7.473275,,1.86831875,
16189200,7.777664,,1.944416,
16190100,8.071557,,2.01788925,
16191000,8.36545,,2.0913625,
16191900,8.606862,,2.1517155,
16192800,8.827282,,2.2068205,
16193700,9.016213,,2.25405325,
16194600,9.173656,,2.293414,
16195500,9.310106,,2.3275265,
16196400,9.404571,,2.35114275,
16197300,9.488541,,2.37213525,
16198200,9.530525,,2.38263125,
16199100,9.446556,,2.361639,
16200000,9.425564,,2.356391,
16200900,9.383579,,2.34589475,
16201800,9.29961,,2.3249025,
16202700,9.184152,,2.296038,
16203600,9.037205,,2.25930125,
16204500,8.869266,,2.2173165,
16205400,8.680335,,2.17008375,
16206300,8.44942,,2.112355,
16207200,8.229,,2.05725,
16208100,7.945603,,1.98640075,
16209000,7.65171,,1.9129275,
16209900,7.326329,,1.83158225,
16210800,6.990451,,1.74761275,
16211700,6.633582,,1.6583955,
16212600,6.255719,,1.56392975,
16213500,5.867361,,1.46684025,
16214400,5.468506,,1.3671265,
16215300,5.059156,,1.264789,
16216200,4.628812,,1.157203,
16217100,4.219462,,1.0548655,
16218000,3.799615,,0.94990375,
16218900,3.379768,,0.844942,
16219800,2.949425,,0.73735625,
16220700,2.55057,,0.6376425,
16221600,2.141219,,0.53530475,
16222500,1.752861,,0.43821525,
16223400,1.385495,,0.34637375,
16224300,1.060114,,0.2650285,
16225200,0.745228,,0.186307,
16226100,0.472328,,0.118082,
16227000,0.251908,,0.062977,
16227900,0,,0,
16228800,0,,0,
16229700,0,,0,
16230600,0,,0,
16231500,0,,0,
16232400,0,,0,
16233300,0,,0,
16234200,0,,0,
16235100,0,,0,
16236000,0,,0,
16236900,0,,0,
16237800,0,,0,
16238700,0,,0,
16239600,0,,0,
16240500,0,,0,
16241400,0,,0,
16242300,0,,0,
16243200,0,,0,
16244100,0,,0,
16245000,0,,0,
16245900,0,,0,
16246800,0,,0,
16247700,0,,0,
16248600,0,,0,
16249500,0,,0,
16250400,0,,0,
16251300,0,,0,
16252200,0,,0,
16253100,0,,0,
16254000,0,,0,
16254900,0,,0,
16255800,0,,0,
16256700,0.125954,,0.0314885,
16257600,0.293893,,0.07347325,
16258500,0.535305,,0.13382625,
16259400,0.818702,,0.2046755,
16260300,1.144083,,0.28602075,
16261200,1.490457,,0.37261425,
16262100,1.868319,,0.46707975,
16263000,2.256677,,0.56416925,
16263900,2.666028,,0.666507,
16264800,3.085875,,0.77146875,
16265700,3.505722,,0.8764305,
16266600,3.925569,,0.98139225,
16267500,4.355912,,1.088978,
16268400,4.775759,,1.19393975,
16269300,5.18511,,1.2962775,
16270200,5.573468,,1.393367,
16271100,5.972323,,1.49308075,
16272000,6.360681,,1.59017025,
16272900,6.728047,,1.68201175,
16273800,7.074421,,1.76860525,
16274700,7.410298,,1.8525745,
16275600,7.725184,,1.931296,
16276500,8.00858,,2.002145,
16277400,8.281481,,2.07037025,
16278300,8.512397,,2.12809925,
16279200,8.732816,,2.183204,
16280100,8.921747,,2.23043675,
16281000,9.07919,,2.2697975,
16281900,9.205144,,2.301286,
16282800,9.310106,,2.3275265,
16283700,9.383579,,2.34589475,
16284600,9.425564,,2.356391,
16285500,9.404571,,2.35114275,
16286400,9.383579,,2.34589475,
16287300,9.331098,,2.3327745,
16288200,9.257625,,2.31440625,
16289100,9.131671,,2.28291775,
16290000,8.995221,,2.24880525,
16290900,8.827282,,2.2068205,
16291800,8.627854,,2.1569635,
16292700,8.396939,,2.09923475,
16293600,8.155527,,2.03888175,
16294500,7.861634,,1.9654085,
16295400,7.567741,,1.89193525,
16296300,7.263352,,1.815838,
16297200,6.927474,,1.7318685,
16298100,6.591597,,1.64789925,
16299000,6.213735,,1.55343375,
16299900,5.846369,,1.46159225,
16300800,5.447514,,1.3618785,
16301700,5.038163,,1.25954075,
16302600,4.639309,,1.15982725,
16303500,4.208966,,1.0522415,
16304400,3.789119,,0.94727975,
16305300,3.369272,,0.842318,
16306200,2.949425,,0.73735625,
16307100,2.519082,,0.6297705,
16308000,2.130723,,0.53268075,
16308900,1.742365,,0.43559125,
16309800,1.374999,,0.34374975,
16310700,1.028625,,0.25715625,
16311600,0.71374,,0.178435,
16312500,0.451335,,0.11283375,
16313400,0.241412,,0.060353,
16314300,0,,0,
16315200,0,,0,
16316100,0,,0,
16317000,0,,0,
16317900,0,,0,
16318800,0,,0,
16319700,0,,0,
16320600,0,,0,
16321500,0,,0,
16322400,0,,0,
16323300,0,,0,
16324200,0,,0,
16325100,0,,0,
16326000,0,,0,
16326900,0,,0,
16327800,0,,0,
16328700,0,,0,
16329600,0,,0,
16330500,0,,0,
16331400,0,,0,
16332300,0,,0,
16333200,0,,0,
16334100,0,,0,
16335000,0,,0,
16335900,0,,0,
16336800,0,,0,
16337700,0,,0,
16338600,0,,0,
16339500,0,,0,
16340400,0,,0,
16341300,0,,0,
16342200,0,,0,
16343100,0.115458,,0.0288645,
16344000,0.272901,,0.06822525,
16344900,0.503816,,0.125954,
16345800,0.787213,,0.19680325,
16346700,1.102098,,0.2755245,
16347600,1.448472,,0.362118,
16348500,1.815838,,0.4539595,
16349400,2.214693,,0.55367325,
16350300,2.624043,,0.65601075,
16351200,3.033394,,0.7583485,
16352100,3.453241,,0.86331025,
16353000,3.883584,,0.970896,
16353900,4.313927,,1.07848175,
16354800,4.733774,,1.1834435,
16355700,5.153621,,1.28840525,
16356600,5.562972,,1.390743,
16357500,5.982819,,1.49570475,
16358400,6.360681,,1.59017025,
16359300,6.738543,,1.68463575,
16360200,7.063925,,1.76598125,
16361100,7.263352,,1.815838,
16362000,7.578237,,1.89455925,
16362900,7.861634,,1.9654085,
16363800,8.134534,,2.0336335,
16364700,8.396939,,2.09923475,
16365600,8.596366,,2.1490915,
16366500,8.785297,,2.19632425,
16367400,8.94274,,2.235685,
16368300,9.089686,,2.2724215,
16369200,9.194648,,2.298662,
16370100,9.247129,,2.31178225,
16371000,9.289113,,2.32227825,
16371900,9.194648,,2.298662,
16372800,9.173656,,2.293414,
16373700,9.131671,,2.28291775,
16374600,9.047701,,2.26192525,
16375500,8.932244,,2.233061,
16376400,8.795793,,2.19894825,
16377300,8.627854,,2.1569635,
16378200,8.428427,,2.10710675,
16379100,8.229,,2.05725,
16380000,7.987588,,1.996897,
16380900,7.693695,,1.92342375,
16381800,7.399802,,1.8499505,
16382700,7.137398,,1.7843495,
16383600,6.80152,,1.70038,
16384500,6.455147,,1.61378675,
16385400,6.087781,,1.52194525,
16386300,5.720414,,1.4301035,
16387200,5.332056,,1.333014,
16388100,4.922705,,1.23067625,
16389000,4.513355,,1.12833875,
16389900,4.1145,,1.028625,
16390800,3.705149,,0.92628725,
16391700,3.285302,,0.8213255,
16392600,2.875951,,0.71898775,
16393500,2.487593,,0.62189825,
16394400,2.088738,,0.5221845,
16395300,1.70038,,0.425095,
16396200,1.333014,,0.3332535,
16397100,1.007633,,0.25190825,
16398000,0.703244,,0.175811,
16398900,0.440839,,0.11020975,
16399800,0.22042,,0.055105,
16400700,0,,0,
16401600,0,,0,
16402500,0,,0,
16403400,0,,0,
16404300,0,,0,
16405200,0,,0,
16406100,0,,0,
16407000,0,,0,
16407900,0,,0,
16408800,0,,0,
16409700,0,,0,
16410600,0,,0,
16411500,0,,0,
16412400,0,,0,
16413300,0,,0,
16414200,0,,0,
16415100,0,,0,
16416000,0,,0,
16416900,0,,0,
16417800,0,,0,
16418700,0,,0,
16419600,0,,0,
16420500,0,,0,
16421400,0,,0,
16422300,0,,0,
16423200,0,,0,
16424100,0,,0,
16425000,0,,0,
16425900,0,,0,
16426800,0,,0,
16427700,0,,0,
16428600,0,,0,
16429500,0.104962,,0.0262405,
16430400,0.262404,,0.065601,
16431300,0.482824,,0.120706,
16432200,0.755724,,0.188931,
16433100,1.07061,,0.2676525,
16434000,1.416983,,0.35424575,
16434900,1.784349,,0.44608725,
16435800,2.172708,,0.543177,
16436700,2.561066,,0.6402665,
16437600,2.980913,,0.74522825,
16438500,3.390264,,0.847566,
16439400,3.810111,,0.95252775,
16440300,4.229958,,1.0574895,
16441200,4.628812,,1.157203,
16442100,5.038163,,1.25954075,
16443000,5.447514,,1.3618785,
16443900,5.825376,,1.456344,
16444800,6.192742,,1.5481855,
16445700,6.549612,,1.637403,
16446600,6.906482,,1.7266205,
16447500,7.200375,,1.80009375,
16448400,7.504764,,1.876191,
16449300,7.777664,,1.944416,
16450200,8.040069,,2.01001725,
16451100,8.260488,,2.065122,
16452000,8.459916,,2.114979,
16452900,8.648847,,2.16221175,
16453800,8.795793,,2.19894825,
16454700,8.911251,,2.22781275,
16455600,8.984724,,2.246181,
16456500,9.058198,,2.2645495,
16457400,9.100182,,2.2750455,
16458300,9.026709,,2.25667725,
16459200,9.016213,,2.25405325,
16460100,8.953236,,2.238309,
16461000,8.879763,,2.21994075,
16461900,8.711824,,2.177956,
16462800,8.575374,,2.1438435,
16463700,8.407435,,2.10185875,
16464600,8.208008,,2.052002,
16465500,7.956099,,1.98902475,
16466400,7.714687,,1.92867175,
16467300,7.452283,,1.86307075,
16468200,7.168886,,1.7922215,
16469100,6.833009,,1.70825225,
16470000,6.507627,,1.62690675,
16470900,6.161254,,1.5403135,
16471800,5.793888,,1.448472,
16472700,5.416025,,1.35400625,
16473600,5.038163,,1.25954075,
16474500,4.639309,,1.15982725,
16475400,4.240454,,1.0601135,
16476300,3.810111,,0.95252775,
16477200,3.411256,,0.852814,
16478100,3.022898,,0.7557245,
16479000,2.63454,,0.658635,
16479900,2.225189,,0.55629725,
16480800,1.857823,,0.46445575,
16481700,1.500953,,0.37523825,
16482600,1.165075,,0.29126875,
16483500,0.85019,,0.2125475,
16484400,0.57729,,0.1443225,
16485300,0.335878,,0.0839695,
16486200,0.157443,,0.03936075,
16487100,0,,0,
16488000,0,,0,
16488900,0,,0,
16489800,0,,0,
16490700,0,,0,
16491600,0,,0,
16492500,0,,0,
16493400,0,,0,
16494300,0,,0,
16495200,0,,0,
16496100,0,,0,
16497000,0,,0,
16497900,0,,0,
16498800,0,,0,
16499700,0,,0,
16500600,0,,0,
16501500,0,,0,
16502400,0,,0,
16503300,0,,0,
16504200,0,,0,
16505100,0,,0,
16506000,0,,0,
16506900,0,,0,
16507800,0,,0,
16508700,0,,0,
16509600,0,,0,
16510500,0,,0,
16511400,0,,0,
16512300,0,,0,
16513200,0,,0,
16514100,0,,0,
16515000,0,,0,
16515900,0,,0,
16516800,0.178435,,0.04460875,
16517700,0.367366,,0.0918415,
16518600,0.608778,,0.1521945,
16519500,0.881679,,0.22041975,
16520400,1.196564,,0.299141,
16521300,1.532441,,0.38311025,
16522200,1.889311,,0.47232775,
16523100,2.267173,,0.56679325,
16524000,2.655532,,0.663883,
16524900,3.04389,,0.7609725,
16525800,3.442745,,0.86068625,
16526700,3.873088,,0.968272,
16527600,4.271943,,1.06798575,
16528500,4.670797,,1.16769925,
16529400,5.069652,,1.267413,
16530300,5.489499,,1.37237475,
16531200,5.856865,,1.46421625,
16532100,6.213735,,1.55343375,
16533000,6.560108,,1.640027,
16533900,6.770032,,1.692508,
16534800,7.053428,,1.763357,
16535700,7.336825,,1.83420625,
16536600,7.59923,,1.8998075,
16537500,7.935107,,1.98377675,
16538400,8.145031,,2.03625775,
16539300,8.333962,,2.0834905,
16540200,8.491404,,2.122851,
16541100,8.680335,,2.17008375,
16542000,8.774801,,2.19370025,
16542900,8.848274,,2.2120685,
16543800,8.890259,,2.22256475,
16544700,8.837778,,2.2094445,
16545600,8.827282,,2.2068205,
16546500,8.774801,,2.19370025,
16547400,8.701328,,2.175332,
16548300,8.606862,,2.1517155,
16549200,8.491404,,2.122851,
16550100,8.302473,,2.07561825,
16551000,8.113542,,2.0283855,
16551900,7.882626,,1.9706565,
16552800,7.641214,,1.9103035,
16553700,7.37881,,1.8447025,
16554600,7.105909,,1.77647725,
16555500,6.759536,,1.689884,
16556400,6.434154,,1.6085385,
16557300,6.098277,,1.52456925,
16558200,5.730911,,1.43272775,
16559100,5.374041,,1.34351025,
16560000,4.996179,,1.24904475,
16560900,4.60782,,1.151955,
16561800,4.208966,,1.0522415,
16562700,3.810111,,0.95252775,
16563600,3.411256,,0.852814,
16564500,3.012402,,0.7531005,
16565400,2.613547,,0.65338675,
16566300,2.246181,,0.56154525,
16567200,1.868319,,0.46707975,
16568100,1.500953,,0.37523825,
16569000,1.165075,,0.29126875,
16569900,0.860686,,0.2151715,
16570800,0.57729,,0.1443225,
16571700,0.335878,,0.0839695,
16572600,0.157443,,0.03936075,
16573500,0,,0,
16574400,0,,0,
16575300,0,,0,
16576200,0,,0,
16577100,0,,0,
16578000,0,,0,
16578900,0,,0,
16579800,0,,0,
16580700,0,,0,
16581600,0,,0,
16582500,0,,0,
16583400,0,,0,
16584300,0,,0,
16585200,0,,0,
16586100,0,,0,
16587000,0,,0,
16587900,0,,0,
16588800,0,,0,
16589700,0,,0,
16590600,0,,0,
16591500,0,,0,
16592400,0,,0,
16593300,0,,0,
16594200,0,,0,
16595100,0,,0,
16596000,0,,0,
16596900,0,,0,
16597800,0,,0,
16598700,0,,0,
16599600,0,,0,
16600500,0,,0,
16601400,0,,0,
16602300,0,,0,
16603200,0.167939,,0.04198475,
16604100,0.35687,,0.0892175,
16605000,0.598282,,0.1495705,
16605900,0.892175,,0.22304375,
16606800,1.217556,,0.304389,
16607700,1.553434,,0.3883585,
16608600,1.9208,,0.4802,
16609500,2.309158,,0.5772895,
16610400,2.697517,,0.67437925,
16611300,3.085875,,0.77146875,
16612200,3.495226,,0.8738065,
16613100,3.904576,,0.976144,
16614000,4.303431,,1.07585775,
16614900,4.702286,,1.1755715,
16615800,5.10114,,1.275285,
16616700,5.499995,,1.37499875,
16617600,5.856865,,1.46421625,
16618500,6.234727,,1.55868175,
16619400,6.570605,,1.64265125,
16620300,6.895986,,1.7239965,
16621200,7.179383,,1.79484575,
16622100,7.462779,,1.86569475,
16623000,7.725184,,1.931296,
16623900,7.914115,,1.97852875,
16624800,8.124038,,2.0310095,
16625700,8.312969,,2.07824225,
16626600,8.44942,,2.112355,
16627500,8.554381,,2.13859525,
16628400,8.638351,,2.15958775,
16629300,8.72232,,2.18058,
16630200,8.764305,,2.19107625,
16631100,8.375946,,2.0939865,
16632000,8.344458,,2.0861145,
16632900,8.302473,,2.07561825,
16633800,8.229,,2.05725,
16634700,8.166023,,2.04150575,
16635600,8.040069,,2.01001725,
16636500,7.893122,,1.9732805,
16637400,7.704191,,1.92604775,
16638300,7.609726,,1.9024315,
16639200,7.389306,,1.8473265,
16640100,7.126902,,1.7817255,
16641000,6.854001,,1.71350025,
16641900,6.66507,,1.6662675,
16642800,6.350185,,1.58754625,
16643700,6.003811,,1.50095275,
16644600,5.667934,,1.4169835,
16645500,5.395033,,1.34875825,
16646400,5.006675,,1.25166875,
16647300,4.628812,,1.157203,
16648200,4.208966,,1.0522415,
16649100,3.873088,,0.968272,
16650000,3.463737,,0.86593425,
16650900,3.054386,,0.7635965,
16651800,2.666028,,0.666507,
16652700,2.27767,,0.5694175,
16653600,1.899807,,0.47495175,
16654500,1.532441,,0.38311025,
16655400,1.196564,,0.299141,
16656300,0.881679,,0.22041975,
16657200,0.598282,,0.1495705,
16658100,0.346374,,0.0865935,
16659000,0.167939,,0.04198475,
16659900,0,,0,
16660800,0,,0,
16661700,0,,0,
16662600,0,,0,
16663500,0,,0,
16664400,0,,0,
16665300,0,,0,
16666200,0,,0,
16667100,0,,0,
16668000,0,,0,
16668900,0,,0,
16669800,0,,0,
16670700,0,,0,
16671600,0,,0,
16672500,0,,0,
16673400,0,,0,
16674300,0,,0,
16675200,0,,0,
16676100,0,,0,
16677000,0,,0,
16677900,0,,0,
16678800,0,,0,
16679700,0,,0,
16680600,0,,0,
16681500,0,,0,
16682400,0,,0,
16683300,0,,0,
16684200,0,,0,
16685100,0,,0,
16686000,0,,0,
16686900,0,,0,
16687800,0,,0,
16688700,0,,0,
16689600,0.178435,,0.04460875,
16690500,0.367366,,0.0918415,
16691400,0.619274,,0.1548185,
16692300,0.913167,,0.22829175,
16693200,1.238548,,0.309637,
16694100,1.584922,,0.3962305,
16695000,1.941792,,0.485448,
16695900,2.361639,,0.59040975,
16696800,2.749997,,0.68749925,
16697700,3.159348,,0.789837,
16698600,3.558203,,0.88955075,
16699500,3.988546,,0.9971365,
16700400,4.397897,,1.09947425,
16701300,4.807247,,1.20181175,
16702200,5.195606,,1.2989015,
16703100,5.604957,,1.40123925,
16704000,5.972323,,1.49308075,
16704900,6.339689,,1.58492225,
16705800,6.686062,,1.6715155,
16706700,7.02194,,1.755485,
16707600,7.336825,,1.83420625,
16708500,7.620222,,1.9050555,
16709400,7.903619,,1.97590475,
16710300,8.155527,,2.03888175,
16711200,8.36545,,2.0913625,
16712100,8.554381,,2.13859525,
16713000,8.711824,,2.177956,
16713900,8.869266,,2.2173165,
16714800,8.974228,,2.243557,
16715700,9.047701,,2.26192525,
16716600,9.089686,,2.2724215,
16717500,9.026709,,2.25667725,
16718400,9.026709,,2.25667725,
16719300,8.974228,,2.243557,
16720200,8.911251,,2.22781275,
16721100,8.816786,,2.2041965,
16722000,8.680335,,2.17008375,
16722900,8.512397,,2.12809925,
16723800,8.312969,,2.07824225,
16724700,8.103046,,2.0257615,
16725600,7.861634,,1.9654085,
16726500,7.588733,,1.89718325,
16727400,7.29484,,1.82371,
16728300,6.979955,,1.74498875,
16729200,6.654574,,1.6636435,
16730100,6.3082,,1.57705,
16731000,5.940834,,1.4852085,
16731900,5.562972,,1.390743,
16732800,5.174613,,1.29365325,
16733700,4.775759,,1.19393975,
16734600,4.366408,,1.091602,
16735500,3.967554,,0.9918885,
16736400,3.547707,,0.88692675,
16737300,3.138356,,0.784589,
16738200,2.739501,,0.68487525,
16739100,2.340647,,0.58516175,
16740000,1.952288,,0.488072,
16740900,1.574426,,0.3936065,
16741800,1.228052,,0.307013,
16742700,0.913167,,0.22829175,
16743600,0.619274,,0.1548185,
16744500,0.367366,,0.0918415,
16745400,0.178435,,0.04460875,
16746300,0,,0,
16747200,0,,0,
16748100,0,,0,
16749000,0,,0,
16749900,0,,0,
16750800,0,,0,
16751700,0,,0,
16752600,0,,0,
16753500,0,,0,
16754400,0,,0,
16755300,0,,0,
16756200,0,,0,
16757100,0,,0,
16758000,0,,0,
16758900,0,,0,
16759800,0,,0,
16760700,0,,0,
16761600,0,,0,
16762500,0,,0,
16763400,0,,0,
16764300,0,,0,
16765200,0,,0,
16766100,0,,0,
16767000,0,,0,
16767900,0,,0,
16768800,0,,0,
16769700,0,,0,
16770600,0,,0,
16771500,0,,0,
16772400,0,,0,
16773300,0,,0,
16774200,0,,0,
16775100,0,,0,
16776000,0.199427,,0.04985675,
16776900,0.398855,,0.09971375,
16777800,0.661259,,0.16531475,
16778700,0.955152,,0.238788,
16779600,1.291029,,0.32275725,
16780500,1.647899,,0.41197475,
16781400,2.025761,,0.50644025,
16782300,2.393128,,0.598282,
16783200,2.791982,,0.6979955,
16784100,3.201333,,0.80033325,
16785000,3.610684,,0.902671,
16785900,4.009538,,1.0023845,
16786800,4.429385,,1.10734625,
16787700,4.838736,,1.209684,
16788600,5.227094,,1.3067735,
16789500,5.615453,,1.40386325,
16790400,5.993315,,1.49832875,
16791300,6.360681,,1.59017025,
16792200,6.707055,,1.67676375,
16793100,7.042932,,1.760733,
16794000,7.347321,,1.83683025,
16794900,7.641214,,1.9103035,
16795800,7.924611,,1.98115275,
16796700,8.176519,,2.04412975,
16797600,8.396939,,2.09923475,
16798500,8.58587,,2.1464675,
16799400,8.743312,,2.185828,
16800300,8.890259,,2.22256475,
16801200,8.995221,,2.24880525,
16802100,9.068694,,2.2671735,
16803000,9.131671,,2.28291775,
16803900,9.142167,,2.28554175,
16804800,9.131671,,2.28291775,
16805700,9.07919,,2.2697975,
16806600,9.005717,,2.25142925,
16807500,8.890259,,2.22256475,
16808400,8.753809,,2.18845225,
16809300,8.58587,,2.1464675,
16810200,8.396939,,2.09923475,
16811100,8.176519,,2.04412975,
16812000,7.924611,,1.98115275,
16812900,7.683199,,1.92079975,
16813800,7.389306,,1.8473265,
16814700,7.063925,,1.76598125,
16815600,6.717551,,1.67938775,
16816500,6.371177,,1.59279425,
16817400,6.003811,,1.50095275,
16818300,5.625949,,1.40648725,
16819200,5.227094,,1.3067735,
16820100,4.817744,,1.204436,
16821000,4.408393,,1.10209825,
16821900,4.009538,,1.0023845,
16822800,3.600187,,0.90004675,
16823700,3.180341,,0.79508525,
16824600,2.77099,,0.6927475,
16825500,2.351143,,0.58778575,
16826400,1.962784,,0.490696,
16827300,1.584922,,0.3962305,
16828200,1.228052,,0.307013,
16829100,0.902671,,0.22566775,
16830000,0.608778,,0.1521945,
16830900,0.35687,,0.0892175,
16831800,0.167939,,0.04198475,
16832700,0,,0,
16833600,0,,0,
16834500,0,,0,
16835400,0,,0,
16836300,0,,0,
16837200,0,,0,
16838100,0,,0,
16839000,0,,0,
16839900,0,,0,
16840800,0,,0,
16841700,0,,0,
16842600,0,,0,
16843500,0,,0,
16844400,0,,0,
16845300,0,,0,
16846200,0,,0,
16847100,0,,0,
16848000,0,,0,
16848900,0,,0,
16849800,0,,0,
16850700,0,,0,
16851600,0,,0,
16852500,0,,0,
16853400,0,,0,
16854300,0,,0,
16855200,0,,0,
16856100,0,,0,
16857000,0,,0,
16857900,0,,0,
16858800,0,,0,
16859700,0,,0,
16860600,0,,0,
16861500,0,,0,
16862400,0.199427,,0.04985675,
16863300,0.398855,,0.09971375,
16864200,0.650763,,0.16269075,
16865100,0.955152,,0.238788,
16866000,1.291029,,0.32275725,
16866900,1.647899,,0.41197475,
16867800,2.025761,,0.50644025,
16868700,2.41412,,0.60353,
16869600,2.833967,,0.70849175,
16870500,3.243318,,0.8108295,
16871400,3.663164,,0.915791,
16872300,4.083011,,1.02075275,
16873200,4.502858,,1.1257145,
16874100,4.912209,,1.22805225,
16875000,5.32156,,1.33039,
16875900,5.720414,,1.4301035,
16876800,6.098277,,1.52456925,
16877700,6.476139,,1.61903475,
16878600,6.822513,,1.70562825,
16879500,7.168886,,1.7922215,
16880400,7.483772,,1.870943,
16881300,7.777664,,1.944416,
16882200,8.050565,,2.01264125,
16883100,8.312969,,2.07824225,
16884000,8.533389,,2.13334725,
16884900,8.72232,,2.18058,
16885800,8.890259,,2.22256475,
16886700,9.016213,,2.25405325,
16887600,9.121175,,2.28029375,
16888500,9.194648,,2.298662,
16889400,9.236633,,2.30915825,
16890300,9.257625,,2.31440625,
16891200,9.236633,,2.30915825,
16892100,9.184152,,2.296038,
16893000,9.110678,,2.2776695,
16893900,8.995221,,2.24880525,
16894800,8.85877,,2.2146925,
16895700,8.690832,,2.172708,
16896600,8.5019,,2.125475,
16897500,8.281481,,2.07037025,
16898400,8.040069,,2.01001725,
16899300,7.746176,,1.936544,
16900200,7.452283,,1.86307075,
16901100,7.137398,,1.7843495,
16902000,6.80152,,1.70038,
16902900,6.455147,,1.61378675,
16903800,6.087781,,1.52194525,
16904700,5.699422,,1.4248555,
16905600,5.300568,,1.325142,
16906500,4.880721,,1.22018025,
16907400,4.47137,,1.1178425,
16908300,4.062019,,1.01550475,
16909200,3.642172,,0.910543,
16910100,3.222325,,0.80558125,
16911000,2.812974,,0.7032435,
16911900,2.403624,,0.600906,
16912800,2.004769,,0.50119225,
16913700,1.626907,,0.40672675,
16914600,1.259541,,0.31488525,
16915500,0.934159,,0.23353975,
16916400,0.62977,,0.1574425,
16917300,0.377862,,0.0944655,
16918200,0.178435,,0.04460875,
16919100,0,,0,
16920000,0,,0,
16920900,0,,0,
16921800,0,,0,
16922700,0,,0,
16923600,0,,0,
16924500,0,,0,
16925400,0,,0,
16926300,0,,0,
16927200,0,,0,
16928100,0,,0,
16929000,0,,0,
16929900,0,,0,
16930800,0,,0,
16931700,0,,0,
16932600,0,,0,
16933500,0,,0,
16934400,0,,0,
16935300,0,,0,
16936200,0,,0,
16937100,0,,0,
16938000,0,,0,
16938900,0,,0,
16939800,0,,0,
16940700,0,,0,
16941600,0,,0,
16942500,0,,0,
16943400,0,,0,
16944300,0,,0,
16945200,0,,0,
16946100,0,,0,
16947000,0,,0,
16947900,0,,0,
16948800,0.188931,,0.04723275,
16949700,0.388358,,0.0970895,
16950600,0.650763,,0.16269075,
16951500,0.944656,,0.236164,
16952400,1.280533,,0.32013325,
16953300,1.637403,,0.40935075,
16954200,2.015265,,0.50381625,
16955100,2.393128,,0.598282,
16956000,2.791982,,0.6979955,
16956900,3.211829,,0.80295725,
16957800,3.62118,,0.905295,
16958700,4.041027,,1.01025675,
16959600,4.439881,,1.10997025,
16960500,4.849232,,1.212308,
16961400,5.248087,,1.31202175,
16962300,5.657437,,1.41435925,
16963200,6.0353,,1.508825,
16964100,6.402666,,1.6006665,
16965000,6.759536,,1.689884,
16965900,7.095413,,1.77385325,
16966800,7.399802,,1.8499505,
16967700,7.693695,,1.92342375,
16968600,7.956099,,1.98902475,
16969500,8.208008,,2.052002,
16970400,8.417931,,2.10448275,
16971300,8.606862,,2.1517155,
16972200,8.774801,,2.19370025,
16973100,8.911251,,2.22781275,
16974000,9.016213,,2.25405325,
16974900,9.089686,,2.2724215,
16975800,9.131671,,2.28291775,
16976700,9.100182,,2.2750455,
16977600,9.07919,,2.2697975,
16978500,9.037205,,2.25930125,
16979400,8.953236,,2.238309,
16980300,8.848274,,2.2120685,
16981200,8.711824,,2.177956,
16982100,8.554381,,2.13859525,
16983000,8.354954,,2.0887385,
16983900,8.124038,,2.0310095,
16984800,7.87213,,1.9680325,
16985700,7.609726,,1.9024315,
16986600,7.315833,,1.82895825,
16987500,7.000948,,1.750237,
16988400,6.66507,,1.6662675,
16989300,6.3082,,1.57705,
16990200,5.95133,,1.4878325,
16991100,5.583964,,1.395991,
16992000,5.18511,,1.2962775,
16992900,4.786255,,1.19656375,
16993800,4.376904,,1.094226,
16994700,3.97805,,0.9945125,
16995600,3.558203,,0.88955075,
16996500,3.148852,,0.787213,
16997400,2.739501,,0.68487525,
16998300,2.340647,,0.58516175,
16999200,1.952288,,0.488072,
17000100,1.56393,,0.3909825,
17001000,1.217556,,0.304389,
17001900,0.881679,,0.22041975,
17002800,0.587786,,0.1469465,
17003700,0.335878,,0.0839695,
17004600,0.157443,,0.03936075,
17005500,0,,0,
17006400,0,,0,
17007300,0,,0,
17008200,0,,0,
17009100,0,,0,
17010000,0,,0,
17010900,0,,0,
17011800,0,,0,
17012700,0,,0,
17013600,0,,0,
17014500,0,,0,
17015400,0,,0,
17016300,0,,0,
17017200,0,,0,
17018100,0,,0,
17019000,0,,0,
17019900,0,,0,
17020800,0,,0,
17021700,0,,0,
17022600,0,,0,
17023500,0,,0,
17024400,0,,0,
17025300,0,,0,
17026200,0,,0,
17027100,0,,0,
17028000,0,,0,
17028900,0,,0,
17029800,0,,0,
17030700,0,,0,
17031600,0,,0,
17032500,0,,0,
17033400,0,,0,
17034300,0,,0,
17035200,0.13645,,0.0341125,
17036100,0.314885,,0.07872125,
17037000,0.556297,,0.13907425,
17037900,0.829198,,0.2072995,
17038800,1.154579,,0.28864475,
17039700,1.500953,,0.37523825,
17040600,1.868319,,0.46707975,
17041500,2.235685,,0.55892125,
17042400,2.63454,,0.658635,
17043300,3.033394,,0.7583485,
17044200,3.432249,,0.85806225,
17045100,3.852096,,0.963024,
17046000,4.261446,,1.0653615,
17046900,4.670797,,1.16769925,
17047800,5.069652,,1.267413,
17048700,5.479002,,1.3697505,
17049600,5.856865,,1.46421625,
17050500,6.203238,,1.5508095,
17051400,6.549612,,1.637403,
17052300,6.833009,,1.70825225,
17053200,7.147894,,1.7869735,
17054100,7.431291,,1.85782275,
17055000,7.693695,,1.92342375,
17055900,7.966596,,1.991649,
17056800,8.176519,,2.04412975,
17057700,8.36545,,2.0913625,
17058600,8.533389,,2.13334725,
17059500,8.690832,,2.172708,
17060400,8.795793,,2.19894825,
17061300,8.869266,,2.2173165,
17062200,8.921747,,2.23043675,
17063100,8.806289,,2.20157225,
17064000,8.785297,,2.19632425,
17064900,8.743312,,2.185828,
17065800,8.659343,,2.16483575,
17066700,8.58587,,2.1464675,
17067600,8.428427,,2.10710675,
17068500,8.260488,,2.065122,
17069400,8.071557,,2.01788925,
17070300,7.882626,,1.9706565,
17071200,7.630718,,1.9076795,
17072100,7.368314,,1.8420785,
17073000,7.074421,,1.76860525,
17073900,6.780528,,1.695132,
17074800,6.455147,,1.61378675,
17075700,6.108773,,1.52719325,
17076600,5.741407,,1.43535175,
17077500,5.384537,,1.34613425,
17078400,4.985682,,1.2464205,
17079300,4.597324,,1.149331,
17080200,4.187973,,1.04699325,
17081100,3.789119,,0.94727975,
17082000,3.379768,,0.844942,
17082900,2.980913,,0.74522825,
17083800,2.571562,,0.6428905,
17084700,2.183204,,0.545801,
17085600,1.805342,,0.4513355,
17086500,1.448472,,0.362118,
17087400,1.112594,,0.2781485,
17088300,0.787213,,0.19680325,
17089200,0.514312,,0.128578,
17090100,0.283397,,0.07084925,
17091000,0.115458,,0.0288645,
17091900,0,,0,
17092800,0,,0,
17093700,0,,0,
17094600,0,,0,
17095500,0,,0,
17096400,0,,0,
17097300,0,,0,
17098200,0,,0,
17099100,0,,0,
17100000,0,,0,
17100900,0,,0,
17101800,0,,0,
17102700,0,,0,
17103600,0,,0,
17104500,0,,0,
17105400,0,,0,
17106300,0,,0,
17107200,0,,0,
17108100,0,,0,
17109000,0,,0,
17109900,0,,0,
17110800,0,,0,
17111700,0,,0,
17112600,0,,0,
17113500,0,,0,
17114400,0,,0,
17115300,0,,0,
17116200,0,,0,
17117100,0,,0,
17118000,0,,0,
17118900,0,,0,
17119800,0,,0,
17120700,0,,0,
17121600,0.115458,,0.0288645,
17122500,0.283397,,0.07084925,
17123400,0.514312,,0.128578,
17124300,0.787213,,0.19680325,
17125200,1.091602,,0.2729005,
17126100,1.437976,,0.359494,
17127000,1.794846,,0.4487115,
17127900,2.162212,,0.540553,
17128800,2.55057,,0.6376425,
17129700,2.949425,,0.73735625,
17130600,3.358775,,0.83969375,
17131500,3.75763,,0.9394075,
17132400,4.166981,,1.04174525,
17133300,4.565835,,1.14145875,
17134200,4.975186,,1.2437965,
17135100,5.374041,,1.34351025,
17136000,5.751903,,1.43797575,
17136900,6.119269,,1.52981725,
17137800,6.44465,,1.6111625,
17138700,6.654574,,1.6636435,
17139600,6.990451,,1.74761275,
17140500,7.252856,,1.813214,
17141400,7.51526,,1.878815,
17142300,7.714687,,1.92867175,
17143200,7.935107,,1.98377675,
17144100,8.124038,,2.0310095,
17145000,8.281481,,2.07037025,
17145900,8.354954,,2.0887385,
17146800,8.480908,,2.120227,
17147700,8.554381,,2.13859525,
17148600,8.58587,,2.1464675,
17149500,8.543885,,2.13597125,
17150400,8.554381,,2.13859525,
17151300,8.5019,,2.125475,
17152200,8.428427,,2.10710675,
17153100,8.312969,,2.07824225,
17154000,8.176519,,2.04412975,
17154900,8.050565,,2.01264125,
17155800,7.840641,,1.96016025,
17156700,7.641214,,1.9103035,
17157600,7.399802,,1.8499505,
17158500,7.116406,,1.7791015,
17159400,6.833009,,1.70825225,
17160300,6.560108,,1.640027,
17161200,6.224231,,1.55605775,
17162100,5.877857,,1.46946425,
17163000,5.520987,,1.38024675,
17163900,5.143125,,1.28578125,
17164800,4.754767,,1.18869175,
17165700,4.376904,,1.094226,
17166600,3.97805,,0.9945125,
17167500,3.53721,,0.8843025,
17168400,3.148852,,0.787213,
17169300,2.749997,,0.68749925,
17170200,2.372135,,0.59303375,
17171100,1.973281,,0.49332025,
17172000,1.605915,,0.40147875,
17172900,1.259541,,0.31488525,
17173800,0.944656,,0.236164,
17174700,0.650763,,0.16269075,
17175600,0.388358,,0.0970895,
17176500,0.188931,,0.04723275,
17177400,0.062977,,0.01574425,
17178300,0,,0,
17179200,0,,0,
17180100,0,,0,
17181000,0,,0,
17181900,0,,0,
17182800,0,,0,
17183700,0,,0,
17184600,0,,0,
17185500,0,,0,
17186400,0,,0,
17187300,0,,0,
17188200,0,,0,
17189100,0,,0,
17190000,0,,0,
17190900,0,,0,
17191800,0,,0,
17192700,0,,0,
17193600,0,,0,
17194500,0,,0,
17195400,0,,0,
17196300,0,,0,
17197200,0,,0,
17198100,0,,0,
17199000,0,,0,
17199900,0,,0,
17200800,0,,0,
17201700,0,,0,
17202600,0,,0,
17203500,0,,0,
17204400,0,,0,
17205300,0,,0,
17206200,0,,0,
17207100,0,,0,
17208000,0.115458,,0.0288645,
17208900,0.283397,,0.07084925,
17209800,0.503816,,0.125954,
17210700,0.787213,,0.19680325,
17211600,1.102098,,0.2755245,
17212500,1.448472,,0.362118,
17213400,1.805342,,0.4513355,
17214300,2.162212,,0.540553,
17215200,2.55057,,0.6376425,
17216100,2.949425,,0.73735625,
17217000,3.348279,,0.83706975,
17217900,3.747134,,0.9367835,
17218800,4.156485,,1.03912125,
17219700,4.555339,,1.13883475,
17220600,4.954194,,1.2385485,
17221500,5.374041,,1.34351025,
17222400,5.751903,,1.43797575,
17223300,6.119269,,1.52981725,
17224200,6.465643,,1.61641075,
17225100,6.812017,,1.70300425,
17226000,7.105909,,1.77647725,
17226900,7.389306,,1.8473265,
17227800,7.65171,,1.9129275,
17228700,7.893122,,1.9732805,
17229600,8.113542,,2.0283855,
17230500,8.302473,,2.07561825,
17231400,8.438923,,2.10973075,
17232300,8.58587,,2.1464675,
17233200,8.680335,,2.17008375,
17234100,8.764305,,2.19107625,
17235000,8.806289,,2.20157225,
17235900,8.806289,,2.20157225,
17236800,8.785297,,2.19632425,
17237700,8.72232,,2.18058,
17238600,8.648847,,2.16221175,
17239500,8.554381,,2.13859525,
17240400,8.417931,,2.10448275,
17241300,8.260488,,2.065122,
17242200,8.061061,,2.01526525,
17243100,7.851138,,1.9627845,
17244000,7.609726,,1.9024315,
17244900,7.347321,,1.83683025,
17245800,7.053428,,1.763357,
17246700,6.759536,,1.689884,
17247600,6.423658,,1.6059145,
17248500,6.077284,,1.519321,
17249400,5.709918,,1.4274795,
17250300,5.332056,,1.333014,
17251200,4.943698,,1.2359245,
17252100,4.555339,,1.13883475,
17253000,4.145988,,1.036497,
17253900,3.715645,,0.92891125,
17254800,3.327287,,0.83182175,
17255700,2.917936,,0.729484,
17256600,2.508585,,0.62714625,
17257500,2.109731,,0.52743275,
17258400,1.731869,,0.43296725,
17259300,1.374999,,0.34374975,
17260200,1.039121,,0.25978025,
17261100,0.724236,,0.181059,
17262000,0.461832,,0.115458,
17262900,0.241412,,0.060353,
17263800,0.094466,,0.0236165,
17264700,0,,0,
17265600,0,,0,
17266500,0,,0,
17267400,0,,0,
17268300,0,,0,
17269200,0,,0,
17270100,0,,0,
17271000,0,,0,
17271900,0,,0,
17272800,0,,0,
17273700,0,,0,
17274600,0,,0,
17275500,0,,0,
17276400,0,,0,
17277300,0,,0,
17278200,0,,0,
17279100,0,,0,
17280000,0,,0,
17280900,0,,0,
17281800,0,,0,
17282700,0,,0,
17283600,0,,0,
17284500,0,,0,
17285400,0,,0,
17286300,0,,0,
17287200,0,,0,
17288100,0,,0,
17289000,0,,0,
17289900,0,,0,
17290800,0,,0,
17291700,0,,0,
17292600,0,,0,
17293500,0,,0,
17294400,0.115458,,0.0288645,
17295300,0.272901,,0.06822525,
17296200,0.503816,,0.125954,
17297100,0.797709,,0.19942725,
17298000,1.123091,,0.28077275,
17298900,1.458968,,0.364742,
17299800,1.826334,,0.4565835,
17300700,2.235685,,0.55892125,
17301600,2.645036,,0.661259,
17302500,3.04389,,0.7609725,
17303400,3.453241,,0.86331025,
17304300,3.862592,,0.965648,
17305200,4.271943,,1.06798575,
17306100,4.670797,,1.16769925,
17307000,5.069652,,1.267413,
17307900,5.437018,,1.3592545,
17308800,5.81488,,1.45372,
17309700,6.161254,,1.5403135,
17310600,6.518124,,1.629531,
17311500,6.66507,,1.6662675,
17312400,6.990451,,1.74761275,
17313300,7.273848,,1.818462,
17314200,7.536252,,1.884063,
17315100,7.767168,,1.941792,
17316000,7.977092,,1.994273,
17316900,8.155527,,2.03888175,
17317800,8.312969,,2.07824225,
17318700,8.58587,,2.1464675,
17319600,8.680335,,2.17008375,
17320500,8.753809,,2.18845225,
17321400,8.816786,,2.2041965,
17322300,8.827282,,2.2068205,
17323200,8.795793,,2.19894825,
17324100,8.764305,,2.19107625,
17325000,8.690832,,2.172708,
17325900,8.522893,,2.13072325,
17326800,8.386443,,2.09661075,
17327700,8.239496,,2.059874,
17328600,8.040069,,2.01001725,
17329500,7.767168,,1.941792,
17330400,7.525756,,1.881439,
17331300,7.273848,,1.818462,
17332200,6.990451,,1.74761275,
17333100,6.549612,,1.637403,
17334000,6.245223,,1.56130575,
17334900,5.898849,,1.47471225,
17335800,5.520987,,1.38024675,
17336700,5.216598,,1.3041495,
17337600,4.838736,,1.209684,
17338500,4.450377,,1.11259425,
17339400,4.051523,,1.01288075,
17340300,3.726142,,0.9315355,
17341200,3.327287,,0.83182175,
17342100,2.90744,,0.72686,
17343000,2.519082,,0.6297705,
17343900,2.162212,,0.540553,
17344800,1.784349,,0.44608725,
17345700,1.416983,,0.35424575,
17346600,1.081106,,0.2702765,
17347500,0.787213,,0.19680325,
17348400,0.49332,,0.12333,
17349300,0.272901,,0.06822525,
17350200,0.104962,,0.0262405,
17351100,0,,0,
17352000,0,,0,
17352900,0,,0,
17353800,0,,0,
17354700,0,,0,
17355600,0,,0,
17356500,0,,0,
17357400,0,,0,
17358300,0,,0,
17359200,0,,0,
17360100,0,,0,
17361000,0,,0,
17361900,0,,0,
17362800,0,,0,
17363700,0,,0,
17364600,0,,0,
17365500,0,,0,
17366400,0,,0,
17367300,0,,0,
17368200,0,,0,
17369100,0,,0,
17370000,0,,0,
17370900,0,,0,
17371800,0,,0,
17372700,0,,0,
17373600,0,,0,
17374500,0,,0,
17375400,0,,0,
17376300,0,,0,
17377200,0,,0,
17378100,0,,0,
17379000,0,,0,
17379900,0,,0,
17380800,0.094466,,0.0236165,
17381700,0.251908,,0.062977,
17382600,0.472328,,0.118082,
17383500,0.755724,,0.188931,
17384400,1.07061,,0.2676525,
17385300,1.416983,,0.35424575,
17386200,1.773853,,0.44346325,
17387100,2.172708,,0.543177,
17388000,2.561066,,0.6402665,
17388900,2.970417,,0.74260425,
17389800,3.379768,,0.844942,
17390700,3.810111,,0.95252775,
17391600,4.229958,,1.0574895,
17392500,4.628812,,1.157203,
17393400,5.038163,,1.25954075,
17394300,5.45801,,1.3645025,
17395200,5.835872,,1.458968,
17396100,6.203238,,1.5508095,
17397000,6.560108,,1.640027,
17397900,6.88549,,1.7213725,
17398800,7.200375,,1.80009375,
17399700,7.494268,,1.873567,
17400600,7.767168,,1.941792,
17401500,7.987588,,1.996897,
17402400,8.208008,,2.052002,
17403300,8.396939,,2.09923475,
17404200,8.564877,,2.14121925,
17405100,8.701328,,2.175332,
17406000,8.806289,,2.20157225,
17406900,8.85877,,2.2146925,
17407800,8.900755,,2.22518875,
17408700,8.85877,,2.2146925,
17409600,8.837778,,2.2094445,
17410500,8.795793,,2.19894825,
17411400,8.711824,,2.177956,
17412300,8.606862,,2.1517155,
17413200,8.470412,,2.117603,
17414100,8.312969,,2.07824225,
17415000,8.113542,,2.0283855,
17415900,7.903619,,1.97590475,
17416800,7.641214,,1.9103035,
17417700,7.389306,,1.8473265,
17418600,7.105909,,1.77647725,
17419500,6.791024,,1.697756,
17420400,6.455147,,1.61378675,
17421300,6.108773,,1.52719325,
17422200,5.741407,,1.43535175,
17423100,5.374041,,1.34351025,
17424000,4.975186,,1.2437965,
17424900,4.576332,,1.144083,
17425800,4.166981,,1.04174525,
17426700,3.778622,,0.9446555,
17427600,3.369272,,0.842318,
17428500,2.959921,,0.73998025,
17429400,2.561066,,0.6402665,
17430300,2.172708,,0.543177,
17431200,1.784349,,0.44608725,
17432100,1.416983,,0.35424575,
17433000,1.07061,,0.2676525,
17433900,0.755724,,0.188931,
17434800,0.482824,,0.120706,
17435700,0.251908,,0.062977,
17436600,0.094466,,0.0236165,
17437500,0,,0,
17438400,0,,0,
17439300,0,,0,
17440200,0,,0,
17441100,0,,0,
17442000,0,,0,
17442900,0,,0,
17443800,0,,0,
17444700,0,,0,
17445600,0,,0,
17446500,0,,0,
17447400,0,,0,
17448300,0,,0,
17449200,0,,0,
17450100,0,,0,
17451000,0,,0,
17451900,0,,0,
17452800,0,,0,
17453700,0,,0,
17454600,0,,0,
17455500,0,,0,
17456400,0,,0,
17457300,0,,0,
17458200,0,,0,
17459100,0,,0,
17460000,0,,0,
17460900,0,,0,
17461800,0,,0,
17462700,0,,0,
17463600,0,,0,
17464500,0,,0,
17465400,0,,0,
17466300,0,,0,
17467200,0.094466,,0.0236165,
17468100,0.262404,,0.065601,
17469000,0.482824,,0.120706,
17469900,0.766221,,0.19155525,
17470800,1.07061,,0.2676525,
17471700,1.416983,,0.35424575,
17472600,1.784349,,0.44608725,
17473500,2.172708,,0.543177,
17474400,2.561066,,0.6402665,
17475300,2.959921,,0.73998025,
17476200,3.369272,,0.842318,
17477100,3.778622,,0.9446555,
17478000,4.187973,,1.04699325,
17478900,4.586828,,1.146707,
17479800,4.985682,,1.2464205,
17480700,5.374041,,1.34351025,
17481600,5.730911,,1.43272775,
17482500,6.098277,,1.52456925,
17483400,6.44465,,1.6111625,
17484300,6.770032,,1.692508,
17485200,7.084917,,1.77122925,
17486100,7.368314,,1.8420785,
17487000,7.620222,,1.9050555,
17487900,7.87213,,1.9680325,
17488800,8.082053,,2.02051325,
17489700,8.270985,,2.06774625,
17490600,8.428427,,2.10710675,
17491500,8.564877,,2.14121925,
17492400,8.669839,,2.16745975,
17493300,8.743312,,2.185828,
17494200,8.774801,,2.19370025,
17495100,8.837778,,2.2094445,
17496000,8.816786,,2.2041965,
17496900,8.774801,,2.19370025,
17497800,8.701328,,2.175332,
17498700,8.596366,,2.1490915,
17499600,8.459916,,2.114979,
17500500,8.302473,,2.07561825,
17501400,8.113542,,2.0283855,
17502300,7.893122,,1.9732805,
17503200,7.65171,,1.9129275,
17504100,7.389306,,1.8473265,
17505000,7.095413,,1.77385325,
17505900,6.80152,,1.70038,
17506800,6.465643,,1.61641075,
17507700,6.119269,,1.52981725,
17508600,5.762399,,1.44059975,
17509500,5.384537,,1.34613425,
17510400,4.996179,,1.24904475,
17511300,4.597324,,1.149331,
17512200,4.187973,,1.04699325,
17513100,3.778622,,0.9446555,
17514000,3.369272,,0.842318,
17514900,2.959921,,0.73998025,
17515800,2.561066,,0.6402665,
17516700,2.151716,,0.537929,
17517600,1.773853,,0.44346325,
17518500,1.406487,,0.35162175,
17519400,1.060114,,0.2650285,
17520300,0.745228,,0.186307,
17521200,0.472328,,0.118082,
17522100,0.241412,,0.060353,
17523000,0,,0,
17523900,0,,0,
17524800,0,,0,
17525700,0,,0,
17526600,0,,0,
17527500,0,,0,
17528400,0,,0,
17529300,0,,0,
17530200,0,,0,
17531100,0,,0,
17532000,0,,0,
17532900,0,,0,
17533800,0,,0,
17534700,0,,0,
17535600,0,,0,
17536500,0,,0,
17537400,0,,0,
17538300,0,,0,
17539200,0,,0,
17540100,0,,0,
17541000,0,,0,
17541900,0,,0,
17542800,0,,0,
17543700,0,,0,
17544600,0,,0,
17545500,0,,0,
17546400,0,,0,
17547300,0,,0,
17548200,0,,0,
17549100,0,,0,
17550000,0,,0,
17550900,0,,0,
17551800,0,,0,
17552700,0,,0,
17553600,0.083969,,0.02099225,
17554500,0.241412,,0.060353,
17555400,0.461832,,0.115458,
17556300,0.745228,,0.186307,
17557200,1.060114,,0.2650285,
17558100,1.406487,,0.35162175,
17559000,1.784349,,0.44608725,
17559900,2.172708,,0.543177,
17560800,2.582059,,0.64551475,
17561700,2.991409,,0.74785225,
17562600,3.40076,,0.85019,
17563500,3.820607,,0.95515175,
17564400,4.240454,,1.0601135,
17565300,4.649805,,1.16245125,
17566200,5.048659,,1.26216475,
17567100,5.447514,,1.3618785,
17568000,5.835872,,1.458968,
17568900,6.213735,,1.55343375,
17569800,6.560108,,1.640027,
17570700,6.895986,,1.7239965,
17571600,7.210871,,1.80271775,
17572500,7.483772,,1.870943,
17573400,7.746176,,1.936544,
17574300,7.998084,,1.999521,
17575200,8.208008,,2.052002,
17576100,8.407435,,2.10185875,
17577000,8.564877,,2.14121925,
17577900,8.701328,,2.175332,
17578800,8.806289,,2.20157225,
17579700,8.879763,,2.21994075,
17580600,8.932244,,2.233061,
17581500,8.94274,,2.235685,
17582400,8.932244,,2.233061,
17583300,8.879763,,2.21994075,
17584200,8.785297,,2.19632425,
17585100,8.669839,,2.16745975,
17586000,8.533389,,2.13334725,
17586900,8.375946,,2.0939865,
17587800,8.176519,,2.04412975,
17588700,7.956099,,1.98902475,
17589600,7.714687,,1.92867175,
17590500,7.441787,,1.86044675,
17591400,7.147894,,1.7869735,
17592300,6.833009,,1.70825225,
17593200,6.497131,,1.62428275,
17594100,6.150758,,1.5376895,
17595000,5.783392,,1.445848,
17595900,5.395033,,1.34875825,
17596800,5.006675,,1.25166875,
17597700,4.597324,,1.149331,
17598600,4.187973,,1.04699325,
17599500,3.778622,,0.9446555,
17600400,3.369272,,0.842318,
17601300,2.959921,,0.73998025,
17602200,2.55057,,0.6376425,
17603100,2.151716,,0.537929,
17604000,1.763357,,0.44083925,
17604900,1.395991,,0.34899775,
17605800,1.039121,,0.25978025,
17606700,0.724236,,0.181059,
17607600,0.440839,,0.11020975,
17608500,0.22042,,0.055105,
17609400,0,,0,
17610300,0,,0,
17611200,0,,0,
17612100,0,,0,
17613000,0,,0,
17613900,0,,0,
17614800,0,,0,
17615700,0,,0,
17616600,0,,0,
17617500,0,,0,
17618400,0,,0,
17619300,0,,0,
17620200,0,,0,
17621100,0,,0,
17622000,0,,0,
17622900,0,,0,
17623800,0,,0,
17624700,0,,0,
17625600,0,,0,
17626500,0,,0,
17627400,0,,0,
17628300,0,,0,
17629200,0,,0,
17630100,0,,0,
17631000,0,,0,
17631900,0,,0,
17632800,0,,0,
17633700,0,,0,
17634600,0,,0,
17635500,0,,0,
17636400,0,,0,
17637300,0,,0,
17638200,0,,0,
17639100,0,,0,
17640000,0,,0,
17640900,0.230916,,0.057729,
17641800,0.451335,,0.11283375,
17642700,0.724236,,0.181059,
17643600,1.049617,,0.26240425,
17644500,1.395991,,0.34899775,
17645400,1.773853,,0.44346325,
17646300,2.151716,,0.537929,
17647200,2.55057,,0.6376425,
17648100,2.970417,,0.74260425,
17649000,3.390264,,0.847566,
17649900,3.789119,,0.94727975,
17650800,4.208966,,1.0522415,
17651700,4.639309,,1.15982725,
17652600,5.048659,,1.26216475,
17653500,5.416025,,1.35400625,
17654400,5.804384,,1.451096,
17655300,6.161254,,1.5403135,
17656200,6.518124,,1.629531,
17657100,6.812017,,1.70300425,
17658000,7.126902,,1.7817255,
17658900,7.420795,,1.85519875,
17659800,7.672703,,1.91817575,
17660700,7.893122,,1.9732805,
17661600,8.124038,,2.0310095,
17662500,8.291977,,2.07299425,
17663400,8.459916,,2.114979,
17664300,8.533389,,2.13334725,
17665200,8.638351,,2.15958775,
17666100,8.701328,,2.175332,
17667000,8.753809,,2.18845225,
17667900,8.627854,,2.1569635,
17668800,8.596366,,2.1490915,
17669700,8.543885,,2.13597125,
17670600,8.44942,,2.112355,
17671500,8.281481,,2.07037025,
17672400,8.145031,,2.03625775,
17673300,7.966596,,1.991649,
17674200,7.777664,,1.944416,
17675100,7.525756,,1.881439,
17676000,7.273848,,1.818462,
17676900,6.990451,,1.74761275,
17677800,6.696559,,1.67413975,
17678700,6.360681,,1.59017025,
17679600,6.0353,,1.508825,
17680500,5.67843,,1.4196075,
17681400,5.32156,,1.33039,
17682300,4.943698,,1.2359245,
17683200,4.555339,,1.13883475,
17684100,4.177477,,1.04436925,
17685000,3.778622,,0.9446555,
17685900,3.390264,,0.847566,
17686800,2.991409,,0.74785225,
17687700,2.603051,,0.65076275,
17688600,2.214693,,0.55367325,
17689500,1.868319,,0.46707975,
17690400,1.500953,,0.37523825,
17691300,1.165075,,0.29126875,
17692200,0.839694,,0.2099235,
17693100,0.57729,,0.1443225,
17694000,0.335878,,0.0839695,
17694900,0.146946,,0.0367365,
17695800,0,,0,
17696700,0,,0,
17697600,0,,0,
17698500,0,,0,
17699400,0,,0,
17700300,0,,0,
17701200,0,,0,
17702100,0,,0,
17703000,0,,0,
17703900,0,,0,
17704800,0,,0,
17705700,0,,0,
17706600,0,,0,
17707500,0,,0,
17708400,0,,0,
17709300,0,,0,
17710200,0,,0,
17711100,0,,0,
17712000,0,,0,
17712900,0,,0,
17713800,0,,0,
17714700,0,,0,
17715600,0,,0,
17716500,0,,0,
17717400,0,,0,
17718300,0,,0,
17719200,0,,0,
17720100,0,,0,
17721000,0,,0,
17721900,0,,0,
17722800,0,,0,
17723700,0,,0,
17724600,0,,0,
17725500,0,,0,
17726400,0,,0,
17727300,0.13645,,0.0341125,
17728200,0.325381,,0.08134525,
17729100,0.566793,,0.14169825,
17730000,0.85019,,0.2125475,
17730900,1.165075,,0.29126875,
17731800,1.511449,,0.37786225,
17732700,1.868319,,0.46707975,
17733600,2.246181,,0.56154525,
17734500,2.63454,,0.658635,
17735400,3.022898,,0.7557245,
17736300,3.411256,,0.852814,
17737200,3.810111,,0.95252775,
17738100,4.198469,,1.04961725,
17739000,4.597324,,1.149331,
17739900,4.954194,,1.2385485,
17740800,5.332056,,1.333014,
17741700,5.67843,,1.4196075,
17742600,6.014307,,1.50357675,
17743500,6.024804,,1.506201,
17744400,6.329193,,1.58229825,
17745300,6.602093,,1.65052325,
17746200,6.864497,,1.71612425,
17747100,7.074421,,1.76860525,
17748000,7.284344,,1.821086,
17748900,7.462779,,1.86569475,
17749800,7.662207,,1.91555175,
17750700,7.777664,,1.944416,
17751600,7.87213,,1.9680325,
17752500,7.935107,,1.98377675,
17753400,7.987588,,1.996897,
17754300,8.09255,,2.0231375,
17755200,8.071557,,2.01788925,
17756100,8.029573,,2.00739325,
17757000,7.956099,,1.98902475,
17757900,7.819649,,1.95491225,
17758800,7.683199,,1.92079975,
17759700,7.525756,,1.881439,
17760600,7.336825,,1.83420625,
17761500,7.147894,,1.7869735,
17762400,6.916978,,1.7292445,
17763300,6.654574,,1.6636435,
17764200,6.371177,,1.59279425,
17765100,6.129765,,1.53244125,
17766000,5.81488,,1.45372,
17766900,5.479002,,1.3697505,
17767800,5.122133,,1.28053325,
17768700,4.786255,,1.19656375,
17769600,4.408393,,1.10209825,
17770500,4.030531,,1.00763275,
17771400,3.642172,,0.910543,
17772300,3.26431,,0.8160775,
17773200,2.875951,,0.71898775,
17774100,2.498089,,0.62452225,
17775000,2.120227,,0.53005675,
17775900,1.763357,,0.44083925,
17776800,1.406487,,0.35162175,
17777700,1.081106,,0.2702765,
17778600,0.766221,,0.19155525,
17779500,0.503816,,0.125954,
17780400,0.272901,,0.06822525,
17781300,0.104962,,0.0262405,
17782200,0,,0,
17783100,0,,0,
17784000,0,,0,
17784900,0,,0,
17785800,0,,0,
17786700,0,,0,
17787600,0,,0,
17788500,0,,0,
17789400,0,,0,
17790300,0,,0,
17791200,0,,0,
17792100,0,,0,
17793000,0,,0,
17793900,0,,0,
17794800,0,,0,
17795700,0,,0,
17796600,0,,0,
17797500,0,,0,
17798400,0,,0,
17799300,0,,0,
17800200,0,,0,
17801100,0,,0,
17802000,0,,0,
17802900,0,,0,
17803800,0,,0,
17804700,0,,0,
17805600,0,,0,
17806500,0,,0,
17807400,0,,0,
17808300,0,,0,
17809200,0,,0,
17810100,0,,0,
17811000,0,,0,
17811900,0,,0,
17812800,0,,0,
17813700,0.157443,,0.03936075,
17814600,0.346374,,0.0865935,
17815500,0.598282,,0.1495705,
17816400,0.892175,,0.22304375,
17817300,1.217556,,0.304389,
17818200,1.574426,,0.3936065,
17819100,1.952288,,0.488072,
17820000,2.340647,,0.58516175,
17820900,2.729005,,0.68225125,
17821800,3.138356,,0.784589,
17822700,3.547707,,0.88692675,
17823600,3.946561,,0.98664025,
17824500,4.345416,,1.086354,
17825400,4.74427,,1.1860675,
17826300,5.132629,,1.28315725,
17827200,5.499995,,1.37499875,
17828100,5.867361,,1.46684025,
17829000,6.203238,,1.5508095,
17829900,6.507627,,1.62690675,
17830800,6.822513,,1.70562825,
17831700,7.116406,,1.7791015,
17832600,7.37881,,1.8447025,
17833500,7.630718,,1.9076795,
17834400,7.840641,,1.96016025,
17835300,8.029573,,2.00739325,
17836200,8.197511,,2.04937775,
17837100,8.333962,,2.0834905,
17838000,8.44942,,2.112355,
17838900,8.522893,,2.13072325,
17839800,8.575374,,2.1438435,
17840700,8.459916,,2.114979,
17841600,8.438923,,2.10973075,
17842500,8.375946,,2.0939865,
17843400,8.302473,,2.07561825,
17844300,8.176519,,2.04412975,
17845200,8.040069,,2.01001725,
17846100,7.903619,,1.97590475,
17847000,7.714687,,1.92867175,
17847900,7.441787,,1.86044675,
17848800,7.200375,,1.80009375,
17849700,6.937971,,1.73449275,
17850600,6.633582,,1.6583955,
17851500,6.276712,,1.569178,
17852400,5.95133,,1.4878325,
17853300,5.59446,,1.398615,
17854200,5.258583,,1.31464575,
17855100,4.82824,,1.20706,
17856000,4.450377,,1.11259425,
17856900,4.072515,,1.01812875,
17857800,3.673661,,0.91841525,
17858700,3.243318,,0.8108295,
17859600,2.854959,,0.71373975,
17860500,2.466601,,0.61665025,
17861400,2.120227,,0.53005675,
17862300,1.721372,,0.430343,
17863200,1.364503,,0.34112575,
17864100,1.028625,,0.25715625,
17865000,0.724236,,0.181059,
17865900,0.440839,,0.11020975,
17866800,0.22042,,0.055105,
17867700,0.073473,,0.01836825,
17868600,0,,0,
17869500,0,,0,
17870400,0,,0,
17871300,0,,0,
17872200,0,,0,
17873100,0,,0,
17874000,0,,0,
17874900,0,,0,
17875800,0,,0,
17876700,0,,0,
17877600,0,,0,
17878500,0,,0,
17879400,0,,0,
17880300,0,,0,
17881200,0,,0,
17882100,0,,0,
17883000,0,,0,
17883900,0,,0,
17884800,0,,0,
17885700,0,,0,
17886600,0,,0,
17887500,0,,0,
17888400,0,,0,
17889300,0,,0,
17890200,0,,0,
17891100,0,,0,
17892000,0,,0,
17892900,0,,0,
17893800,0,,0,
17894700,0,,0,
17895600,0,,0,
17896500,0,,0,
17897400,0,,0,
17898300,0,,0,
17899200,0,,0,
17900100,0.073473,,0.01836825,
17901000,0.22042,,0.055105,
17901900,0.430343,,0.10758575,
17902800,0.692747,,0.17318675,
17903700,0.997136,,0.249284,
17904600,1.322518,,0.3306295,
17905500,1.637403,,0.40935075,
17906400,1.994273,,0.49856825,
17907300,2.361639,,0.59040975,
17908200,2.739501,,0.68487525,
17909100,3.085875,,0.77146875,
17910000,3.463737,,0.86593425,
17910900,3.841599,,0.96039975,
17911800,4.208966,,1.0522415,
17912700,4.555339,,1.13883475,
17913600,4.912209,,1.22805225,
17914500,5.258583,,1.31464575,
17915400,5.531483,,1.38287075,
17916300,5.793888,,1.448472,
17917200,6.077284,,1.519321,
17918100,6.360681,,1.59017025,
17919000,6.612589,,1.65314725,
17919900,6.927474,,1.7318685,
17920800,7.147894,,1.7869735,
17921700,7.326329,,1.83158225,
17922600,7.483772,,1.870943,
17923500,7.630718,,1.9076795,
17924400,7.73568,,1.93392,
17925300,7.851138,,1.9627845,
17926200,7.893122,,1.9732805,
17927100,7.914115,,1.97852875,
17928000,7.903619,,1.97590475,
17928900,7.851138,,1.9627845,
17929800,7.777664,,1.944416,
17930700,7.683199,,1.92079975,
17931600,7.557245,,1.88931125,
17932500,7.399802,,1.8499505,
17933400,7.210871,,1.80271775,
17934300,7.032436,,1.758109,
17935200,6.791024,,1.697756,
17936100,6.539116,,1.634779,
17937000,6.266215,,1.56655375,
17937900,5.867361,,1.46684025,
17938800,5.552476,,1.388119,
17939700,5.227094,,1.3067735,
17940600,4.880721,,1.22018025,
17941500,4.523851,,1.13096275,
17942400,4.145988,,1.036497,
17943300,3.778622,,0.9446555,
17944200,3.40076,,0.85019,
17945100,3.012402,,0.7531005,
17946000,2.63454,,0.658635,
17946900,2.267173,,0.56679325,
17947800,1.889311,,0.47232775,
17948700,1.56393,,0.3909825,
17949600,1.217556,,0.304389,
17950500,0.892175,,0.22304375,
17951400,0.598282,,0.1495705,
17952300,0.388358,,0.0970895,
17953200,0.188931,,0.04723275,
17954100,0.062977,,0.01574425,
17955000,0,,0,
17955900,0,,0,
17956800,0,,0,
17957700,0,,0,
17958600,0,,0,
17959500,0,,0,
17960400,0,,0,
17961300,0,,0,
17962200,0,,0,
17963100,0,,0,
17964000,0,,0,
17964900,0,,0,
17965800,0,,0,
17966700,0,,0,
17967600,0,,0,
17968500,0,,0,
17969400,0,,0,
17970300,0,,0,
17971200,0,,0,
17972100,0,,0,
17973000,0,,0,
17973900,0,,0,
17974800,0,,0,
17975700,0,,0,
17976600,0,,0,
17977500,0,,0,
17978400,0,,0,
17979300,0,,0,
17980200,0,,0,
17981100,0,,0,
17982000,0,,0,
17982900,0,,0,
17983800,0,,0,
17984700,0,,0,
17985600,0,,0,
17986500,0.083969,,0.02099225,
17987400,0.241412,,0.060353,
17988300,0.482824,,0.120706,
17989200,0.755724,,0.188931,
17990100,1.060114,,0.2650285,
17991000,1.395991,,0.34899775,
17991900,1.763357,,0.44083925,
17992800,2.130723,,0.53268075,
17993700,2.508585,,0.62714625,
17994600,2.896944,,0.724236,
17995500,3.295798,,0.8239495,
17996400,3.694653,,0.92366325,
17997300,4.083011,,1.02075275,
17998200,4.460874,,1.1152185,
17999100,4.859728,,1.214932,
18000000,5.216598,,1.3041495,
18000900,5.573468,,1.393367,
18001800,5.919842,,1.4799605,
18002700,6.224231,,1.55605775,
18003600,6.52862,,1.632155,
18004500,6.812017,,1.70300425,
18005400,7.074421,,1.76860525,
18006300,7.284344,,1.821086,
18007200,7.494268,,1.873567,
18008100,7.683199,,1.92079975,
18009000,7.840641,,1.96016025,
18009900,7.956099,,1.98902475,
18010800,8.061061,,2.01526525,
18011700,8.124038,,2.0310095,
18012600,8.166023,,2.04150575,
18013500,7.788161,,1.94704025,
18014400,7.777664,,1.944416,
18015300,7.788161,,1.94704025,
18016200,7.714687,,1.92867175,
18017100,7.588733,,1.89718325,
18018000,7.462779,,1.86569475,
18018900,7.305337,,1.82633425,
18019800,7.126902,,1.7817255,
18020700,6.906482,,1.7266205,
18021600,6.675566,,1.6688915,
18022500,6.423658,,1.6059145,
18023400,6.150758,,1.5376895,
18024300,5.856865,,1.46421625,
18025200,5.54198,,1.385495,
18026100,5.216598,,1.3041495,
18027000,4.870224,,1.217556,
18027900,4.534347,,1.13358675,
18028800,4.166981,,1.04174525,
18029700,3.799615,,0.94990375,
18030600,3.411256,,0.852814,
18031500,3.075379,,0.76884475,
18032400,2.697517,,0.67437925,
18033300,2.319654,,0.5799135,
18034200,1.941792,,0.485448,
18035100,1.616411,,0.40410275,
18036000,1.249045,,0.31226125,
18036900,0.923663,,0.23091575,
18037800,0.619274,,0.1548185,
18038700,0.409351,,0.10233775,
18039600,0.199427,,0.04985675,
18040500,0.062977,,0.01574425,
18041400,0,,0,
18042300,0,,0,
18043200,0,,0,
18044100,0,,0,
18045000,0,,0,
18045900,0,,0,
18046800,0,,0,
18047700,0,,0,
18048600,0,,0,
18049500,0,,0,
18050400,0,,0,
18051300,0,,0,
18052200,0,,0,
18053100,0,,0,
18054000,0,,0,
18054900,0,,0,
18055800,0,,0,
18056700,0,,0,
18057600,0,,0,
18058500,0,,0,
18059400,0,,0,
18060300,0,,0,
18061200,0,,0,
18062100,0,,0,
18063000,0,,0,
18063900,0,,0,
18064800,0,,0,
18065700,0,,0,
18066600,0,,0,
18067500,0,,0,
18068400,0,,0,
18069300,0,,0,
18070200,0,,0,
18071100,0,,0,
18072000,0,,0,
18072900,0.125954,,0.0314885,
18073800,0.314885,,0.07872125,
18074700,0.566793,,0.14169825,
18075600,0.871182,,0.2177955,
18076500,1.196564,,0.299141,
18077400,1.553434,,0.3883585,
18078300,1.952288,,0.488072,
18079200,2.351143,,0.58778575,
18080100,2.760494,,0.6901235,
18081000,3.169844,,0.792461,
18081900,3.600187,,0.90004675,
18082800,4.009538,,1.0023845,
18083700,4.418889,,1.10472225,
18084600,4.838736,,1.209684,
18085500,5.248087,,1.31202175,
18086400,5.625949,,1.40648725,
18087300,6.003811,,1.50095275,
18088200,6.350185,,1.58754625,
18089100,6.707055,,1.67676375,
18090000,7.02194,,1.755485,
18090900,7.315833,,1.82895825,
18091800,7.588733,,1.89718325,
18092700,7.840641,,1.96016025,
18093600,8.061061,,2.01526525,
18094500,8.260488,,2.065122,
18095400,8.428427,,2.10710675,
18096300,8.575374,,2.1438435,
18097200,8.680335,,2.17008375,
18098100,8.753809,,2.18845225,
18099000,8.806289,,2.20157225,
18099900,8.837778,,2.2094445,
18100800,8.816786,,2.2041965,
18101700,8.774801,,2.19370025,
18102600,8.690832,,2.172708,
18103500,8.58587,,2.1464675,
18104400,8.438923,,2.10973075,
18105300,8.281481,,2.07037025,
18106200,8.09255,,2.0231375,
18107100,7.861634,,1.9654085,
18108000,7.620222,,1.9050555,
18108900,7.347321,,1.83683025,
18109800,7.042932,,1.760733,
18110700,6.738543,,1.68463575,
18111600,6.402666,,1.6006665,
18112500,6.045796,,1.511449,
18113400,5.67843,,1.4196075,
18114300,5.290071,,1.32251775,
18115200,4.901713,,1.22542825,
18116100,4.492362,,1.1230905,
18117000,4.072515,,1.01812875,
18117900,3.652668,,0.913167,
18118800,3.243318,,0.8108295,
18119700,2.823471,,0.70586775,
18120600,2.41412,,0.60353,
18121500,2.025761,,0.50644025,
18122400,1.626907,,0.40672675,
18123300,1.259541,,0.31488525,
18124200,0.913167,,0.22829175,
18125100,0.598282,,0.1495705,
18126000,0.335878,,0.0839695,
18126900,0.146946,,0.0367365,
18127800,0,,0,
18128700,0,,0,
18129600,0,,0,
18130500,0,,0,
18131400,0,,0,
18132300,0,,0,
18133200,0,,0,
18134100,0,,0,
18135000,0,,0,
18135900,0,,0,
18136800,0,,0,
18137700,0,,0,
18138600,0,,0,
18139500,0,,0,
18140400,0,,0,
18141300,0,,0,
18142200,0,,0,
18143100,0,,0,
18144000,0,,0,
18144900,0,,0,
18145800,0,,0,
18146700,0,,0,
18147600,0,,0,
18148500,0,,0,
18149400,0,,0,
18150300,0,,0,
18151200,0,,0,
18152100,0,,0,
18153000,0,,0,
18153900,0,,0,
18154800,0,,0,
18155700,0,,0,
18156600,0,,0,
18157500,0,,0,
18158400,0,,0,
18159300,0.13645,,0.0341125,
18160200,0.335878,,0.0839695,
18161100,0.598282,,0.1495705,
18162000,0.902671,,0.22566775,
18162900,1.249045,,0.31226125,
18163800,1.616411,,0.40410275,
18164700,2.015265,,0.50381625,
18165600,2.41412,,0.60353,
18166500,2.833967,,0.70849175,
18167400,3.243318,,0.8108295,
18168300,3.663164,,0.915791,
18169200,4.083011,,1.02075275,
18170100,4.492362,,1.1230905,
18171000,4.912209,,1.22805225,
18171900,5.311064,,1.327766,
18172800,5.699422,,1.4248555,
18173700,6.066788,,1.516697,
18174600,6.423658,,1.6059145,
18175500,6.759536,,1.689884,
18176400,7.074421,,1.76860525,
18177300,7.347321,,1.83683025,
18178200,7.620222,,1.9050555,
18179100,7.87213,,1.9680325,
18180000,8.09255,,2.0231375,
18180900,8.281481,,2.07037025,
18181800,8.459916,,2.114979,
18182700,8.596366,,2.1490915,
18183600,8.680335,,2.17008375,
18184500,8.764305,,2.19107625,
18185400,8.785297,,2.19632425,
18186300,8.774801,,2.19370025,
18187200,8.743312,,2.185828,
18188100,8.690832,,2.172708,
18189000,8.596366,,2.1490915,
18189900,8.480908,,2.120227,
18190800,8.323465,,2.08086625,
18191700,8.155527,,2.03888175,
18192600,7.966596,,1.991649,
18193500,7.714687,,1.92867175,
18194400,7.452283,,1.86307075,
18195300,7.179383,,1.79484575,
18196200,6.895986,,1.7239965,
18197100,6.581101,,1.64527525,
18198000,6.245223,,1.56130575,
18198900,5.888353,,1.47208825,
18199800,5.520987,,1.38024675,
18200700,5.143125,,1.28578125,
18201600,4.74427,,1.1860675,
18202500,4.345416,,1.086354,
18203400,3.946561,,0.98664025,
18204300,3.516218,,0.8790545,
18205200,3.096371,,0.77409275,
18206100,2.68702,,0.671755,
18207000,2.288166,,0.5720415,
18207900,1.889311,,0.47232775,
18208800,1.511449,,0.37786225,
18209700,1.154579,,0.28864475,
18210600,0.829198,,0.2072995,
18211500,0.535305,,0.13382625,
18212400,0.293893,,0.07347325,
18213300,0.115458,,0.0288645,
18214200,0,,0,
18215100,0,,0,
18216000,0,,0,
18216900,0,,0,
18217800,0,,0,
18218700,0,,0,
18219600,0,,0,
18220500,0,,0,
18221400,0,,0,
18222300,0,,0,
18223200,0,,0,
18224100,0,,0,
18225000,0,,0,
18225900,0,,0,
18226800,0,,0,
18227700,0,,0,
18228600,0,,0,
18229500,0,,0,
18230400,0,,0,
18231300,0,,0,
18232200,0,,0,
18233100,0,,0,
18234000,0,,0,
18234900,0,,0,
18235800,0,,0,
18236700,0,,0,
18237600,0,,0,
18238500,0,,0,
18239400,0,,0,
18240300,0,,0,
18241200,0,,0,
18242100,0,,0,
18243000,0,,0,
18243900,0,,0,
18244800,0,,0,
18245700,0.115458,,0.0288645,
18246600,0.283397,,0.07084925,
18247500,0.524809,,0.13120225,
18248400,0.818702,,0.2046755,
18249300,1.144083,,0.28602075,
18250200,1.490457,,0.37261425,
18251100,1.857823,,0.46445575,
18252000,2.256677,,0.56416925,
18252900,2.655532,,0.663883,
18253800,3.054386,,0.7635965,
18254700,3.453241,,0.86331025,
18255600,3.862592,,0.965648,
18256500,4.271943,,1.06798575,
18257400,4.670797,,1.16769925,
18258300,5.017171,,1.25429275,
18259200,5.405529,,1.35138225,
18260100,5.772895,,1.44322375,
18261000,6.119269,,1.52981725,
18261900,6.39217,,1.5980425,
18262800,6.696559,,1.67413975,
18263700,6.990451,,1.74761275,
18264600,7.252856,,1.813214,
18265500,7.525756,,1.881439,
18266400,7.746176,,1.936544,
18267300,7.935107,,1.98377675,
18268200,8.103046,,2.0257615,
18269100,8.270985,,2.06774625,
18270000,8.375946,,2.0939865,
18270900,8.44942,,2.112355,
18271800,8.5019,,2.125475,
18272700,8.407435,,2.10185875,
18273600,8.396939,,2.09923475,
18274500,8.344458,,2.0861145,
18275400,8.270985,,2.06774625,
18276300,8.176519,,2.04412975,
18277200,8.061061,,2.01526525,
18278100,7.87213,,1.9680325,
18279000,7.683199,,1.92079975,
18279900,7.483772,,1.870943,
18280800,7.24236,,1.81059,
18281700,6.969459,,1.74236475,
18282600,6.686062,,1.6715155,
18283500,6.402666,,1.6006665,
18284400,6.077284,,1.519321,
18285300,5.720414,,1.4301035,
18286200,5.353048,,1.338262,
18287100,5.006675,,1.25166875,
18288000,4.60782,,1.151955,
18288900,4.198469,,1.04961725,
18289800,3.789119,,0.94727975,
18290700,3.421753,,0.85543825,
18291600,3.012402,,0.7531005,
18292500,2.603051,,0.65076275,
18293400,2.204196,,0.551049,
18294300,1.83683,,0.4592075,
18295200,1.458968,,0.364742,
18296100,1.102098,,0.2755245,
18297000,0.776717,,0.19417925,
18297900,0.514312,,0.128578,
18298800,0.272901,,0.06822525,
18299700,0.104962,,0.0262405,
18300600,0,,0,
18301500,0,,0,
18302400,0,,0,
18303300,0,,0,
18304200,0,,0,
18305100,0,,0,
18306000,0,,0,
18306900,0,,0,
18307800,0,,0,
18308700,0,,0,
18309600,0,,0,
18310500,0,,0,
18311400,0,,0,
18312300,0,,0,
18313200,0,,0,
18314100,0,,0,
18315000,0,,0,
18315900,0,,0,
18316800,0,,0,
18317700,0,,0,
18318600,0,,0,
18319500,0,,0,
18320400,0,,0,
18321300,0,,0,
18322200,0,,0,
18323100,0,,0,
18324000,0,,0,
18324900,0,,0,
18325800,0,,0,
18326700,0,,0,
18327600,0,,0,
18328500,0,,0,
18329400,0,,0,
18330300,0,,0,
18331200,0,,0,
18332100,0.094466,,0.0236165,
18333000,0.262404,,0.065601,
18333900,0.503816,,0.125954,
18334800,0.787213,,0.19680325,
18335700,1.112594,,0.2781485,
18336600,1.458968,,0.364742,
18337500,1.847327,,0.46183175,
18338400,2.235685,,0.55892125,
18339300,2.645036,,0.661259,
18340200,3.054386,,0.7635965,
18341100,3.474233,,0.86855825,
18342000,3.883584,,0.970896,
18342900,4.292935,,1.07323375,
18343800,4.702286,,1.1755715,
18344700,5.122133,,1.28053325,
18345600,5.499995,,1.37499875,
18346500,5.867361,,1.46684025,
18347400,6.224231,,1.55605775,
18348300,6.581101,,1.64527525,
18349200,6.895986,,1.7239965,
18350100,7.189879,,1.79746975,
18351000,7.462779,,1.86569475,
18351900,7.693695,,1.92342375,
18352800,7.924611,,1.98115275,
18353700,8.113542,,2.0283855,
18354600,8.281481,,2.07037025,
18355500,8.417931,,2.10448275,
18356400,8.522893,,2.13072325,
18357300,8.606862,,2.1517155,
18358200,8.648847,,2.16221175,
18359100,8.5019,,2.125475,
18360000,8.491404,,2.122851,
18360900,8.438923,,2.10973075,
18361800,8.36545,,2.0913625,
18362700,8.229,,2.05725,
18363600,8.071557,,2.01788925,
18364500,7.924611,,1.98115275,
18365400,7.725184,,1.931296,
18366300,7.483772,,1.870943,
18367200,7.24236,,1.81059,
18368100,6.969459,,1.74236475,
18369000,6.675566,,1.6688915,
18369900,6.350185,,1.58754625,
18370800,6.014307,,1.50357675,
18371700,5.667934,,1.4169835,
18372600,5.300568,,1.325142,
18373500,4.943698,,1.2359245,
18374400,4.534347,,1.13358675,
18375300,4.135492,,1.033873,
18376200,3.747134,,0.9367835,
18377100,3.358775,,0.83969375,
18378000,2.949425,,0.73735625,
18378900,2.55057,,0.6376425,
18379800,2.151716,,0.537929,
18380700,1.763357,,0.44083925,
18381600,1.395991,,0.34899775,
18382500,1.049617,,0.26240425,
18383400,0.734732,,0.183683,
18384300,0.461832,,0.115458,
18385200,0.230916,,0.057729,
18386100,0.073473,,0.01836825,
18387000,0,,0,
18387900,0,,0,
18388800,0,,0,
18389700,0,,0,
18390600,0,,0,
18391500,0,,0,
18392400,0,,0,
18393300,0,,0,
18394200,0,,0,
18395100,0,,0,
18396000,0,,0,
18396900,0,,0,
18397800,0,,0,
18398700,0,,0,
18399600,0,,0,
18400500,0,,0,
18401400,0,,0,
18402300,0,,0,
18403200,0,,0,
18404100,0,,0,
18405000,0,,0,
18405900,0,,0,
18406800,0,,0,
18407700,0,,0,
18408600,0,,0,
18409500,0,,0,
18410400,0,,0,
18411300,0,,0,
18412200,0,,0,
18413100,0,,0,
18414000,0,,0,
18414900,0,,0,
18415800,0,,0,
18416700,0,,0,
18417600,0,,0,
18418500,0.083969,,0.02099225,
18419400,0.241412,,0.060353,
18420300,0.472328,,0.118082,
18421200,0.755724,,0.188931,
18422100,1.07061,,0.2676525,
18423000,1.42748,,0.35687,
18423900,1.805342,,0.4513355,
18424800,2.1937,,0.548425,
18425700,2.592555,,0.64813875,
18426600,3.001906,,0.7504765,
18427500,3.421753,,0.85543825,
18428400,3.820607,,0.95515175,
18429300,4.229958,,1.0574895,
18430200,4.628812,,1.157203,
18431100,5.048659,,1.26216475,
18432000,5.416025,,1.35400625,
18432900,5.793888,,1.448472,
18433800,6.140261,,1.53506525,
18434700,6.486635,,1.62165875,
18435600,6.780528,,1.695132,
18436500,7.074421,,1.76860525,
18437400,7.347321,,1.83683025,
18438300,7.588733,,1.89718325,
18439200,7.788161,,1.94704025,
18440100,7.977092,,1.994273,
18441000,8.145031,,2.03625775,
18441900,8.270985,,2.06774625,
18442800,8.36545,,2.0913625,
18443700,8.44942,,2.112355,
18444600,8.5019,,2.125475,
18445500,8.291977,,2.07299425,
18446400,8.302473,,2.07561825,
18447300,8.249992,,2.062498,
18448200,8.176519,,2.04412975,
18449100,8.050565,,2.01264125,
18450000,7.914115,,1.97852875,
18450900,7.725184,,1.931296,
18451800,7.536252,,1.884063,
18452700,7.305337,,1.82633425,
18453600,7.042932,,1.760733,
18454500,6.780528,,1.695132,
18455400,6.486635,,1.62165875,
18456300,6.150758,,1.5376895,
18457200,5.81488,,1.45372,
18458100,5.468506,,1.3671265,
18459000,5.122133,,1.28053325,
18459900,4.754767,,1.18869175,
18460800,4.345416,,1.086354,
18461700,3.957057,,0.98926425,
18462600,3.579195,,0.89479875,
18463500,3.180341,,0.79508525,
18464400,2.781486,,0.6953715,
18465300,2.393128,,0.598282,
18466200,2.004769,,0.50119225,
18467100,1.626907,,0.40672675,
18468000,1.270037,,0.31750925,
18468900,0.934159,,0.23353975,
18469800,0.62977,,0.1574425,
18470700,0.367366,,0.0918415,
18471600,0.167939,,0.04198475,
18472500,0,,0,
18473400,0,,0,
18474300,0,,0,
18475200,0,,0,
18476100,0,,0,
18477000,0,,0,
18477900,0,,0,
18478800,0,,0,
18479700,0,,0,
18480600,0,,0,
18481500,0,,0,
18482400,0,,0,
18483300,0,,0,
18484200,0,,0,
18485100,0,,0,
18486000,0,,0,
18486900,0,,0,
18487800,0,,0,
18488700,0,,0,
18489600,0,,0,
18490500,0,,0,
18491400,0,,0,
18492300,0,,0,
18493200,0,,0,
18494100,0,,0,
18495000,0,,0,
18495900,0,,0,
18496800,0,,0,
18497700,0,,0,
18498600,0,,0,
18499500,0,,0,
18500400,0,,0,
18501300,0,,0,
18502200,0,,0,
18503100,0,,0,
18504000,0,,0,
18504900,0,,0,
18505800,0.241412,,0.060353,
18506700,0.482824,,0.120706,
18507600,0.776717,,0.19417925,
18508500,1.102098,,0.2755245,
18509400,1.458968,,0.364742,
18510300,1.857823,,0.46445575,
18511200,2.256677,,0.56416925,
18512100,2.666028,,0.666507,
18513000,3.085875,,0.77146875,
18513900,3.53721,,0.8843025,
18514800,3.957057,,0.98926425,
18515700,4.376904,,1.094226,
18516600,4.786255,,1.19656375,
18517500,5.18511,,1.2962775,
18518400,5.573468,,1.393367,
18519300,5.940834,,1.4852085,
18520200,6.3082,,1.57705,
18521100,6.497131,,1.62428275,
18522000,6.822513,,1.70562825,
18522900,7.116406,,1.7791015,
18523800,7.368314,,1.8420785,
18524700,7.609726,,1.9024315,
18525600,7.830145,,1.95753625,
18526500,8.029573,,2.00739325,
18527400,8.197511,,2.04937775,
18528300,8.333962,,2.0834905,
18529200,8.428427,,2.10710675,
18530100,8.5019,,2.125475,
18531000,8.543885,,2.13597125,
18531900,8.480908,,2.120227,
18532800,8.459916,,2.114979,
18533700,8.417931,,2.10448275,
18534600,8.333962,,2.0834905,
18535500,8.239496,,2.059874,
18536400,8.103046,,2.0257615,
18537300,7.935107,,1.98377675,
18538200,7.725184,,1.931296,
18539100,7.504764,,1.876191,
18540000,7.252856,,1.813214,
18540900,6.979955,,1.74498875,
18541800,6.686062,,1.6715155,
18542700,6.360681,,1.59017025,
18543600,6.024804,,1.506201,
18544500,5.667934,,1.4169835,
18545400,5.300568,,1.325142,
18546300,4.943698,,1.2359245,
18547200,4.544843,,1.13621075,
18548100,4.124996,,1.031249,
18549000,3.726142,,0.9315355,
18549900,3.327287,,0.83182175,
18550800,2.917936,,0.729484,
18551700,2.508585,,0.62714625,
18552600,2.109731,,0.52743275,
18553500,1.721372,,0.430343,
18554400,1.354006,,0.3385015,
18555300,1.007633,,0.25190825,
18556200,0.692747,,0.17318675,
18557100,0.419847,,0.10496175,
18558000,0.199427,,0.04985675,
18558900,0,,0,
18559800,0,,0,
18560700,0,,0,
18561600,0,,0,
18562500,0,,0,
18563400,0,,0,
18564300,0,,0,
18565200,0,,0,
18566100,0,,0,
18567000,0,,0,
18567900,0,,0,
18568800,0,,0,
18569700,0,,0,
18570600,0,,0,
18571500,0,,0,
18572400,0,,0,
18573300,0,,0,
18574200,0,,0,
18575100,0,,0,
18576000,0,,0,
18576900,0,,0,
18577800,0,,0,
18578700,0,,0,
18579600,0,,0,
18580500,0,,0,
18581400,0,,0,
18582300,0,,0,
18583200,0,,0,
18584100,0,,0,
18585000,0,,0,
18585900,0,,0,
18586800,0,,0,
18587700,0,,0,
18588600,0,,0,
18589500,0,,0,
18590400,0,,0,
18591300,0,,0,
18592200,0.209923,,0.05248075,
18593100,0.430343,,0.10758575,
18594000,0.703244,,0.175811,
18594900,1.028625,,0.25715625,
18595800,1.374999,,0.34374975,
18596700,1.742365,,0.43559125,
18597600,2.120227,,0.53005675,
18598500,2.529578,,0.6323945,
18599400,2.928432,,0.732108,
18600300,3.348279,,0.83706975,
18601200,3.75763,,0.9394075,
18602100,4.166981,,1.04174525,
18603000,4.565835,,1.14145875,
18603900,4.96469,,1.2411725,
18604800,5.342552,,1.335638,
18605700,5.709918,,1.4274795,
18606600,6.066788,,1.516697,
18607500,6.413162,,1.6032905,
18608400,6.717551,,1.67938775,
18609300,7.011444,,1.752861,
18610200,7.284344,,1.821086,
18611100,7.536252,,1.884063,
18612000,7.756672,,1.939168,
18612900,7.945603,,1.98640075,
18613800,8.09255,,2.0231375,
18614700,8.239496,,2.059874,
18615600,8.344458,,2.0861145,
18616500,8.428427,,2.10710675,
18617400,8.470412,,2.117603,
18618300,8.459916,,2.114979,
18619200,8.44942,,2.112355,
18620100,8.396939,,2.09923475,
18621000,8.302473,,2.07561825,
18621900,8.187015,,2.04675375,
18622800,8.050565,,2.01264125,
18623700,7.861634,,1.9654085,
18624600,7.672703,,1.91817575,
18625500,7.399802,,1.8499505,
18626400,7.168886,,1.7922215,
18627300,6.895986,,1.7239965,
18628200,6.602093,,1.65052325,
18629100,6.255719,,1.56392975,
18630000,5.919842,,1.4799605,
18630900,5.573468,,1.393367,
18631800,5.206102,,1.3015255,
18632700,4.817744,,1.204436,
18633600,4.429385,,1.10734625,
18634500,4.030531,,1.00763275,
18635400,3.631676,,0.907919,
18636300,3.222325,,0.80558125,
18637200,2.812974,,0.7032435,
18638100,2.41412,,0.60353,
18639000,2.025761,,0.50644025,
18639900,1.647899,,0.41197475,
18640800,1.291029,,0.32275725,
18641700,0.944656,,0.236164,
18642600,0.640267,,0.16006675,
18643500,0.377862,,0.0944655,
18644400,0.167939,,0.04198475,
18645300,0,,0,
18646200,0,,0,
18647100,0,,0,
18648000,0,,0,
18648900,0,,0,
18649800,0,,0,
18650700,0,,0,
18651600,0,,0,
18652500,0,,0,
18653400,0,,0,
18654300,0,,0,
18655200,0,,0,
18656100,0,,0,
18657000,0,,0,
18657900,0,,0,
18658800,0,,0,
18659700,0,,0,
18660600,0,,0,
18661500,0,,0,
18662400,0,,0,
18663300,0,,0,
18664200,0,,0,
18665100,0,,0,
18666000,0,,0,
18666900,0,,0,
18667800,0,,0,
18668700,0,,0,
18669600,0,,0,
18670500,0,,0,
18671400,0,,0,
18672300,0,,0,
18673200,0,,0,
18674100,0,,0,
18675000,0,,0,
18675900,0,,0,
18676800,0,,0,
18677700,0,,0,
18678600,0.146946,,0.0367365,
18679500,0.335878,,0.0839695,
18680400,0.587786,,0.1469465,
18681300,0.892175,,0.22304375,
18682200,1.217556,,0.304389,
18683100,1.605915,,0.40147875,
18684000,1.962784,,0.490696,
18684900,2.351143,,0.58778575,
18685800,2.739501,,0.68487525,
18686700,3.201333,,0.80033325,
18687600,3.600187,,0.90004675,
18688500,3.988546,,0.9971365,
18689400,4.397897,,1.09947425,
18690300,4.849232,,1.212308,
18691200,5.227094,,1.3067735,
18692100,5.59446,,1.398615,
18693000,5.961826,,1.4904565,
18693900,6.350185,,1.58754625,
18694800,6.66507,,1.6662675,
18695700,6.958963,,1.73974075,
18696600,7.24236,,1.81059,
18697500,7.578237,,1.89455925,
18698400,7.798657,,1.94966425,
18699300,7.987588,,1.996897,
18700200,8.155527,,2.03888175,
18701100,8.344458,,2.0861145,
18702000,8.44942,,2.112355,
18702900,8.522893,,2.13072325,
18703800,8.564877,,2.14121925,
18704700,8.596366,,2.1490915,
18705600,8.575374,,2.1438435,
18706500,8.533389,,2.13334725,
18707400,8.44942,,2.112355,
18708300,8.323465,,2.08086625,
18709200,8.187015,,2.04675375,
18710100,8.019076,,2.004769,
18711000,7.819649,,1.95491225,
18711900,7.567741,,1.89193525,
18712800,7.315833,,1.82895825,
18713700,7.042932,,1.760733,
18714600,6.749039,,1.68725975,
18715500,6.402666,,1.6006665,
18716400,6.066788,,1.516697,
18717300,5.699422,,1.4248555,
18718200,5.32156,,1.33039,
18719100,4.901713,,1.22542825,
18720000,4.513355,,1.12833875,
18720900,4.1145,,1.028625,
18721800,3.705149,,0.92628725,
18722700,3.274806,,0.8187015,
18723600,2.865455,,0.71636375,
18724500,2.456105,,0.61402625,
18725400,2.05725,,0.5143125,
18726300,1.668892,,0.417223,
18727200,1.301525,,0.32538125,
18728100,0.955152,,0.238788,
18729000,0.650763,,0.16269075,
18729900,0.377862,,0.0944655,
18730800,0.178435,,0.04460875,
18731700,0,,0,
18732600,0,,0,
18733500,0,,0,
18734400,0,,0,
18735300,0,,0,
18736200,0,,0,
18737100,0,,0,
18738000,0,,0,
18738900,0,,0,
18739800,0,,0,
18740700,0,,0,
18741600,0,,0,
18742500,0,,0,
18743400,0,,0,
18744300,0,,0,
18745200,0,,0,
18746100,0,,0,
18747000,0,,0,
18747900,0,,0,
18748800,0,,0,
18749700,0,,0,
18750600,0,,0,
18751500,0,,0,
18752400,0,,0,
18753300,0,,0,
18754200,0,,0,
18755100,0,,0,
18756000,0,,0,
18756900,0,,0,
18757800,0,,0,
18758700,0,,0,
18759600,0,,0,
18760500,0,,0,
18761400,0,,0,
18762300,0,,0,
18763200,0,,0,
18764100,0,,0,
18765000,0.178435,,0.04460875,
18765900,0.388358,,0.0970895,
18766800,0.661259,,0.16531475,
18767700,0.976144,,0.244036,
18768600,1.333014,,0.3332535,
18769500,1.710876,,0.427719,
18770400,2.109731,,0.52743275,
18771300,2.508585,,0.62714625,
18772200,2.917936,,0.729484,
18773100,3.316791,,0.82919775,
18774000,3.736638,,0.9341595,
18774900,4.166981,,1.04174525,
18775800,4.586828,,1.146707,
18776700,4.954194,,1.2385485,
18777600,5.342552,,1.335638,
18778500,5.709918,,1.4274795,
18779400,6.066788,,1.516697,
18780300,6.381673,,1.59541825,
18781200,6.696559,,1.67413975,
18782100,6.990451,,1.74761275,
18783000,7.263352,,1.815838,
18783900,7.452283,,1.86307075,
18784800,7.672703,,1.91817575,
18785700,7.882626,,1.9706565,
18786600,8.050565,,2.01264125,
18787500,8.134534,,2.0336335,
18788400,8.239496,,2.059874,
18789300,8.291977,,2.07299425,
18790200,8.333962,,2.0834905,
18791100,8.386443,,2.09661075,
18792000,8.36545,,2.0913625,
18792900,8.291977,,2.07299425,
18793800,8.218504,,2.054626,
18794700,8.124038,,2.0310095,
18795600,7.987588,,1.996897,
18796500,7.777664,,1.944416,
18797400,7.557245,,1.88931125,
18798300,7.483772,,1.870943,
18799200,7.221367,,1.80534175,
18800100,6.937971,,1.73449275,
18801000,6.644078,,1.6610195,
18801900,6.329193,,1.58229825,
18802800,5.993315,,1.49832875,
18803700,5.625949,,1.40648725,
18804600,5.258583,,1.31464575,
18805500,4.849232,,1.212308,
18806400,4.450377,,1.11259425,
18807300,4.041027,,1.01025675,
18808200,3.631676,,0.907919,
18809100,3.190837,,0.79770925,
18810000,2.781486,,0.6953715,
18810900,2.382631,,0.59565775,
18811800,1.983777,,0.49594425,
18812700,1.574426,,0.3936065,
18813600,1.217556,,0.304389,
18814500,0.881679,,0.22041975,
18815400,0.57729,,0.1443225,
18816300,0.304389,,0.07609725,
18817200,0.115458,,0.0288645,
18818100,0,,0,
18819000,0,,0,
18819900,0,,0,
18820800,0,,0,
18821700,0,,0,
18822600,0,,0,
18823500,0,,0,
18824400,0,,0,
18825300,0,,0,
18826200,0,,0,
18827100,0,,0,
18828000,0,,0,
18828900,0,,0,
18829800,0,,0,
18830700,0,,0,
18831600,0,,0,
18832500,0,,0,
18833400,0,,0,
18834300,0,,0,
18835200,0,,0,
18836100,0,,0,
18837000,0,,0,
18837900,0,,0,
18838800,0,,0,
18839700,0,,0,
18840600,0,,0,
18841500,0,,0,
18842400,0,,0,
18843300,0,,0,
18844200,0,,0,
18845100,0,,0,
18846000,0,,0,
18846900,0,,0,
18847800,0,,0,
18848700,0,,0,
18849600,0,,0,
18850500,0,,0,
18851400,0.157443,,0.03936075,
18852300,0.367366,,0.0918415,
18853200,0.640267,,0.16006675,
18854100,0.955152,,0.238788,
18855000,1.301525,,0.32538125,
18855900,1.679388,,0.419847,
18856800,2.067746,,0.5169365,
18857700,2.477097,,0.61927425,
18858600,2.886448,,0.721612,
18859500,3.306295,,0.82657375,
18860400,3.726142,,0.9315355,
18861300,4.135492,,1.033873,
18862200,4.544843,,1.13621075,
18863100,4.954194,,1.2385485,
18864000,5.342552,,1.335638,
18864900,5.699422,,1.4248555,
18865800,6.056292,,1.514073,
18866700,6.423658,,1.6059145,
18867600,6.738543,,1.68463575,
18868500,7.032436,,1.758109,
18869400,7.315833,,1.82895825,
18870300,7.578237,,1.89455925,
18871200,7.809153,,1.95228825,
18872100,7.998084,,1.999521,
18873000,8.166023,,2.04150575,
18873900,8.302473,,2.07561825,
18874800,8.407435,,2.10185875,
18875700,8.480908,,2.120227,
18876600,8.533389,,2.13334725,
18877500,8.44942,,2.112355,
18878400,8.428427,,2.10710675,
18879300,8.375946,,2.0939865,
18880200,8.291977,,2.07299425,
18881100,8.208008,,2.052002,
18882000,8.061061,,2.01526525,
18882900,7.893122,,1.9732805,
18883800,7.693695,,1.92342375,
18884700,7.483772,,1.870943,
18885600,7.210871,,1.80271775,
18886500,6.937971,,1.73449275,
18887400,6.633582,,1.6583955,
18888300,6.318696,,1.579674,
18889200,5.993315,,1.49832875,
18890100,5.636445,,1.40911125,
18891000,5.258583,,1.31464575,
18891900,4.880721,,1.22018025,
18892800,4.481866,,1.1204665,
18893700,4.072515,,1.01812875,
18894600,3.652668,,0.913167,
18895500,3.243318,,0.8108295,
18896400,2.833967,,0.70849175,
18897300,2.41412,,0.60353,
18898200,2.025761,,0.50644025,
18899100,1.637403,,0.40935075,
18900000,1.259541,,0.31488525,
18900900,0.913167,,0.22829175,
18901800,0.598282,,0.1495705,
18902700,0.335878,,0.0839695,
18903600,0.13645,,0.0341125,
18904500,0,,0,
18905400,0,,0,
18906300,0,,0,
18907200,0,,0,
18908100,0,,0,
18909000,0,,0,
18909900,0,,0,
18910800,0,,0,
18911700,0,,0,
18912600,0,,0,
18913500,0,,0,
18914400,0,,0,
18915300,0,,0,
18916200,0,,0,
18917100,0,,0,
18918000,0,,0,
18918900,0,,0,
18919800,0,,0,
18920700,0,,0,
18921600,0,,0,
18922500,0,,0,
18923400,0,,0,
18924300,0,,0,
18925200,0,,0,
18926100,0,,0,
18927000,0,,0,
18927900,0,,0,
18928800,0,,0,
18929700,0,,0,
18930600,0,,0,
18931500,0,,0,
18932400,0,,0,
18933300,0,,0,
18934200,0,,0,
18935100,0,,0,
18936000,0,,0,
18936900,0,,0,
18937800,0.157443,,0.03936075,
18938700,0.367366,,0.0918415,
18939600,0.640267,,0.16006675,
18940500,0.955152,,0.238788,
18941400,1.312022,,0.3280055,
18942300,1.689884,,0.422471,
18943200,2.078242,,0.5195605,
18944100,2.487593,,0.62189825,
18945000,2.896944,,0.724236,
18945900,3.348279,,0.83706975,
18946800,3.768126,,0.9420315,
18947700,4.187973,,1.04699325,
18948600,4.597324,,1.149331,
18949500,5.038163,,1.25954075,
18950400,5.447514,,1.3618785,
18951300,5.825376,,1.456344,
18952200,6.17175,,1.5429375,
18953100,6.539116,,1.634779,
18954000,6.864497,,1.71612425,
18954900,7.168886,,1.7922215,
18955800,7.441787,,1.86044675,
18956700,7.704191,,1.92604775,
18957600,7.924611,,1.98115275,
18958500,8.124038,,2.0310095,
18959400,8.291977,,2.07299425,
18960300,8.438923,,2.10973075,
18961200,8.533389,,2.13334725,
18962100,8.627854,,2.1569635,
18963000,8.669839,,2.16745975,
18963900,8.543885,,2.13597125,
18964800,8.533389,,2.13334725,
18965700,8.480908,,2.120227,
18966600,8.396939,,2.09923475,
18967500,8.260488,,2.065122,
18968400,8.113542,,2.0283855,
18969300,7.945603,,1.98640075,
18970200,7.746176,,1.936544,
18971100,7.51526,,1.878815,
18972000,7.24236,,1.81059,
18972900,6.969459,,1.74236475,
18973800,6.66507,,1.6662675,
18974700,6.360681,,1.59017025,
18975600,6.024804,,1.506201,
18976500,5.657437,,1.41435925,
18977400,5.290071,,1.32251775,
18978300,4.870224,,1.217556,
18979200,4.47137,,1.1178425,
18980100,4.062019,,1.01550475,
18981000,3.642172,,0.910543,
18981900,3.222325,,0.80558125,
18982800,2.802478,,0.7006195,
18983700,2.393128,,0.598282,
18984600,1.983777,,0.49594425,
18985500,1.605915,,0.40147875,
18986400,1.228052,,0.307013,
18987300,0.881679,,0.22041975,
18988200,0.57729,,0.1443225,
18989100,0.314885,,0.07872125,
18990000,0.125954,,0.0314885,
18990900,0,,0,
18991800,0,,0,
18992700,0,,0,
18993600,0,,0,
18994500,0,,0,
18995400,0,,0,
18996300,0,,0,
18997200,0,,0,
18998100,0,,0,
18999000,0,,0,
18999900,0,,0,
19000800,0,,0,
19001700,0,,0,
19002600,0,,0,
19003500,0,,0,
19004400,0,,0,
19005300,0,,0,
19006200,0,,0,
19007100,0,,0,
19008000,0,,0,
19008900,0,,0,
19009800,0,,0,
19010700,0,,0,
19011600,0,,0,
19012500,0,,0,
19013400,0,,0,
19014300,0,,0,
19015200,0,,0,
19016100,0,,0,
19017000,0,,0,
19017900,0,,0,
19018800,0,,0,
19019700,0,,0,
19020600,0,,0,
19021500,0,,0,
19022400,0,,0,
19023300,0,,0,
19024200,0.125954,,0.0314885,
19025100,0.314885,,0.07872125,
19026000,0.566793,,0.14169825,
19026900,0.871182,,0.2177955,
19027800,1.20706,,0.301765,
19028700,1.574426,,0.3936065,
19029600,1.952288,,0.488072,
19030500,2.351143,,0.58778575,
19031400,2.739501,,0.68487525,
19032300,3.180341,,0.79508525,
19033200,3.589691,,0.89742275,
19034100,3.988546,,0.9971365,
19035000,4.397897,,1.09947425,
19035900,4.796751,,1.19918775,
19036800,5.18511,,1.2962775,
19037700,5.54198,,1.385495,
19038600,5.898849,,1.47471225,
19039500,6.224231,,1.55605775,
19040400,6.539116,,1.634779,
19041300,6.833009,,1.70825225,
19042200,7.105909,,1.77647725,
19043100,7.336825,,1.83420625,
19044000,7.557245,,1.88931125,
19044900,7.746176,,1.936544,
19045800,7.893122,,1.9732805,
19046700,8.029573,,2.00739325,
19047600,8.124038,,2.0310095,
19048500,8.187015,,2.04675375,
19049400,8.218504,,2.054626,
19050300,8.176519,,2.04412975,
19051200,8.145031,,2.03625775,
19052100,8.09255,,2.0231375,
19053000,8.019076,,2.004769,
19053900,7.819649,,1.95491225,
19054800,7.683199,,1.92079975,
19055700,7.51526,,1.878815,
19056600,7.336825,,1.83420625,
19057500,7.137398,,1.7843495,
19058400,6.895986,,1.7239965,
19059300,6.633582,,1.6583955,
19060200,6.339689,,1.58492225,
19061100,6.045796,,1.511449,
19062000,5.709918,,1.4274795,
19062900,5.363545,,1.34088625,
19063800,4.996179,,1.24904475,
19064700,4.618316,,1.154579,
19065600,4.229958,,1.0574895,
19066500,3.831103,,0.95777575,
19067400,3.432249,,0.85806225,
19068300,3.04389,,0.7609725,
19069200,2.63454,,0.658635,
19070100,2.235685,,0.55892125,
19071000,1.847327,,0.46183175,
19071900,1.500953,,0.37523825,
19072800,1.144083,,0.28602075,
19073700,0.818702,,0.2046755,
19074600,0.524809,,0.13120225,
19075500,0.293893,,0.07347325,
19076400,0.115458,,0.0288645,
19077300,0,,0,
19078200,0,,0,
19079100,0,,0,
19080000,0,,0,
19080900,0,,0,
19081800,0,,0,
19082700,0,,0,
19083600,0,,0,
19084500,0,,0,
19085400,0,,0,
19086300,0,,0,
19087200,0,,0,
19088100,0,,0,
19089000,0,,0,
19089900,0,,0,
19090800,0,,0,
19091700,0,,0,
19092600,0,,0,
19093500,0,,0,
19094400,0,,0,
19095300,0,,0,
19096200,0,,0,
19097100,0,,0,
19098000,0,,0,
19098900,0,,0,
19099800,0,,0,
19100700,0,,0,
19101600,0,,0,
19102500,0,,0,
19103400,0,,0,
19104300,0,,0,
19105200,0,,0,
19106100,0,,0,
19107000,0,,0,
19107900,0,,0,
19108800,0,,0,
19109700,0,,0,
19110600,0.146946,,0.0367365,
19111500,0.335878,,0.0839695,
19112400,0.598282,,0.1495705,
19113300,0.913167,,0.22829175,
19114200,1.270037,,0.31750925,
19115100,1.637403,,0.40935075,
19116000,2.036258,,0.5090645,
19116900,2.445608,,0.611402,
19117800,2.854959,,0.71373975,
19118700,3.253814,,0.8134535,
19119600,3.673661,,0.91841525,
19120500,4.093508,,1.023377,
19121400,4.502858,,1.1257145,
19122300,4.943698,,1.2359245,
19123200,5.332056,,1.333014,
19124100,5.709918,,1.4274795,
19125000,6.077284,,1.519321,
19125900,6.44465,,1.6111625,
19126800,6.770032,,1.692508,
19127700,7.063925,,1.76598125,
19128600,7.357818,,1.8394545,
19129500,7.641214,,1.9103035,
19130400,7.861634,,1.9654085,
19131300,8.082053,,2.02051325,
19132200,8.249992,,2.062498,
19133100,8.375946,,2.0939865,
19134000,8.480908,,2.120227,
19134900,8.554381,,2.13859525,
19135800,8.596366,,2.1490915,
19136700,8.575374,,2.1438435,
19137600,8.564877,,2.14121925,
19138500,8.512397,,2.12809925,
19139400,8.44942,,2.112355,
19140300,8.344458,,2.0861145,
19141200,8.197511,,2.04937775,
19142100,8.029573,,2.00739325,
19143000,7.819649,,1.95491225,
19143900,7.620222,,1.9050555,
19144800,7.357818,,1.8394545,
19145700,7.074421,,1.76860525,
19146600,6.770032,,1.692508,
19147500,6.423658,,1.6059145,
19148400,6.077284,,1.519321,
19149300,5.709918,,1.4274795,
19150200,5.332056,,1.333014,
19151100,4.933201,,1.23330025,
19152000,4.523851,,1.13096275,
19152900,4.104004,,1.026001,
19153800,3.684157,,0.92103925,
19154700,3.253814,,0.8134535,
19155600,2.844463,,0.71111575,
19156500,2.41412,,0.60353,
19157400,2.004769,,0.50119225,
19158300,1.605915,,0.40147875,
19159200,1.228052,,0.307013,
19160100,0.860686,,0.2151715,
19161000,0.545801,,0.13645025,
19161900,0.293893,,0.07347325,
19162800,0.115458,,0.0288645,
19163700,0,,0,
19164600,0,,0,
19165500,0,,0,
19166400,0,,0,
19167300,0,,0,
19168200,0,,0,
19169100,0,,0,
19170000,0,,0,
19170900,0,,0,
19171800,0,,0,
19172700,0,,0,
19173600,0,,0,
19174500,0,,0,
19175400,0,,0,
19176300,0,,0,
19177200,0,,0,
19178100,0,,0,
19179000,0,,0,
19179900,0,,0,
19180800,0,,0,
19181700,0,,0,
19182600,0,,0,
19183500,0,,0,
19184400,0,,0,
19185300,0,,0,
19186200,0,,0,
19187100,0,,0,
19188000,0,,0,
19188900,0,,0,
19189800,0,,0,
19190700,0,,0,
19191600,0,,0,
19192500,0,,0,
19193400,0,,0,
19194300,0,,0,
19195200,0,,0,
19196100,0,,0,
19197000,0.125954,,0.0314885,
19197900,0.325381,,0.08134525,
19198800,0.587786,,0.1469465,
19199700,0.913167,,0.22829175,
19200600,1.270037,,0.31750925,
19201500,1.658395,,0.41459875,
19202400,2.067746,,0.5169365,
19203300,2.477097,,0.61927425,
19204200,2.90744,,0.72686,
19205100,3.327287,,0.83182175,
19206000,3.75763,,0.9394075,
19206900,4.177477,,1.04436925,
19207800,4.597324,,1.149331,
19208700,5.017171,,1.25429275,
19209600,5.416025,,1.35400625,
19210500,5.804384,,1.451096,
19211400,6.161254,,1.5403135,
19212300,6.507627,,1.62690675,
19213200,6.822513,,1.70562825,
19214100,7.126902,,1.7817255,
19215000,7.410298,,1.8525745,
19215900,7.662207,,1.91555175,
19216800,7.893122,,1.9732805,
19217700,8.09255,,2.0231375,
19218600,8.260488,,2.065122,
19219500,8.407435,,2.10185875,
19220400,8.491404,,2.122851,
19221300,8.564877,,2.14121925,
19222200,8.606862,,2.1517155,
19223100,8.596366,,2.1490915,
19224000,8.554381,,2.13859525,
19224900,8.5019,,2.125475,
19225800,8.428427,,2.10710675,
19226700,8.323465,,2.08086625,
19227600,8.155527,,2.03888175,
19228500,7.977092,,1.994273,
19229400,7.777664,,1.944416,
19230300,7.546749,,1.88668725,
19231200,7.273848,,1.818462,
19232100,6.990451,,1.74761275,
19233000,6.686062,,1.6715155,
19233900,6.339689,,1.58492225,
19234800,5.993315,,1.49832875,
19235700,5.625949,,1.40648725,
19236600,5.248087,,1.31202175,
19237500,4.849232,,1.212308,
19238400,4.439881,,1.10997025,
19239300,4.020034,,1.0050085,
19240200,3.600187,,0.90004675,
19241100,3.169844,,0.792461,
19242000,2.739501,,0.68487525,
19242900,2.319654,,0.5799135,
19243800,1.9208,,0.4802,
19244700,1.521945,,0.38048625,
19245600,1.144083,,0.28602075,
19246500,0.808205,,0.20205125,
19247400,0.503816,,0.125954,
19248300,0.251908,,0.062977,
19249200,0,,0,
19250100,0,,0,
19251000,0,,0,
19251900,0,,0,
19252800,0,,0,
19253700,0,,0,
19254600,0,,0,
19255500,0,,0,
19256400,0,,0,
19257300,0,,0,
19258200,0,,0,
19259100,0,,0,
19260000,0,,0,
19260900,0,,0,
19261800,0,,0,
19262700,0,,0,
19263600,0,,0,
19264500,0,,0,
19265400,0,,0,
19266300,0,,0,
19267200,0,,0,
19268100,0,,0,
19269000,0,,0,
19269900,0,,0,
19270800,0,,0,
19271700,0,,0,
19272600,0,,0,
19273500,0,,0,
19274400,0,,0,
19275300,0,,0,
19276200,0,,0,
19277100,0,,0,
19278000,0,,0,
19278900,0,,0,
19279800,0,,0,
19280700,0,,0,
19281600,0,,0,
19282500,0,,0,
19283400,0.104962,,0.0262405,
19284300,0.283397,,0.07084925,
19285200,0.545801,,0.13645025,
19286100,0.85019,,0.2125475,
19287000,1.196564,,0.299141,
19287900,1.574426,,0.3936065,
19288800,1.973281,,0.49332025,
19289700,2.382631,,0.59565775,
19290600,2.791982,,0.6979955,
19291500,3.201333,,0.80033325,
19292400,3.62118,,0.905295,
19293300,4.041027,,1.01025675,
19294200,4.450377,,1.11259425,
19295100,4.859728,,1.214932,
19296000,5.248087,,1.31202175,
19296900,5.625949,,1.40648725,
19297800,5.982819,,1.49570475,
19298700,6.339689,,1.58492225,
19299600,6.66507,,1.6662675,
19300500,6.958963,,1.73974075,
19301400,7.24236,,1.81059,
19302300,7.473275,,1.86831875,
19303200,7.683199,,1.92079975,
19304100,7.882626,,1.9706565,
19305000,8.040069,,2.01001725,
19305900,8.155527,,2.03888175,
19306800,8.260488,,2.065122,
19307700,8.344458,,2.0861145,
19308600,8.386443,,2.09661075,
19309500,8.071557,,2.01788925,
19310400,8.050565,,2.01264125,
19311300,7.998084,,1.999521,
19312200,7.924611,,1.98115275,
19313100,7.788161,,1.94704025,
19314000,7.662207,,1.91555175,
19314900,7.473275,,1.86831875,
19315800,7.273848,,1.818462,
19316700,7.032436,,1.758109,
19317600,6.780528,,1.695132,
19318500,6.507627,,1.62690675,
19319400,6.203238,,1.5508095,
19320300,5.888353,,1.47208825,
19321200,5.531483,,1.38287075,
19322100,5.174613,,1.29365325,
19323000,4.807247,,1.20181175,
19323900,4.439881,,1.10997025,
19324800,4.051523,,1.01288075,
19325700,3.652668,,0.913167,
19326600,3.243318,,0.8108295,
19327500,2.896944,,0.724236,
19328400,2.498089,,0.62452225,
19329300,2.078242,,0.5195605,
19330200,1.689884,,0.422471,
19331100,1.364503,,0.34112575,
19332000,1.007633,,0.25190825,
19332900,0.692747,,0.17318675,
19333800,0.409351,,0.10233775,
19334700,0.188931,,0.04723275,
19335600,0,,0,
19336500,0,,0,
19337400,0,,0,
19338300,0,,0,
19339200,0,,0,
19340100,0,,0,
19341000,0,,0,
19341900,0,,0,
19342800,0,,0,
19343700,0,,0,
19344600,0,,0,
19345500,0,,0,
19346400,0,,0,
19347300,0,,0,
19348200,0,,0,
19349100,0,,0,
19350000,0,,0,
19350900,0,,0,
19351800,0,,0,
19352700,0,,0,
19353600,0,,0,
19354500,0,,0,
19355400,0,,0,
19356300,0,,0,
19357200,0,,0,
19358100,0,,0,
19359000,0,,0,
19359900,0,,0,
19360800,0,,0,
19361700,0,,0,
19362600,0,,0,
19363500,0,,0,
19364400,0,,0,
19365300,0,,0,
19366200,0,,0,
19367100,0,,0,
19368000,0,,0,
19368900,0,,0,
19369800,0,,0,
19370700,0.230916,,0.057729,
19371600,0.472328,,0.118082,
19372500,0.766221,,0.19155525,
19373400,1.102098,,0.2755245,
19374300,1.469464,,0.367366,
19375200,1.857823,,0.46445575,
19376100,2.256677,,0.56416925,
19377000,2.666028,,0.666507,
19377900,3.106867,,0.77671675,
19378800,3.516218,,0.8790545,
19379700,3.936065,,0.98401625,
19380600,4.33492,,1.08373,
19381500,4.74427,,1.1860675,
19382400,5.132629,,1.28315725,
19383300,5.510491,,1.37762275,
19384200,5.867361,,1.46684025,
19385100,6.203238,,1.5508095,
19386000,6.52862,,1.632155,
19386900,6.833009,,1.70825225,
19387800,7.116406,,1.7791015,
19388700,7.368314,,1.8420785,
19389600,7.59923,,1.8998075,
19390500,7.788161,,1.94704025,
19391400,7.935107,,1.98377675,
19392300,8.09255,,2.0231375,
19393200,8.197511,,2.04937775,
19394100,8.281481,,2.07037025,
19395000,8.323465,,2.08086625,
19395900,7.945603,,1.98640075,
19396800,7.903619,,1.97590475,
19397700,7.861634,,1.9654085,
19398600,7.798657,,1.94966425,
19399500,7.73568,,1.93392,
19400400,7.59923,,1.8998075,
19401300,7.420795,,1.85519875,
19402200,7.221367,,1.80534175,
19403100,7.095413,,1.77385325,
19404000,6.833009,,1.70825225,
19404900,6.560108,,1.640027,
19405800,6.255719,,1.56392975,
19406700,5.961826,,1.4904565,
19407600,5.625949,,1.40648725,
19408500,5.258583,,1.31464575,
19409400,4.880721,,1.22018025,
19410300,4.513355,,1.12833875,
19411200,4.1145,,1.028625,
19412100,3.715645,,0.92891125,
19413000,3.295798,,0.8239495,
19413900,2.90744,,0.72686,
19414800,2.498089,,0.62452225,
19415700,2.078242,,0.5195605,
19416600,1.689884,,0.422471,
19417500,1.322518,,0.3306295,
19418400,0.965648,,0.241412,
19419300,0.650763,,0.16269075,
19420200,0.367366,,0.0918415,
19421100,0.146946,,0.0367365,
19422000,0,,0,
19422900,0,,0,
19423800,0,,0,
19424700,0,,0,
19425600,0,,0,
19426500,0,,0,
19427400,0,,0,
19428300,0,,0,
19429200,0,,0,
19430100,0,,0,
19431000,0,,0,
19431900,0,,0,
19432800,0,,0,
19433700,0,,0,
19434600,0,,0,
19435500,0,,0,
19436400,0,,0,
19437300,0,,0,
19438200,0,,0,
19439100,0,,0,
19440000,0,,0,
19440900,0,,0,
19441800,0,,0,
19442700,0,,0,
19443600,0,,0,
19444500,0,,0,
19445400,0,,0,
19446300,0,,0,
19447200,0,,0,
19448100,0,,0,
19449000,0,,0,
19449900,0,,0,
19450800,0,,0,
19451700,0,,0,
19452600,0,,0,
19453500,0,,0,
19454400,0,,0,
19455300,0,,0,
19456200,0,,0,
19457100,0.230916,,0.057729,
19458000,0.472328,,0.118082,
19458900,0.766221,,0.19155525,
19459800,1.112594,,0.2781485,
19460700,1.500953,,0.37523825,
19461600,1.889311,,0.47232775,
19462500,2.298662,,0.5746655,
19463400,2.708013,,0.67700325,
19464300,3.169844,,0.792461,
19465200,3.589691,,0.89742275,
19466100,4.020034,,1.0050085,
19467000,4.418889,,1.10472225,
19467900,4.849232,,1.212308,
19468800,5.248087,,1.31202175,
19469700,5.625949,,1.40648725,
19470600,5.972323,,1.49308075,
19471500,6.3082,,1.57705,
19472400,6.633582,,1.6583955,
19473300,6.916978,,1.7292445,
19474200,7.200375,,1.80009375,
19475100,7.441787,,1.86044675,
19476000,7.672703,,1.91817575,
19476900,7.861634,,1.9654085,
19477800,8.00858,,2.002145,
19478700,8.155527,,2.03888175,
19479600,8.239496,,2.059874,
19480500,8.323465,,2.08086625,
19481400,8.36545,,2.0913625,
19482300,8.312969,,2.07824225,
19483200,8.291977,,2.07299425,
19484100,8.218504,,2.054626,
19485000,8.134534,,2.0336335,
19485900,8.029573,,2.00739325,
19486800,7.861634,,1.9654085,
19487700,7.683199,,1.92079975,
19488600,7.483772,,1.870943,
19489500,7.263352,,1.815838,
19490400,7.011444,,1.752861,
19491300,6.728047,,1.68201175,
19492200,6.423658,,1.6059145,
19493100,6.098277,,1.52456925,
19494000,5.751903,,1.43797575,
19494900,5.395033,,1.34875825,
19495800,5.017171,,1.25429275,
19496700,4.618316,,1.154579,
19497600,4.208966,,1.0522415,
19498500,3.799615,,0.94990375,
19499400,3.40076,,0.85019,
19500300,2.959921,,0.73998025,
19501200,2.540074,,0.6350185,
19502100,2.141219,,0.53530475,
19503000,1.742365,,0.43559125,
19503900,1.34351,,0.3358775,
19504800,0.98664,,0.24666,
19505700,0.661259,,0.16531475,
19506600,0.377862,,0.0944655,
19507500,0.157443,,0.03936075,
19508400,0,,0,
19509300,0,,0,
19510200,0,,0,
19511100,0,,0,
19512000,0,,0,
19512900,0,,0,
19513800,0,,0,
19514700,0,,0,
19515600,0,,0,
19516500,0,,0,
19517400,0,,0,
19518300,0,,0,
19519200,0,,0,
19520100,0,,0,
19521000,0,,0,
19521900,0,,0,
19522800,0,,0,
19523700,0,,0,
19524600,0,,0,
19525500,0,,0,
19526400,0,,0,
19527300,0,,0,
19528200,0,,0,
19529100,0,,0,
19530000,0,,0,
19530900,0,,0,
19531800,0,,0,
19532700,0,,0,
19533600,0,,0,
19534500,0,,0,
19535400,0,,0,
19536300,0,,0,
19537200,0,,0,
19538100,0,,0,
19539000,0,,0,
19539900,0,,0,
19540800,0,,0,
19541700,0,,0,
19542600,0,,0,
19543500,0.22042,,0.055105,
19544400,0.451335,,0.11283375,
19545300,0.745228,,0.186307,
19546200,1.081106,,0.2702765,
19547100,1.437976,,0.359494,
19548000,1.815838,,0.4539595,
19548900,2.214693,,0.55367325,
19549800,2.63454,,0.658635,
19550700,3.04389,,0.7609725,
19551600,3.453241,,0.86331025,
19552500,3.862592,,0.965648,
19553400,4.261446,,1.0653615,
19554300,4.681293,,1.17032325,
19555200,5.059156,,1.264789,
19556100,5.437018,,1.3592545,
19557000,5.793888,,1.448472,
19557900,6.108773,,1.52719325,
19558800,6.423658,,1.6059145,
19559700,6.728047,,1.68201175,
19560600,7.000948,,1.750237,
19561500,7.221367,,1.80534175,
19562400,7.441787,,1.86044675,
19563300,7.641214,,1.9103035,
19564200,7.809153,,1.95228825,
19565100,7.966596,,1.991649,
19566000,8.071557,,2.01788925,
19566900,8.145031,,2.03625775,
19567800,8.187015,,2.04675375,
19568700,8.166023,,2.04150575,
19569600,8.155527,,2.03888175,
19570500,8.103046,,2.0257615,
19571400,8.019076,,2.004769,
19572300,7.924611,,1.98115275,
19573200,7.777664,,1.944416,
19574100,7.609726,,1.9024315,
19575000,7.399802,,1.8499505,
19575900,7.189879,,1.79746975,
19576800,6.927474,,1.7318685,
19577700,6.654574,,1.6636435,
19578600,6.350185,,1.58754625,
19579500,5.993315,,1.49832875,
19580400,5.646941,,1.41173525,
19581300,5.290071,,1.32251775,
19582200,4.912209,,1.22805225,
19583100,4.502858,,1.1257145,
19584000,4.104004,,1.026001,
19584900,3.694653,,0.92366325,
19585800,3.285302,,0.8213255,
19586700,2.865455,,0.71636375,
19587600,2.456105,,0.61402625,
19588500,2.046754,,0.5116885,
19589400,1.658395,,0.41459875,
19590300,1.280533,,0.32013325,
19591200,0.934159,,0.23353975,
19592100,0.619274,,0.1548185,
19593000,0.346374,,0.0865935,
19593900,0.146946,,0.0367365,
19594800,0,,0,
19595700,0,,0,
19596600,0,,0,
19597500,0,,0,
19598400,0,,0,
19599300,0,,0,
19600200,0,,0,
19601100,0,,0,
19602000,0,,0,
19602900,0,,0,
19603800,0,,0,
19604700,0,,0,
19605600,0,,0,
19606500,0,,0,
19607400,0,,0,
19608300,0,,0,
19609200,0,,0,
19610100,0,,0,
19611000,0,,0,
19611900,0,,0,
19612800,0,,0,
19613700,0,,0,
19614600,0,,0,
19615500,0,,0,
19616400,0,,0,
19617300,0,,0,
19618200,0,,0,
19619100,0,,0,
19620000,0,,0,
19620900,0,,0,
19621800,0,,0,
19622700,0,,0,
19623600,0,,0,
19624500,0,,0,
19625400,0,,0,
19626300,0,,0,
19627200,0,,0,
19628100,0,,0,
19629000,0,,0,
19629900,0.209923,,0.05248075,
19630800,0.451335,,0.11283375,
19631700,0.755724,,0.188931,
19632600,1.091602,,0.2729005,
19633500,1.469464,,0.367366,
19634400,1.868319,,0.46707975,
19635300,2.267173,,0.56679325,
19636200,2.68702,,0.671755,
19637100,3.106867,,0.77671675,
19638000,3.526714,,0.8816785,
19638900,3.946561,,0.98664025,
19639800,4.345416,,1.086354,
19640700,4.74427,,1.1860675,
19641600,5.132629,,1.28315725,
19642500,5.499995,,1.37499875,
19643400,5.856865,,1.46421625,
19644300,6.17175,,1.5429375,
19645200,6.497131,,1.62428275,
19646100,6.80152,,1.70038,
19647000,7.074421,,1.76860525,
19647900,7.326329,,1.83158225,
19648800,7.546749,,1.88668725,
19649700,7.746176,,1.936544,
19650600,7.903619,,1.97590475,
19651500,8.050565,,2.01264125,
19652400,8.155527,,2.03888175,
19653300,8.229,,2.05725,
19654200,8.270985,,2.06774625,
19655100,8.302473,,2.07561825,
19656000,8.281481,,2.07037025,
19656900,8.229,,2.05725,
19657800,8.145031,,2.03625775,
19658700,8.040069,,2.01001725,
19659600,7.87213,,1.9680325,
19660500,7.693695,,1.92342375,
19661400,7.494268,,1.873567,
19662300,7.252856,,1.813214,
19663200,6.990451,,1.74761275,
19664100,6.707055,,1.67676375,
19665000,6.402666,,1.6006665,
19665900,6.0353,,1.508825,
19666800,5.688926,,1.4222315,
19667700,5.332056,,1.333014,
19668600,4.933201,,1.23330025,
19669500,4.513355,,1.12833875,
19670400,4.1145,,1.028625,
19671300,3.694653,,0.92366325,
19672200,3.285302,,0.8213255,
19673100,2.875951,,0.71898775,
19674000,2.456105,,0.61402625,
19674900,2.046754,,0.5116885,
19675800,1.647899,,0.41197475,
19676700,1.280533,,0.32013325,
19677600,0.923663,,0.23091575,
19678500,0.608778,,0.1521945,
19679400,0.335878,,0.0839695,
19680300,0.13645,,0.0341125,
19681200,0,,0,
19682100,0,,0,
19683000,0,,0,
19683900,0,,0,
19684800,0,,0,
19685700,0,,0,
19686600,0,,0,
19687500,0,,0,
19688400,0,,0,
19689300,0,,0,
19690200,0,,0,
19691100,0,,0,
19692000,0,,0,
19692900,0,,0,
19693800,0,,0,
19694700,0,,0,
19695600,0,,0,
19696500,0,,0,
19697400,0,,0,
19698300,0,,0,
19699200,0,,0,
19700100,0,,0,
19701000,0,,0,
19701900,0,,0,
19702800,0,,0,
19703700,0,,0,
19704600,0,,0,
19705500,0,,0,
19706400,0,,0,
19707300,0,,0,
19708200,0,,0,
19709100,0,,0,
19710000,0,,0,
19710900,0,,0,
19711800,0,,0,
19712700,0,,0,
19713600,0,,0,
19714500,0,,0,
19715400,0,,0,
19716300,0.188931,,0.04723275,
19717200,0.419847,,0.10496175,
19718100,0.703244,,0.175811,
19719000,1.049617,,0.26240425,
19719900,1.406487,,0.35162175,
19720800,1.784349,,0.44608725,
19721700,2.183204,,0.545801,
19722600,2.592555,,0.64813875,
19723500,3.001906,,0.7504765,
19724400,3.421753,,0.85543825,
19725300,3.841599,,0.96039975,
19726200,4.240454,,1.0601135,
19727100,4.618316,,1.154579,
19728000,5.006675,,1.25166875,
19728900,5.384537,,1.34613425,
19729800,5.741407,,1.43535175,
19730700,6.056292,,1.514073,
19731600,6.381673,,1.59541825,
19732500,6.675566,,1.6688915,
19733400,6.927474,,1.7318685,
19734300,7.15839,,1.7895975,
19735200,7.37881,,1.8447025,
19736100,7.567741,,1.89193525,
19737000,7.73568,,1.93392,
19737900,7.851138,,1.9627845,
19738800,7.945603,,1.98640075,
19739700,8.019076,,2.004769,
19740600,8.050565,,2.01264125,
19741500,8.029573,,2.00739325,
19742400,7.998084,,1.999521,
19743300,7.956099,,1.98902475,
19744200,7.851138,,1.9627845,
19745100,7.704191,,1.92604775,
19746000,7.567741,,1.89193525,
19746900,7.389306,,1.8473265,
19747800,7.189879,,1.79746975,
19748700,6.948467,,1.73711675,
19749600,6.686062,,1.6715155,
19750500,6.413162,,1.6032905,
19751400,6.108773,,1.52719325,
19752300,5.751903,,1.43797575,
19753200,5.395033,,1.34875825,
19754100,5.038163,,1.25954075,
19755000,4.670797,,1.16769925,
19755900,4.282439,,1.07060975,
19756800,3.883584,,0.970896,
19757700,3.495226,,0.8738065,
19758600,3.085875,,0.77146875,
19759500,2.708013,,0.67700325,
19760400,2.298662,,0.5746655,
19761300,1.910304,,0.477576,
19762200,1.532441,,0.38311025,
19763100,1.154579,,0.28864475,
19764000,0.818702,,0.2046755,
19764900,0.524809,,0.13120225,
19765800,0.272901,,0.06822525,
19766700,0.094466,,0.0236165,
19767600,0,,0,
19768500,0,,0,
19769400,0,,0,
19770300,0,,0,
19771200,0,,0,
19772100,0,,0,
19773000,0,,0,
19773900,0,,0,
19774800,0,,0,
19775700,0,,0,
19776600,0,,0,
19777500,0,,0,
19778400,0,,0,
19779300,0,,0,
19780200,0,,0,
19781100,0,,0,
19782000,0,,0,
19782900,0,,0,
19783800,0,,0,
19784700,0,,0,
19785600,0,,0,
19786500,0,,0,
19787400,0,,0,
19788300,0,,0,
19789200,0,,0,
19790100,0,,0,
19791000,0,,0,
19791900,0,,0,
19792800,0,,0,
19793700,0,,0,
19794600,0,,0,
19795500,0,,0,
19796400,0,,0,
19797300,0,,0,
19798200,0,,0,
19799100,0,,0,
19800000,0,,0,
19800900,0,,0,
19801800,0,,0,
19802700,0.167939,,0.04198475,
19803600,0.377862,,0.0944655,
19804500,0.650763,,0.16269075,
19805400,0.976144,,0.244036,
19806300,1.322518,,0.3306295,
19807200,1.70038,,0.425095,
19808100,2.088738,,0.5221845,
19809000,2.487593,,0.62189825,
19809900,2.90744,,0.72686,
19810800,3.316791,,0.82919775,
19811700,3.726142,,0.9315355,
19812600,4.124996,,1.031249,
19813500,4.555339,,1.13883475,
19814400,4.933201,,1.23330025,
19815300,5.300568,,1.325142,
19816200,5.657437,,1.41435925,
19817100,5.919842,,1.4799605,
19818000,6.234727,,1.55868175,
19818900,6.539116,,1.634779,
19819800,6.812017,,1.70300425,
19820700,7.053428,,1.763357,
19821600,7.273848,,1.818462,
19822500,7.462779,,1.86569475,
19823400,7.641214,,1.9103035,
19824300,7.798657,,1.94966425,
19825200,7.914115,,1.97852875,
19826100,7.998084,,1.999521,
19827000,8.040069,,2.01001725,
19827900,7.966596,,1.991649,
19828800,7.956099,,1.98902475,
19829700,7.924611,,1.98115275,
19830600,7.851138,,1.9627845,
19831500,7.746176,,1.936544,
19832400,7.609726,,1.9024315,
19833300,7.452283,,1.86307075,
19834200,7.263352,,1.815838,
19835100,7.042932,,1.760733,
19836000,6.80152,,1.70038,
19836900,6.507627,,1.62690675,
19837800,6.192742,,1.5481855,
19838700,5.888353,,1.47208825,
19839600,5.54198,,1.385495,
19840500,5.174613,,1.29365325,
19841400,4.807247,,1.20181175,
19842300,4.450377,,1.11259425,
19843200,4.051523,,1.01288075,
19844100,3.642172,,0.910543,
19845000,3.211829,,0.80295725,
19845900,2.844463,,0.71111575,
19846800,2.424616,,0.606154,
19847700,2.015265,,0.50381625,
19848600,1.605915,,0.40147875,
19849500,1.238548,,0.309637,
19850400,0.871182,,0.2177955,
19851300,0.545801,,0.13645025,
19852200,0.283397,,0.07084925,
19853100,0.104962,,0.0262405,
19854000,0,,0,
19854900,0,,0,
19855800,0,,0,
19856700,0,,0,
19857600,0,,0,
19858500,0,,0,
19859400,0,,0,
19860300,0,,0,
19861200,0,,0,
19862100,0,,0,
19863000,0,,0,
19863900,0,,0,
19864800,0,,0,
19865700,0,,0,
19866600,0,,0,
19867500,0,,0,
19868400,0,,0,
19869300,0,,0,
19870200,0,,0,
19871100,0,,0,
19872000,0,,0,
19872900,0,,0,
19873800,0,,0,
19874700,0,,0,
19875600,0,,0,
19876500,0,,0,
19877400,0,,0,
19878300,0,,0,
19879200,0,,0,
19880100,0,,0,
19881000,0,,0,
19881900,0,,0,
19882800,0,,0,
19883700,0,,0,
19884600,0,,0,
19885500,0,,0,
19886400,0,,0,
19887300,0,,0,
19888200,0,,0,
19889100,0.146946,,0.0367365,
19890000,0.35687,,0.0892175,
19890900,0.62977,,0.1574425,
19891800,0.965648,,0.241412,
19892700,1.333014,,0.3332535,
19893600,1.731869,,0.43296725,
19894500,2.141219,,0.53530475,
19895400,2.55057,,0.6376425,
19896300,2.991409,,0.74785225,
19897200,3.421753,,0.85543825,
19898100,3.841599,,0.96039975,
19899000,4.25095,,1.0627375,
19899900,4.691789,,1.17294725,
19900800,5.090644,,1.272661,
19901700,5.468506,,1.3671265,
19902600,5.846369,,1.46159225,
19903500,6.140261,,1.53506525,
19904400,6.465643,,1.61641075,
19905300,6.770032,,1.692508,
19906200,7.042932,,1.760733,
19907100,7.305337,,1.82633425,
19908000,7.536252,,1.884063,
19908900,7.73568,,1.93392,
19909800,7.893122,,1.9732805,
19910700,8.040069,,2.01001725,
19911600,8.145031,,2.03625775,
19912500,8.208008,,2.052002,
19913400,8.260488,,2.065122,
19914300,8.166023,,2.04150575,
19915200,8.145031,,2.03625775,
19916100,8.071557,,2.01788925,
19917000,7.977092,,1.994273,
19917900,7.840641,,1.96016025,
19918800,7.693695,,1.92342375,
19919700,7.51526,,1.878815,
19920600,7.305337,,1.82633425,
19921500,7.084917,,1.77122925,
19922400,6.822513,,1.70562825,
19923300,6.52862,,1.632155,
19924200,6.224231,,1.55605775,
19925100,5.877857,,1.46946425,
19926000,5.520987,,1.38024675,
19926900,5.153621,,1.28840525,
19927800,4.775759,,1.19393975,
19928700,4.3874,,1.09685,
19929600,3.97805,,0.9945125,
19930500,3.568699,,0.89217475,
19931400,3.148852,,0.787213,
19932300,2.729005,,0.68225125,
19933200,2.319654,,0.5799135,
19934100,1.910304,,0.477576,
19935000,1.511449,,0.37786225,
19935900,1.133587,,0.28339675,
19936800,0.787213,,0.19680325,
19937700,0.482824,,0.120706,
19938600,0.230916,,0.057729,
19939500,0,,0,
19940400,0,,0,
19941300,0,,0,
19942200,0,,0,
19943100,0,,0,
19944000,0,,0,
19944900,0,,0,
19945800,0,,0,
19946700,0,,0,
19947600,0,,0,
19948500,0,,0,
19949400,0,,0,
19950300,0,,0,
19951200,0,,0,
19952100,0,,0,
19953000,0,,0,
19953900,0,,0,
19954800,0,,0,
19955700,0,,0,
19956600,0,,0,
19957500,0,,0,
19958400,0,,0,
19959300,0,,0,
19960200,0,,0,
19961100,0,,0,
19962000,0,,0,
19962900,0,,0,
19963800,0,,0,
19964700,0,,0,
19965600,0,,0,
19966500,0,,0,
19967400,0,,0,
19968300,0,,0,
19969200,0,,0,
19970100,0,,0,
19971000,0,,0,
19971900,0,,0,
19972800,0,,0,
19973700,0,,0,
19974600,0,,0,
19975500,0.125954,,0.0314885,
19976400,0.335878,,0.0839695,
19977300,0.608778,,0.1521945,
19978200,0.944656,,0.236164,
19979100,1.301525,,0.32538125,
19980000,1.689884,,0.422471,
19980900,2.099235,,0.52480875,
19981800,2.508585,,0.62714625,
19982700,2.949425,,0.73735625,
19983600,3.379768,,0.844942,
19984500,3.799615,,0.94990375,
19985400,4.208966,,1.0522415,
19986300,4.618316,,1.154579,
19987200,5.006675,,1.25166875,
19988100,5.395033,,1.34875825,
19989000,5.751903,,1.43797575,
19989900,6.098277,,1.52456925,
19990800,6.423658,,1.6059145,
19991700,6.728047,,1.68201175,
19992600,7.000948,,1.750237,
19993500,7.252856,,1.813214,
19994400,7.473275,,1.86831875,
19995300,7.672703,,1.91817575,
19996200,7.840641,,1.96016025,
19997100,7.977092,,1.994273,
19998000,8.082053,,2.02051325,
19998900,8.155527,,2.03888175,
19999800,8.208008,,2.052002,
20000700,8.071557,,2.01788925,
20001600,8.050565,,2.01264125,
20002500,7.987588,,1.996897,
20003400,7.903619,,1.97590475,
20004300,7.767168,,1.941792,
20005200,7.630718,,1.9076795,
20006100,7.452283,,1.86307075,
20007000,7.221367,,1.80534175,
20007900,6.948467,,1.73711675,
20008800,6.686062,,1.6715155,
20009700,6.402666,,1.6006665,
20010600,6.098277,,1.52456925,
20011500,5.730911,,1.43272775,
20012400,5.405529,,1.35138225,
20013300,5.038163,,1.25954075,
20014200,4.649805,,1.16245125,
20015100,4.271943,,1.06798575,
20016000,3.852096,,0.963024,
20016900,3.442745,,0.86068625,
20017800,3.04389,,0.7609725,
20018700,2.655532,,0.663883,
20019600,2.246181,,0.56154525,
20020500,1.83683,,0.4592075,
20021400,1.448472,,0.362118,
20022300,1.091602,,0.2729005,
20023200,0.745228,,0.186307,
20024100,0.451335,,0.11283375,
20025000,0.209923,,0.05248075,
20025900,0,,0,
20026800,0,,0,
20027700,0,,0,
20028600,0,,0,
20029500,0,,0,
20030400,0,,0,
20031300,0,,0,
20032200,0,,0,
20033100,0,,0,
20034000,0,,0,
20034900,0,,0,
20035800,0,,0,
20036700,0,,0,
20037600,0,,0,
20038500,0,,0,
20039400,0,,0,
20040300,0,,0,
20041200,0,,0,
20042100,0,,0,
20043000,0,,0,
20043900,0,,0,
20044800,0,,0,
20045700,0,,0,
20046600,0,,0,
20047500,0,,0,
20048400,0,,0,
20049300,0,,0,
20050200,0,,0,
20051100,0,,0,
20052000,0,,0,
20052900,0,,0,
20053800,0,,0,
20054700,0,,0,
20055600,0,,0,
20056500,0,,0,
20057400,0,,0,
20058300,0,,0,
20059200,0,,0,
20060100,0,,0,
20061000,0,,0,
20061900,0.104962,,0.0262405,
20062800,0.304389,,0.07609725,
20063700,0.57729,,0.1443225,
20064600,0.902671,,0.22566775,
20065500,1.259541,,0.31488525,
20066400,1.647899,,0.41197475,
20067300,2.05725,,0.5143125,
20068200,2.466601,,0.61665025,
20069100,2.90744,,0.72686,
20070000,3.327287,,0.83182175,
20070900,3.747134,,0.9367835,
20071800,4.166981,,1.04174525,
20072700,4.586828,,1.146707,
20073600,4.975186,,1.2437965,
20074500,5.363545,,1.34088625,
20075400,5.730911,,1.43272775,
20076300,6.014307,,1.50357675,
20077200,6.339689,,1.58492225,
20078100,6.644078,,1.6610195,
20079000,6.895986,,1.7239965,
20079900,7.147894,,1.7869735,
20080800,7.368314,,1.8420785,
20081700,7.567741,,1.89193525,
20082600,7.746176,,1.936544,
20083500,7.87213,,1.9680325,
20084400,7.977092,,1.994273,
20085300,8.040069,,2.01001725,
20086200,8.061061,,2.01526525,
20087100,8.082053,,2.02051325,
20088000,8.050565,,2.01264125,
20088900,7.998084,,1.999521,
20089800,7.914115,,1.97852875,
20090700,7.788161,,1.94704025,
20091600,7.641214,,1.9103035,
20092500,7.441787,,1.86044675,
20093400,7.231863,,1.80796575,
20094300,6.990451,,1.74761275,
20095200,6.728047,,1.68201175,
20096100,6.44465,,1.6111625,
20097000,6.129765,,1.53244125,
20097900,5.804384,,1.451096,
20098800,5.447514,,1.3618785,
20099700,5.080148,,1.270037,
20100600,4.691789,,1.17294725,
20101500,4.292935,,1.07323375,
20102400,3.883584,,0.970896,
20103300,3.463737,,0.86593425,
20104200,3.054386,,0.7635965,
20105100,2.666028,,0.666507,
20106000,2.235685,,0.55892125,
20106900,1.826334,,0.4565835,
20107800,1.437976,,0.359494,
20108700,1.081106,,0.2702765,
20109600,0.734732,,0.183683,
20110500,0.430343,,0.10758575,
20111400,0.188931,,0.04723275,
20112300,0,,0,
20113200,0,,0,
20114100,0,,0,
20115000,0,,0,
20115900,0,,0,
20116800,0,,0,
20117700,0,,0,
20118600,0,,0,
20119500,0,,0,
20120400,0,,0,
20121300,0,,0,
20122200,0,,0,
20123100,0,,0,
20124000,0,,0,
20124900,0,,0,
20125800,0,,0,
20126700,0,,0,
20127600,0,,0,
20128500,0,,0,
20129400,0,,0,
20130300,0,,0,
20131200,0,,0,
20132100,0,,0,
20133000,0,,0,
20133900,0,,0,
20134800,0,,0,
20135700,0,,0,
20136600,0,,0,
20137500,0,,0,
20138400,0,,0,
20139300,0,,0,
20140200,0,,0,
20141100,0,,0,
20142000,0,,0,
20142900,0,,0,
20143800,0,,0,
20144700,0,,0,
20145600,0,,0,
20146500,0,,0,
20147400,0,,0,
20148300,0.094466,,0.0236165,
20149200,0.283397,,0.07084925,
20150100,0.556297,,0.13907425,
20151000,0.871182,,0.2177955,
20151900,1.238548,,0.309637,
20152800,1.616411,,0.40410275,
20153700,2.025761,,0.50644025,
20154600,2.435112,,0.608778,
20155500,2.854959,,0.71373975,
20156400,3.285302,,0.8213255,
20157300,3.705149,,0.92628725,
20158200,4.1145,,1.028625,
20159100,4.502858,,1.1257145,
20160000,4.891217,,1.22280425,
20160900,5.269079,,1.31726975,
20161800,5.636445,,1.40911125,
20162700,5.972323,,1.49308075,
20163600,6.276712,,1.569178,
20164500,6.570605,,1.64265125,
20165400,6.843505,,1.71087625,
20166300,7.095413,,1.77385325,
20167200,7.315833,,1.82895825,
20168100,7.51526,,1.878815,
20169000,7.672703,,1.91817575,
20169900,7.819649,,1.95491225,
20170800,7.924611,,1.98115275,
20171700,8.019076,,2.004769,
20172600,8.061061,,2.01526525,
20173500,8.082053,,2.02051325,
20174400,8.050565,,2.01264125,
20175300,7.987588,,1.996897,
20176200,7.903619,,1.97590475,
20177100,7.798657,,1.94966425,
20178000,7.65171,,1.9129275,
20178900,7.494268,,1.873567,
20179800,7.284344,,1.821086,
20180700,7.053428,,1.763357,
20181600,6.791024,,1.697756,
20182500,6.497131,,1.62428275,
20183400,6.182246,,1.5455615,
20184300,5.856865,,1.46421625,
20185200,5.499995,,1.37499875,
20186100,5.122133,,1.28053325,
20187000,4.754767,,1.18869175,
20187900,4.355912,,1.088978,
20188800,3.946561,,0.98664025,
20189700,3.516218,,0.8790545,
20190600,3.096371,,0.77409275,
20191500,2.676524,,0.669131,
20192400,2.256677,,0.56416925,
20193300,1.83683,,0.4592075,
20194200,1.437976,,0.359494,
20195100,1.060114,,0.2650285,
20196000,0.71374,,0.178435,
20196900,0.409351,,0.10233775,
20197800,0.178435,,0.04460875,
20198700,0,,0,
20199600,0,,0,
20200500,0,,0,
20201400,0,,0,
20202300,0,,0,
20203200,0,,0,
20204100,0,,0,
20205000,0,,0,
20205900,0,,0,
20206800,0,,0,
20207700,0,,0,
20208600,0,,0,
20209500,0,,0,
20210400,0,,0,
20211300,0,,0,
20212200,0,,0,
20213100,0,,0,
20214000,0,,0,
20214900,0,,0,
20215800,0,,0,
20216700,0,,0,
20217600,0,,0,
20218500,0,,0,
20219400,0,,0,
20220300,0,,0,
20221200,0,,0,
20222100,0,,0,
20223000,0,,0,
20223900,0,,0,
20224800,0,,0,
20225700,0,,0,
20226600,0,,0,
20227500,0,,0,
20228400,0,,0,
20229300,0,,0,
20230200,0,,0,
20231100,0,,0,
20232000,0,,0,
20232900,0,,0,
20233800,0,,0,
20234700,0,,0,
20235600,0.262404,,0.065601,
20236500,0.535305,,0.13382625,
20237400,0.860686,,0.2151715,
20238300,1.20706,,0.301765,
20239200,1.595418,,0.3988545,
20240100,1.994273,,0.49856825,
20241000,2.41412,,0.60353,
20241900,2.823471,,0.70586775,
20242800,3.253814,,0.8134535,
20243700,3.673661,,0.91841525,
20244600,4.083011,,1.02075275,
20245500,4.481866,,1.1204665,
20246400,4.880721,,1.22018025,
20247300,5.258583,,1.31464575,
20248200,5.625949,,1.40648725,
20249100,5.930338,,1.4825845,
20250000,6.255719,,1.56392975,
20250900,6.560108,,1.640027,
20251800,6.833009,,1.70825225,
20252700,7.074421,,1.76860525,
20253600,7.29484,,1.82371,
20254500,7.494268,,1.873567,
20255400,7.662207,,1.91555175,
20256300,7.767168,,1.941792,
20257200,7.87213,,1.9680325,
20258100,7.945603,,1.98640075,
20259000,7.977092,,1.994273,
20259900,7.987588,,1.996897,
20260800,7.956099,,1.98902475,
20261700,7.903619,,1.97590475,
20262600,7.819649,,1.95491225,
20263500,7.693695,,1.92342375,
20264400,7.546749,,1.88668725,
20265300,7.357818,,1.8394545,
20266200,7.147894,,1.7869735,
20267100,6.916978,,1.7292445,
20268000,6.644078,,1.6610195,
20268900,6.360681,,1.59017025,
20269800,6.045796,,1.511449,
20270700,5.709918,,1.4274795,
20271600,5.353048,,1.338262,
20272500,4.985682,,1.2464205,
20273400,4.597324,,1.149331,
20274300,4.198469,,1.04961725,
20275200,3.789119,,0.94727975,
20276100,3.369272,,0.842318,
20277000,2.959921,,0.73998025,
20277900,2.540074,,0.6350185,
20278800,2.130723,,0.53268075,
20279700,1.721372,,0.430343,
20280600,1.333014,,0.3332535,
20281500,0.965648,,0.241412,
20282400,0.62977,,0.1574425,
20283300,0.346374,,0.0865935,
20284200,0.13645,,0.0341125,
20285100,0,,0,
20286000,0,,0,
20286900,0,,0,
20287800,0,,0,
20288700,0,,0,
20289600,0,,0,
20290500,0,,0,
20291400,0,,0,
20292300,0,,0,
20293200,0,,0,
20294100,0,,0,
20295000,0,,0,
20295900,0,,0,
20296800,0,,0,
20297700,0,,0,
20298600,0,,0,
20299500,0,,0,
20300400,0,,0,
20301300,0,,0,
20302200,0,,0,
20303100,0,,0,
20304000,0,,0,
20304900,0,,0,
20305800,0,,0,
20306700,0,,0,
20307600,0,,0,
20308500,0,,0,
20309400,0,,0,
20310300,0,,0,
20311200,0,,0,
20312100,0,,0,
20313000,0,,0,
20313900,0,,0,
20314800,0,,0,
20315700,0,,0,
20316600,0,,0,
20317500,0,,0,
20318400,0,,0,
20319300,0,,0,
20320200,0,,0,
20321100,0,,0,
20322000,0.251908,,0.062977,
20322900,0.514312,,0.128578,
20323800,0.839694,,0.2099235,
20324700,1.20706,,0.301765,
20325600,1.605915,,0.40147875,
20326500,2.015265,,0.50381625,
20327400,2.435112,,0.608778,
20328300,2.865455,,0.71636375,
20329200,3.295798,,0.8239495,
20330100,3.726142,,0.9315355,
20331000,4.145988,,1.036497,
20331900,4.555339,,1.13883475,
20332800,4.954194,,1.2385485,
20333700,5.332056,,1.333014,
20334600,5.699422,,1.4248555,
20335500,6.045796,,1.511449,
20336400,6.371177,,1.59279425,
20337300,6.675566,,1.6688915,
20338200,6.958963,,1.73974075,
20339100,7.189879,,1.79746975,
20340000,7.410298,,1.8525745,
20340900,7.609726,,1.9024315,
20341800,7.767168,,1.941792,
20342700,7.903619,,1.97590475,
20343600,8.00858,,2.002145,
20344500,8.082053,,2.02051325,
20345400,8.113542,,2.0283855,
20346300,8.113542,,2.0283855,
20347200,8.09255,,2.0231375,
20348100,8.040069,,2.01001725,
20349000,7.945603,,1.98640075,
20349900,7.819649,,1.95491225,
20350800,7.662207,,1.91555175,
20351700,7.483772,,1.870943,
20352600,7.273848,,1.818462,
20353500,7.02194,,1.755485,
20354400,6.749039,,1.68725975,
20355300,6.465643,,1.61641075,
20356200,6.140261,,1.53506525,
20357100,5.793888,,1.448472,
20358000,5.437018,,1.3592545,
20358900,5.059156,,1.264789,
20359800,4.670797,,1.16769925,
20360700,4.25095,,1.0627375,
20361600,3.831103,,0.95777575,
20362500,3.411256,,0.852814,
20363400,2.980913,,0.74522825,
20364300,2.55057,,0.6376425,
20365200,2.130723,,0.53268075,
20366100,1.721372,,0.430343,
20367000,1.322518,,0.3306295,
20367900,0.955152,,0.238788,
20368800,0.619274,,0.1548185,
20369700,0.325381,,0.08134525,
20370600,0.115458,,0.0288645,
20371500,0,,0,
20372400,0,,0,
20373300,0,,0,
20374200,0,,0,
20375100,0,,0,
20376000,0,,0,
20376900,0,,0,
20377800,0,,0,
20378700,0,,0,
20379600,0,,0,
20380500,0,,0,
20381400,0,,0,
20382300,0,,0,
20383200,0,,0,
20384100,0,,0,
20385000,0,,0,
20385900,0,,0,
20386800,0,,0,
20387700,0,,0,
20388600,0,,0,
20389500,0,,0,
20390400,0,,0,
20391300,0,,0,
20392200,0,,0,
20393100,0,,0,
20394000,0,,0,
20394900,0,,0,
20395800,0,,0,
20396700,0,,0,
20397600,0,,0,
20398500,0,,0,
20399400,0,,0,
20400300,0,,0,
20401200,0,,0,
20402100,0,,0,
20403000,0,,0,
20403900,0,,0,
20404800,0,,0,
20405700,0,,0,
20406600,0,,0,
20407500,0,,0,
20408400,0.230916,,0.057729,
20409300,0.482824,,0.120706,
20410200,0.808205,,0.20205125,
20411100,1.154579,,0.28864475,
20412000,1.542937,,0.38573425,
20412900,1.941792,,0.485448,
20413800,2.361639,,0.59040975,
20414700,2.791982,,0.6979955,
20415600,3.211829,,0.80295725,
20416500,3.631676,,0.907919,
20417400,4.051523,,1.01288075,
20418300,4.450377,,1.11259425,
20419200,4.849232,,1.212308,
20420100,5.206102,,1.3015255,
20421000,5.583964,,1.395991,
20421900,5.888353,,1.47208825,
20422800,6.192742,,1.5481855,
20423700,6.486635,,1.62165875,
20424600,6.780528,,1.695132,
20425500,7.011444,,1.752861,
20426400,7.210871,,1.80271775,
20427300,7.399802,,1.8499505,
20428200,7.567741,,1.89193525,
20429100,7.683199,,1.92079975,
20430000,7.788161,,1.94704025,
20430900,7.861634,,1.9654085,
20431800,7.87213,,1.9680325,
20432700,7.861634,,1.9654085,
20433600,7.851138,,1.9627845,
20434500,7.788161,,1.94704025,
20435400,7.693695,,1.92342375,
20436300,7.546749,,1.88668725,
20437200,7.399802,,1.8499505,
20438100,7.210871,,1.80271775,
20439000,7.000948,,1.750237,
20439900,6.749039,,1.68725975,
20440800,6.486635,,1.62165875,
20441700,6.192742,,1.5481855,
20442600,5.867361,,1.46684025,
20443500,5.520987,,1.38024675,
20444400,5.174613,,1.29365325,
20445300,4.796751,,1.19918775,
20446200,4.418889,,1.10472225,
20447100,4.009538,,1.0023845,
20448000,3.610684,,0.902671,
20448900,3.201333,,0.80033325,
20449800,2.781486,,0.6953715,
20450700,2.372135,,0.59303375,
20451600,1.962784,,0.490696,
20452500,1.56393,,0.3909825,
20453400,1.186068,,0.296517,
20454300,0.829198,,0.2072995,
20455200,0.514312,,0.128578,
20456100,0.262404,,0.065601,
20457000,0.083969,,0.02099225,
20457900,0,,0,
20458800,0,,0,
20459700,0,,0,
20460600,0,,0,
20461500,0,,0,
20462400,0,,0,
20463300,0,,0,
20464200,0,,0,
20465100,0,,0,
20466000,0,,0,
20466900,0,,0,
20467800,0,,0,
20468700,0,,0,
20469600,0,,0,
20470500,0,,0,
20471400,0,,0,
20472300,0,,0,
20473200,0,,0,
20474100,0,,0,
20475000,0,,0,
20475900,0,,0,
20476800,0,,0,
20477700,0,,0,
20478600,0,,0,
20479500,0,,0,
20480400,0,,0,
20481300,0,,0,
20482200,0,,0,
20483100,0,,0,
20484000,0,,0,
20484900,0,,0,
20485800,0,,0,
20486700,0,,0,
20487600,0,,0,
20488500,0,,0,
20489400,0,,0,
20490300,0,,0,
20491200,0,,0,
20492100,0,,0,
20493000,0,,0,
20493900,0,,0,
20494800,0.167939,,0.04198475,
20495700,0.398855,,0.09971375,
20496600,0.682251,,0.17056275,
20497500,1.007633,,0.25190825,
20498400,1.364503,,0.34112575,
20499300,1.742365,,0.43559125,
20500200,2.141219,,0.53530475,
20501100,2.529578,,0.6323945,
20502000,2.938929,,0.73473225,
20502900,3.327287,,0.83182175,
20503800,3.726142,,0.9315355,
20504700,4.1145,,1.028625,
20505600,4.481866,,1.1204665,
20506500,4.849232,,1.212308,
20507400,5.195606,,1.2989015,
20508300,5.353048,,1.338262,
20509200,5.667934,,1.4169835,
20510100,5.95133,,1.4878325,
20511000,6.203238,,1.5508095,
20511900,6.434154,,1.6085385,
20512800,6.633582,,1.6583955,
20513700,6.822513,,1.70562825,
20514600,6.979955,,1.74498875,
20515500,7.105909,,1.77647725,
20516400,7.189879,,1.79746975,
20517300,7.252856,,1.813214,
20518200,7.29484,,1.82371,
20519100,7.189879,,1.79746975,
20520000,7.168886,,1.7922215,
20520900,7.053428,,1.763357,
20521800,6.969459,,1.74236475,
20522700,6.854001,,1.71350025,
20523600,6.717551,,1.67938775,
20524500,6.539116,,1.634779,
20525400,6.329193,,1.58229825,
20526300,6.098277,,1.52456925,
20527200,5.846369,,1.46159225,
20528100,5.573468,,1.393367,
20529000,5.279575,,1.31989375,
20529900,5.143125,,1.28578125,
20530800,4.786255,,1.19656375,
20531700,4.439881,,1.10997025,
20532600,4.072515,,1.01812875,
20533500,3.684157,,0.92103925,
20534400,3.295798,,0.8239495,
20535300,2.90744,,0.72686,
20536200,2.519082,,0.6297705,
20537100,2.120227,,0.53005675,
20538000,1.742365,,0.43559125,
20538900,1.364503,,0.34112575,
20539800,1.018129,,0.25453225,
20540700,0.692747,,0.17318675,
20541600,0.398855,,0.09971375,
20542500,0.178435,,0.04460875,
20543400,0,,0,
20544300,0,,0,
20545200,0,,0,
20546100,0,,0,
20547000,0,,0,
20547900,0,,0,
20548800,0,,0,
20549700,0,,0,
20550600,0,,0,
20551500,0,,0,
20552400,0,,0,
20553300,0,,0,
20554200,0,,0,
20555100,0,,0,
20556000,0,,0,
20556900,0,,0,
20557800,0,,0,
20558700,0,,0,
20559600,0,,0,
20560500,0,,0,
20561400,0,,0,
20562300,0,,0,
20563200,0,,0,
20564100,0,,0,
20565000,0,,0,
20565900,0,,0,
20566800,0,,0,
20567700,0,,0,
20568600,0,,0,
20569500,0,,0,
20570400,0,,0,
20571300,0,,0,
20572200,0,,0,
20573100,0,,0,
20574000,0,,0,
20574900,0,,0,
20575800,0,,0,
20576700,0,,0,
20577600,0,,0,
20578500,0,,0,
20579400,0,,0,
20580300,0,,0,
20581200,0.13645,,0.0341125,
20582100,0.346374,,0.0865935,
20583000,0.62977,,0.1574425,
20583900,0.944656,,0.236164,
20584800,1.301525,,0.32538125,
20585700,1.668892,,0.417223,
20586600,2.05725,,0.5143125,
20587500,2.456105,,0.61402625,
20588400,2.854959,,0.71373975,
20589300,3.253814,,0.8134535,
20590200,3.631676,,0.907919,
20591100,4.030531,,1.00763275,
20592000,4.408393,,1.10209825,
20592900,4.775759,,1.19393975,
20593800,5.122133,,1.28053325,
20594700,5.45801,,1.3645025,
20595600,5.762399,,1.44059975,
20596500,6.056292,,1.514073,
20597400,6.339689,,1.58492225,
20598300,6.581101,,1.64527525,
20599200,6.791024,,1.697756,
20600100,6.979955,,1.74498875,
20601000,7.137398,,1.7843495,
20601900,7.263352,,1.815838,
20602800,7.368314,,1.8420785,
20603700,7.431291,,1.85782275,
20604600,7.473275,,1.86831875,
20605500,7.399802,,1.8499505,
20606400,7.368314,,1.8420785,
20607300,7.315833,,1.82895825,
20608200,7.221367,,1.80534175,
20609100,7.095413,,1.77385325,
20610000,6.948467,,1.73711675,
20610900,6.770032,,1.692508,
20611800,6.560108,,1.640027,
20612700,6.3082,,1.57705,
20613600,6.0353,,1.508825,
20614500,5.751903,,1.43797575,
20615400,5.45801,,1.3645025,
20616300,5.111636,,1.277909,
20617200,4.786255,,1.19656375,
20618100,4.429385,,1.10734625,
20619000,4.062019,,1.01550475,
20619900,3.684157,,0.92103925,
20620800,3.295798,,0.8239495,
20621700,2.896944,,0.724236,
20622600,2.508585,,0.62714625,
20623500,2.109731,,0.52743275,
20624400,1.721372,,0.430343,
20625300,1.354006,,0.3385015,
20626200,0.997136,,0.249284,
20627100,0.671755,,0.16793875,
20628000,0.388358,,0.0970895,
20628900,0.157443,,0.03936075,
20629800,0,,0,
20630700,0,,0,
20631600,0,,0,
20632500,0,,0,
20633400,0,,0,
20634300,0,,0,
20635200,0,,0,
20636100,0,,0,
20637000,0,,0,
20637900,0,,0,
20638800,0,,0,
20639700,0,,0,
20640600,0,,0,
20641500,0,,0,
20642400,0,,0,
20643300,0,,0,
20644200,0,,0,
20645100,0,,0,
20646000,0,,0,
20646900,0,,0,
20647800,0,,0,
20648700,0,,0,
20649600,0,,0,
20650500,0,,0,
20651400,0,,0,
20652300,0,,0,
20653200,0,,0,
20654100,0,,0,
20655000,0,,0,
20655900,0,,0,
20656800,0,,0,
20657700,0,,0,
20658600,0,,0,
20659500,0,,0,
20660400,0,,0,
20661300,0,,0,
20662200,0,,0,
20663100,0,,0,
20664000,0,,0,
20664900,0,,0,
20665800,0,,0,
20666700,0,,0,
20667600,0.115458,,0.0288645,
20668500,0.314885,,0.07872125,
20669400,0.587786,,0.1469465,
20670300,0.881679,,0.22041975,
20671200,1.228052,,0.307013,
20672100,1.595418,,0.3988545,
20673000,1.994273,,0.49856825,
20673900,2.361639,,0.59040975,
20674800,2.749997,,0.68749925,
20675700,3.148852,,0.787213,
20676600,3.526714,,0.8816785,
20677500,3.873088,,0.968272,
20678400,4.25095,,1.0627375,
20679300,4.60782,,1.151955,
20680200,4.954194,,1.2385485,
20681100,5.090644,,1.272661,
20682000,5.395033,,1.34875825,
20682900,5.709918,,1.4274795,
20683800,5.961826,,1.4904565,
20684700,6.17175,,1.5429375,
20685600,6.381673,,1.59541825,
20686500,6.570605,,1.64265125,
20687400,6.707055,,1.67676375,
20688300,6.833009,,1.70825225,
20689200,6.916978,,1.7292445,
20690100,7.011444,,1.752861,
20691000,7.042932,,1.760733,
20691900,7.095413,,1.77385325,
20692800,7.063925,,1.76598125,
20693700,7.000948,,1.750237,
20694600,6.906482,,1.7266205,
20695500,6.88549,,1.7213725,
20696400,6.728047,,1.68201175,
20697300,6.560108,,1.640027,
20698200,6.350185,,1.58754625,
20699100,6.182246,,1.5455615,
20700000,5.930338,,1.4825845,
20700900,5.646941,,1.41173525,
20701800,5.342552,,1.335638,
20702700,5.059156,,1.264789,
20703600,4.723278,,1.1808195,
20704500,4.366408,,1.091602,
20705400,3.999042,,0.9997605,
20706300,3.62118,,0.905295,
20707200,3.232821,,0.80820525,
20708100,2.844463,,0.71111575,
20709000,2.445608,,0.611402,
20709900,2.046754,,0.5116885,
20710800,1.658395,,0.41459875,
20711700,1.291029,,0.32275725,
20712600,0.944656,,0.236164,
20713500,0.608778,,0.1521945,
20714400,0.335878,,0.0839695,
20715300,0.13645,,0.0341125,
20716200,0,,0,
20717100,0,,0,
20718000,0,,0,
20718900,0,,0,
20719800,0,,0,
20720700,0,,0,
20721600,0,,0,
20722500,0,,0,
20723400,0,,0,
20724300,0,,0,
20725200,0,,0,
20726100,0,,0,
20727000,0,,0,
20727900,0,,0,
20728800,0,,0,
20729700,0,,0,
20730600,0,,0,
20731500,0,,0,
20732400,0,,0,
20733300,0,,0,
20734200,0,,0,
20735100,0,,0,
20736000,0,,0,
20736900,0,,0,
20737800,0,,0,
20738700,0,,0,
20739600,0,,0,
20740500,0,,0,
20741400,0,,0,
20742300,0,,0,
20743200,0,,0,
20744100,0,,0,
20745000,0,,0,
20745900,0,,0,
20746800,0,,0,
20747700,0,,0,
20748600,0,,0,
20749500,0,,0,
20750400,0,,0,
20751300,0,,0,
20752200,0,,0,
20753100,0,,0,
20754000,0.104962,,0.0262405,
20754900,0.293893,,0.07347325,
20755800,0.566793,,0.14169825,
20756700,0.892175,,0.22304375,
20757600,1.238548,,0.309637,
20758500,1.605915,,0.40147875,
20759400,1.994273,,0.49856825,
20760300,2.393128,,0.598282,
20761200,2.791982,,0.6979955,
20762100,3.190837,,0.79770925,
20763000,3.589691,,0.89742275,
20763900,3.988546,,0.9971365,
20764800,4.376904,,1.094226,
20765700,4.74427,,1.1860675,
20766600,5.090644,,1.272661,
20767500,5.447514,,1.3618785,
20768400,5.762399,,1.44059975,
20769300,6.056292,,1.514073,
20770200,6.339689,,1.58492225,
20771100,6.633582,,1.6583955,
20772000,6.864497,,1.71612425,
20772900,7.053428,,1.763357,
20773800,7.210871,,1.80271775,
20774700,7.410298,,1.8525745,
20775600,7.494268,,1.873567,
20776500,7.578237,,1.89455925,
20777400,7.609726,,1.9024315,
20778300,7.389306,,1.8473265,
20779200,7.37881,,1.8447025,
20780100,7.29484,,1.82371,
20781000,7.221367,,1.80534175,
20781900,7.168886,,1.7922215,
20782800,7.02194,,1.755485,
20783700,6.833009,,1.70825225,
20784600,6.623085,,1.65577125,
20785500,6.486635,,1.62165875,
20786400,6.224231,,1.55605775,
20787300,5.909346,,1.4773365,
20788200,5.604957,,1.40123925,
20789100,5.342552,,1.335638,
20790000,4.985682,,1.2464205,
20790900,4.60782,,1.151955,
20791800,4.229958,,1.0574895,
20792700,3.873088,,0.968272,
20793600,3.463737,,0.86593425,
20794500,3.04389,,0.7609725,
20795400,2.624043,,0.65601075,
20796300,2.235685,,0.55892125,
20797200,1.826334,,0.4565835,
20798100,1.437976,,0.359494,
20799000,1.060114,,0.2650285,
20799900,0.71374,,0.178435,
20800800,0.409351,,0.10233775,
20801700,0.178435,,0.04460875,
20802600,0,,0,
20803500,0,,0,
20804400,0,,0,
20805300,0,,0,
20806200,0,,0,
20807100,0,,0,
20808000,0,,0,
20808900,0,,0,
20809800,0,,0,
20810700,0,,0,
20811600,0,,0,
20812500,0,,0,
20813400,0,,0,
20814300,0,,0,
20815200,0,,0,
20816100,0,,0,
20817000,0,,0,
20817900,0,,0,
20818800,0,,0,
20819700,0,,0,
20820600,0,,0,
20821500,0,,0,
20822400,0,,0,
20823300,0,,0,
20824200,0,,0,
20825100,0,,0,
20826000,0,,0,
20826900,0,,0,
20827800,0,,0,
20828700,0,,0,
20829600,0,,0,
20830500,0,,0,
20831400,0,,0,
20832300,0,,0,
20833200,0,,0,
20834100,0,,0,
20835000,0,,0,
20835900,0,,0,
20836800,0,,0,
20837700,0,,0,
20838600,0,,0,
20839500,0,,0,
20840400,0.13645,,0.0341125,
20841300,0.346374,,0.0865935,
20842200,0.640267,,0.16006675,
20843100,0.997136,,0.249284,
20844000,1.374999,,0.34374975,
20844900,1.773853,,0.44346325,
20845800,2.183204,,0.545801,
20846700,2.613547,,0.65338675,
20847600,3.04389,,0.7609725,
20848500,3.474233,,0.86855825,
20849400,3.89408,,0.97352,
20850300,4.313927,,1.07848175,
20851200,4.712782,,1.1781955,
20852100,5.090644,,1.272661,
20853000,5.45801,,1.3645025,
20853900,5.804384,,1.451096,
20854800,6.129765,,1.53244125,
20855700,6.434154,,1.6085385,
20856600,6.707055,,1.67676375,
20857500,6.969459,,1.74236475,
20858400,7.189879,,1.79746975,
20859300,7.389306,,1.8473265,
20860200,7.546749,,1.88668725,
20861100,7.683199,,1.92079975,
20862000,7.788161,,1.94704025,
20862900,7.851138,,1.9627845,
20863800,7.87213,,1.9680325,
20864700,7.840641,,1.96016025,
20865600,7.809153,,1.95228825,
20866500,7.746176,,1.936544,
20867400,7.65171,,1.9129275,
20868300,7.525756,,1.881439,
20869200,7.347321,,1.83683025,
20870100,7.15839,,1.7895975,
20871000,6.948467,,1.73711675,
20871900,6.707055,,1.67676375,
20872800,6.434154,,1.6085385,
20873700,6.129765,,1.53244125,
20874600,5.81488,,1.45372,
20875500,5.479002,,1.3697505,
20876400,5.10114,,1.275285,
20877300,4.723278,,1.1808195,
20878200,4.324423,,1.08110575,
20879100,3.925569,,0.98139225,
20880000,3.505722,,0.8764305,
20880900,3.085875,,0.77146875,
20881800,2.666028,,0.666507,
20882700,2.246181,,0.56154525,
20883600,1.826334,,0.4565835,
20884500,1.42748,,0.35687,
20885400,1.039121,,0.25978025,
20886300,0.692747,,0.17318675,
20887200,0.388358,,0.0970895,
20888100,0.157443,,0.03936075,
20889000,0,,0,
20889900,0,,0,
20890800,0,,0,
20891700,0,,0,
20892600,0,,0,
20893500,0,,0,
20894400,0,,0,
20895300,0,,0,
20896200,0,,0,
20897100,0,,0,
20898000,0,,0,
20898900,0,,0,
20899800,0,,0,
20900700,0,,0,
20901600,0,,0,
20902500,0,,0,
20903400,0,,0,
20904300,0,,0,
20905200,0,,0,
20906100,0,,0,
20907000,0,,0,
20907900,0,,0,
20908800,0,,0,
20909700,0,,0,
20910600,0,,0,
20911500,0,,0,
20912400,0,,0,
20913300,0,,0,
20914200,0,,0,
20915100,0,,0,
20916000,0,,0,
20916900,0,,0,
20917800,0,,0,
20918700,0,,0,
20919600,0,,0,
20920500,0,,0,
20921400,0,,0,
20922300,0,,0,
20923200,0,,0,
20924100,0,,0,
20925000,0,,0,
20925900,0,,0,
20926800,0.115458,,0.0288645,
20927700,0.335878,,0.0839695,
20928600,0.619274,,0.1548185,
20929500,0.98664,,0.24666,
20930400,1.364503,,0.34112575,
20931300,1.773853,,0.44346325,
20932200,2.1937,,0.548425,
20933100,2.645036,,0.661259,
20934000,3.075379,,0.76884475,
20934900,3.505722,,0.8764305,
20935800,3.925569,,0.98139225,
20936700,4.355912,,1.088978,
20937600,4.754767,,1.18869175,
20938500,5.122133,,1.28053325,
20939400,5.489499,,1.37237475,
20940300,5.835872,,1.458968,
20941200,6.150758,,1.5376895,
20942100,6.44465,,1.6111625,
20943000,6.707055,,1.67676375,
20943900,6.937971,,1.73449275,
20944800,7.137398,,1.7843495,
20945700,7.315833,,1.82895825,
20946600,7.452283,,1.86307075,
20947500,7.557245,,1.88931125,
20948400,7.630718,,1.9076795,
20949300,7.683199,,1.92079975,
20950200,7.725184,,1.931296,
20951100,7.620222,,1.9050555,
20952000,7.588733,,1.89718325,
20952900,7.504764,,1.876191,
20953800,7.420795,,1.85519875,
20954700,7.24236,,1.81059,
20955600,7.063925,,1.76598125,
20956500,6.874994,,1.7187485,
20957400,6.644078,,1.6610195,
20958300,6.381673,,1.59541825,
20959200,6.098277,,1.52456925,
20960100,5.81488,,1.45372,
20961000,5.489499,,1.37237475,
20961900,5.111636,,1.277909,
20962800,4.765263,,1.19131575,
20963700,4.3874,,1.09685,
20964600,4.020034,,1.0050085,
20965500,3.579195,,0.89479875,
20966400,3.180341,,0.79508525,
20967300,2.781486,,0.6953715,
20968200,2.372135,,0.59303375,
20969100,1.952288,,0.488072,
20970000,1.56393,,0.3909825,
20970900,1.196564,,0.299141,
20971800,0.85019,,0.2125475,
20972700,0.535305,,0.13382625,
20973600,0.262404,,0.065601,
20974500,0.083969,,0.02099225,
20975400,0,,0,
20976300,0,,0,
20977200,0,,0,
20978100,0,,0,
20979000,0,,0,
20979900,0,,0,
20980800,0,,0,
20981700,0,,0,
20982600,0,,0,
20983500,0,,0,
20984400,0,,0,
20985300,0,,0,
20986200,0,,0,
20987100,0,,0,
20988000,0,,0,
20988900,0,,0,
20989800,0,,0,
20990700,0,,0,
20991600,0,,0,
20992500,0,,0,
20993400,0,,0,
20994300,0,,0,
20995200,0,,0,
20996100,0,,0,
20997000,0,,0,
20997900,0,,0,
20998800,0,,0,
20999700,0,,0,
21000600,0,,0,
21001500,0,,0,
21002400,0,,0,
21003300,0,,0,
21004200,0,,0,
21005100,0,,0,
21006000,0,,0,
21006900,0,,0,
21007800,0,,0,
21008700,0,,0,
21009600,0,,0,
21010500,0,,0,
21011400,0,,0,
21012300,0,,0,
21013200,0.094466,,0.0236165,
21014100,0.272901,,0.06822525,
21015000,0.535305,,0.13382625,
21015900,0.860686,,0.2151715,
21016800,1.217556,,0.304389,
21017700,1.595418,,0.3988545,
21018600,1.994273,,0.49856825,
21019500,2.435112,,0.608778,
21020400,2.854959,,0.71373975,
21021300,3.26431,,0.8160775,
21022200,3.684157,,0.92103925,
21023100,4.145988,,1.036497,
21024000,4.544843,,1.13621075,
21024900,4.933201,,1.23330025,
21025800,5.290071,,1.32251775,
21026700,5.657437,,1.41435925,
21027600,5.982819,,1.49570475,
21028500,6.287208,,1.571802,
21029400,6.560108,,1.640027,
21030300,6.812017,,1.70300425,
21031200,7.032436,,1.758109,
21032100,7.24236,,1.81059,
21033000,7.399802,,1.8499505,
21033900,7.546749,,1.88668725,
21034800,7.641214,,1.9103035,
21035700,7.714687,,1.92867175,
21036600,7.746176,,1.936544,
21037500,7.725184,,1.931296,
21038400,7.693695,,1.92342375,
21039300,7.630718,,1.9076795,
21040200,7.536252,,1.884063,
21041100,7.410298,,1.8525745,
21042000,7.252856,,1.813214,
21042900,7.063925,,1.76598125,
21043800,6.843505,,1.71087625,
21044700,6.581101,,1.64527525,
21045600,6.3082,,1.57705,
21046500,6.014307,,1.50357675,
21047400,5.699422,,1.4248555,
21048300,5.332056,,1.333014,
21049200,4.975186,,1.2437965,
21050100,4.586828,,1.146707,
21051000,4.198469,,1.04961725,
21051900,3.789119,,0.94727975,
21052800,3.379768,,0.844942,
21053700,2.949425,,0.73735625,
21054600,2.519082,,0.6297705,
21055500,2.120227,,0.53005675,
21056400,1.70038,,0.425095,
21057300,1.312022,,0.3280055,
21058200,0.934159,,0.23353975,
21059100,0.598282,,0.1495705,
21060000,0.314885,,0.07872125,
21060900,0.104962,,0.0262405,
21061800,0,,0,
21062700,0,,0,
21063600,0,,0,
21064500,0,,0,
21065400,0,,0,
21066300,0,,0,
21067200,0,,0,
21068100,0,,0,
21069000,0,,0,
21069900,0,,0,
21070800,0,,0,
21071700,0,,0,
21072600,0,,0,
21073500,0,,0,
21074400,0,,0,
21075300,0,,0,
21076200,0,,0,
21077100,0,,0,
21078000,0,,0,
21078900,0,,0,
21079800,0,,0,
21080700,0,,0,
21081600,0,,0,
21082500,0,,0,
21083400,0,,0,
21084300,0,,0,
21085200,0,,0,
21086100,0,,0,
21087000,0,,0,
21087900,0,,0,
21088800,0,,0,
21089700,0,,0,
21090600,0,,0,
21091500,0,,0,
21092400,0,,0,
21093300,0,,0,
21094200,0,,0,
21095100,0,,0,
21096000,0,,0,
21096900,0,,0,
21097800,0,,0,
21098700,0,,0,
21099600,0,,0,
21100500,0.283397,,0.07084925,
21101400,0.566793,,0.14169825,
21102300,0.902671,,0.22566775,
21103200,1.280533,,0.32013325,
21104100,1.679388,,0.419847,
21105000,2.088738,,0.5221845,
21105900,2.519082,,0.6297705,
21106800,2.949425,,0.73735625,
21107700,3.369272,,0.842318,
21108600,3.789119,,0.94727975,
21109500,4.219462,,1.0548655,
21110400,4.618316,,1.154579,
21111300,4.996179,,1.24904475,
21112200,5.353048,,1.338262,
21113100,5.699422,,1.4248555,
21114000,6.024804,,1.506201,
21114900,6.318696,,1.579674,
21115800,6.602093,,1.65052325,
21116700,6.843505,,1.71087625,
21117600,7.063925,,1.76598125,
21118500,7.252856,,1.813214,
21119400,7.420795,,1.85519875,
21120300,7.546749,,1.88668725,
21121200,7.65171,,1.9129275,
21122100,7.714687,,1.92867175,
21123000,7.756672,,1.939168,
21123900,7.693695,,1.92342375,
21124800,7.662207,,1.91555175,
21125700,7.59923,,1.8998075,
21126600,7.504764,,1.876191,
21127500,7.389306,,1.8473265,
21128400,7.221367,,1.80534175,
21129300,7.032436,,1.758109,
21130200,6.812017,,1.70300425,
21131100,6.570605,,1.64265125,
21132000,6.297704,,1.574426,
21132900,5.993315,,1.49832875,
21133800,5.67843,,1.4196075,
21134700,5.332056,,1.333014,
21135600,4.975186,,1.2437965,
21136500,4.597324,,1.149331,
21137400,4.198469,,1.04961725,
21138300,3.778622,,0.9446555,
21139200,3.358775,,0.83969375,
21140100,2.938929,,0.73473225,
21141000,2.519082,,0.6297705,
21141900,2.088738,,0.5221845,
21142800,1.679388,,0.419847,
21143700,1.270037,,0.31750925,
21144600,0.902671,,0.22566775,
21145500,0.566793,,0.14169825,
21146400,0.283397,,0.07084925,
21147300,0,,0,
21148200,0,,0,
21149100,0,,0,
21150000,0,,0,
21150900,0,,0,
21151800,0,,0,
21152700,0,,0,
21153600,0,,0,
21154500,0,,0,
21155400,0,,0,
21156300,0,,0,
21157200,0,,0,
21158100,0,,0,
21159000,0,,0,
21159900,0,,0,
21160800,0,,0,
21161700,0,,0,
21162600,0,,0,
21163500,0,,0,
21164400,0,,0,
21165300,0,,0,
21166200,0,,0,
21167100,0,,0,
21168000,0,,0,
21168900,0,,0,
21169800,0,,0,
21170700,0,,0,
21171600,0,,0,
21172500,0,,0,
21173400,0,,0,
21174300,0,,0,
21175200,0,,0,
21176100,0,,0,
21177000,0,,0,
21177900,0,,0,
21178800,0,,0,
21179700,0,,0,
21180600,0,,0,
21181500,0,,0,
21182400,0,,0,
21183300,0,,0,
21184200,0,,0,
21185100,0,,0,
21186000,0,,0,
21186900,0.251908,,0.062977,
21187800,0.514312,,0.128578,
21188700,0.839694,,0.2099235,
21189600,1.196564,,0.299141,
21190500,1.584922,,0.3962305,
21191400,1.983777,,0.49594425,
21192300,2.393128,,0.598282,
21193200,2.812974,,0.7032435,
21194100,3.222325,,0.80558125,
21195000,3.631676,,0.907919,
21195900,4.030531,,1.00763275,
21196800,4.418889,,1.10472225,
21197700,4.796751,,1.19918775,
21198600,5.164117,,1.29102925,
21199500,5.45801,,1.3645025,
21200400,5.783392,,1.445848,
21201300,6.098277,,1.52456925,
21202200,6.360681,,1.59017025,
21203100,6.612589,,1.65314725,
21204000,6.822513,,1.70562825,
21204900,7.032436,,1.758109,
21205800,7.189879,,1.79746975,
21206700,7.347321,,1.83683025,
21207600,7.441787,,1.86044675,
21208500,7.504764,,1.876191,
21209400,7.546749,,1.88668725,
21210300,7.567741,,1.89193525,
21211200,7.536252,,1.884063,
21212100,7.462779,,1.86569475,
21213000,7.368314,,1.8420785,
21213900,7.24236,,1.81059,
21214800,7.084917,,1.77122925,
21215700,6.895986,,1.7239965,
21216600,6.675566,,1.6688915,
21217500,6.434154,,1.6085385,
21218400,6.161254,,1.5403135,
21219300,5.856865,,1.46421625,
21220200,5.54198,,1.385495,
21221100,5.195606,,1.2989015,
21222000,4.82824,,1.20706,
21222900,4.450377,,1.11259425,
21223800,4.062019,,1.01550475,
21224700,3.642172,,0.910543,
21225600,3.243318,,0.8108295,
21226500,2.823471,,0.70586775,
21227400,2.403624,,0.600906,
21228300,1.994273,,0.49856825,
21229200,1.584922,,0.3962305,
21230100,1.196564,,0.299141,
21231000,0.829198,,0.2072995,
21231900,0.49332,,0.12333,
21232800,0.241412,,0.060353,
21233700,0,,0,
21234600,0,,0,
21235500,0,,0,
21236400,0,,0,
21237300,0,,0,
21238200,0,,0,
21239100,0,,0,
21240000,0,,0,
21240900,0,,0,
21241800,0,,0,
21242700,0,,0,
21243600,0,,0,
21244500,0,,0,
21245400,0,,0,
21246300,0,,0,
21247200,0,,0,
21248100,0,,0,
21249000,0,,0,
21249900,0,,0,
21250800,0,,0,
21251700,0,,0,
21252600,0,,0,
21253500,0,,0,
21254400,0,,0,
21255300,0,,0,
21256200,0,,0,
21257100,0,,0,
21258000,0,,0,
21258900,0,,0,
21259800,0,,0,
21260700,0,,0,
21261600,0,,0,
21262500,0,,0,
21263400,0,,0,
21264300,0,,0,
21265200,0,,0,
21266100,0,,0,
21267000,0,,0,
21267900,0,,0,
21268800,0,,0,
21269700,0,,0,
21270600,0,,0,
21271500,0,,0,
21272400,0,,0,
21273300,0.22042,,0.055105,
21274200,0.472328,,0.118082,
21275100,0.797709,,0.19942725,
21276000,1.144083,,0.28602075,
21276900,1.521945,,0.38048625,
21277800,1.910304,,0.477576,
21278700,2.319654,,0.5799135,
21279600,2.729005,,0.68225125,
21280500,3.12786,,0.781965,
21281400,3.53721,,0.8843025,
21282300,3.946561,,0.98664025,
21283200,4.33492,,1.08373,
21284100,4.702286,,1.1755715,
21285000,5.048659,,1.26216475,
21285900,5.374041,,1.34351025,
21286800,5.688926,,1.4222315,
21287700,5.982819,,1.49570475,
21288600,6.245223,,1.56130575,
21289500,6.497131,,1.62428275,
21290400,6.717551,,1.67938775,
21291300,6.88549,,1.7213725,
21292200,7.042932,,1.760733,
21293100,7.168886,,1.7922215,
21294000,7.263352,,1.815838,
21294900,7.315833,,1.82895825,
21295800,7.357818,,1.8394545,
21296700,7.273848,,1.818462,
21297600,7.24236,,1.81059,
21298500,7.179383,,1.79484575,
21299400,7.084917,,1.77122925,
21300300,6.916978,,1.7292445,
21301200,6.749039,,1.68725975,
21302100,6.570605,,1.64265125,
21303000,6.350185,,1.58754625,
21303900,6.087781,,1.52194525,
21304800,5.825376,,1.456344,
21305700,5.531483,,1.38287075,
21306600,5.227094,,1.3067735,
21307500,4.838736,,1.209684,
21308400,4.492362,,1.1230905,
21309300,4.135492,,1.033873,
21310200,3.768126,,0.9420315,
21311100,3.358775,,0.83969375,
21312000,2.970417,,0.74260425,
21312900,2.582059,,0.64551475,
21313800,2.183204,,0.545801,
21314700,1.815838,,0.4539595,
21315600,1.437976,,0.359494,
21316500,1.07061,,0.2676525,
21317400,0.724236,,0.181059,
21318300,0.440839,,0.11020975,
21319200,0.199427,,0.04985675,
21320100,0,,0,
21321000,0,,0,
21321900,0,,0,
21322800,0,,0,
21323700,0,,0,
21324600,0,,0,
21325500,0,,0,
21326400,0,,0,
21327300,0,,0,
21328200,0,,0,
21329100,0,,0,
21330000,0,,0,
21330900,0,,0,
21331800,0,,0,
21332700,0,,0,
21333600,0,,0,
21334500,0,,0,
21335400,0,,0,
21336300,0,,0,
21337200,0,,0,
21338100,0,,0,
21339000,0,,0,
21339900,0,,0,
21340800,0,,0,
21341700,0,,0,
21342600,0,,0,
21343500,0,,0,
21344400,0,,0,
21345300,0,,0,
21346200,0,,0,
21347100,0,,0,
21348000,0,,0,
21348900,0,,0,
21349800,0,,0,
21350700,0,,0,
21351600,0,,0,
21352500,0,,0,
21353400,0,,0,
21354300,0,,0,
21355200,0,,0,
21356100,0,,0,
21357000,0,,0,
21357900,0,,0,
21358800,0,,0,
21359700,0.199427,,0.04985675,
21360600,0.451335,,0.11283375,
21361500,0.766221,,0.19155525,
21362400,1.123091,,0.28077275,
21363300,1.511449,,0.37786225,
21364200,1.910304,,0.477576,
21365100,2.361639,,0.59040975,
21366000,2.781486,,0.6953715,
21366900,3.201333,,0.80033325,
21367800,3.62118,,0.905295,
21368700,4.020034,,1.0050085,
21369600,4.418889,,1.10472225,
21370500,4.796751,,1.19918775,
21371400,5.153621,,1.28840525,
21372300,5.437018,,1.3592545,
21373200,5.762399,,1.44059975,
21374100,6.056292,,1.514073,
21375000,6.339689,,1.58492225,
21375900,6.518124,,1.629531,
21376800,6.717551,,1.67938775,
21377700,6.906482,,1.7266205,
21378600,7.063925,,1.76598125,
21379500,7.15839,,1.7895975,
21380400,7.252856,,1.813214,
21381300,7.315833,,1.82895825,
21382200,7.347321,,1.83683025,
21383100,7.221367,,1.80534175,
21384000,7.189879,,1.79746975,
21384900,7.126902,,1.7817255,
21385800,7.042932,,1.760733,
21386700,6.958963,,1.73974075,
21387600,6.80152,,1.70038,
21388500,6.602093,,1.65052325,
21389400,6.381673,,1.59541825,
21390300,6.192742,,1.5481855,
21391200,5.919842,,1.4799605,
21392100,5.615453,,1.40386325,
21393000,5.300568,,1.325142,
21393900,4.985682,,1.2464205,
21394800,4.618316,,1.154579,
21395700,4.25095,,1.0627375,
21396600,3.862592,,0.965648,
21397500,3.474233,,0.86855825,
21398400,3.064883,,0.76622075,
21399300,2.645036,,0.661259,
21400200,2.235685,,0.55892125,
21401100,1.83683,,0.4592075,
21402000,1.437976,,0.359494,
21402900,1.060114,,0.2650285,
21403800,0.71374,,0.178435,
21404700,0.419847,,0.10496175,
21405600,0.178435,,0.04460875,
21406500,0,,0,
21407400,0,,0,
21408300,0,,0,
21409200,0,,0,
21410100,0,,0,
21411000,0,,0,
21411900,0,,0,
21412800,0,,0,
21413700,0,,0,
21414600,0,,0,
21415500,0,,0,
21416400,0,,0,
21417300,0,,0,
21418200,0,,0,
21419100,0,,0,
21420000,0,,0,
21420900,0,,0,
21421800,0,,0,
21422700,0,,0,
21423600,0,,0,
21424500,0,,0,
21425400,0,,0,
21426300,0,,0,
21427200,0,,0,
21428100,0,,0,
21429000,0,,0,
21429900,0,,0,
21430800,0,,0,
21431700,0,,0,
21432600,0,,0,
21433500,0,,0,
21434400,0,,0,
21435300,0,,0,
21436200,0,,0,
21437100,0,,0,
21438000,0,,0,
21438900,0,,0,
21439800,0,,0,
21440700,0,,0,
21441600,0,,0,
21442500,0,,0,
21443400,0,,0,
21444300,0,,0,
21445200,0,,0,
21446100,0.199427,,0.04985675,
21447000,0.451335,,0.11283375,
21447900,0.755724,,0.188931,
21448800,1.123091,,0.28077275,
21449700,1.511449,,0.37786225,
21450600,1.9208,,0.4802,
21451500,2.340647,,0.58516175,
21452400,2.760494,,0.6901235,
21453300,3.180341,,0.79508525,
21454200,3.589691,,0.89742275,
21455100,4.009538,,1.0023845,
21456000,4.376904,,1.094226,
21456900,4.765263,,1.19131575,
21457800,5.132629,,1.28315725,
21458700,5.426522,,1.3566305,
21459600,5.751903,,1.43797575,
21460500,6.045796,,1.511449,
21461400,6.318696,,1.579674,
21462300,6.581101,,1.64527525,
21463200,6.791024,,1.697756,
21464100,6.979955,,1.74498875,
21465000,7.137398,,1.7843495,
21465900,7.273848,,1.818462,
21466800,7.368314,,1.8420785,
21467700,7.410298,,1.8525745,
21468600,7.441787,,1.86044675,
21469500,7.420795,,1.85519875,
21470400,7.37881,,1.8447025,
21471300,7.315833,,1.82895825,
21472200,7.210871,,1.80271775,
21473100,7.063925,,1.76598125,
21474000,6.906482,,1.7266205,
21474900,6.696559,,1.67413975,
21475800,6.476139,,1.61903475,
21476700,6.213735,,1.55343375,
21477600,5.940834,,1.4852085,
21478500,5.615453,,1.40386325,
21479400,5.300568,,1.325142,
21480300,4.933201,,1.23330025,
21481200,4.565835,,1.14145875,
21482100,4.177477,,1.04436925,
21483000,3.789119,,0.94727975,
21483900,3.358775,,0.83969375,
21484800,2.938929,,0.73473225,
21485700,2.540074,,0.6350185,
21486600,2.130723,,0.53268075,
21487500,1.689884,,0.422471,
21488400,1.312022,,0.3280055,
21489300,0.955152,,0.238788,
21490200,0.619274,,0.1548185,
21491100,0.325381,,0.08134525,
21492000,0.125954,,0.0314885,
21492900,0,,0,
21493800,0,,0,
21494700,0,,0,
21495600,0,,0,
21496500,0,,0,
21497400,0,,0,
21498300,0,,0,
21499200,0,,0,
21500100,0,,0,
21501000,0,,0,
21501900,0,,0,
21502800,0,,0,
21503700,0,,0,
21504600,0,,0,
21505500,0,,0,
21506400,0,,0,
21507300,0,,0,
21508200,0,,0,
21509100,0,,0,
21510000,0,,0,
21510900,0,,0,
21511800,0,,0,
21512700,0,,0,
21513600,0,,0,
21514500,0,,0,
21515400,0,,0,
21516300,0,,0,
21517200,0,,0,
21518100,0,,0,
21519000,0,,0,
21519900,0,,0,
21520800,0,,0,
21521700,0,,0,
21522600,0,,0,
21523500,0,,0,
21524400,0,,0,
21525300,0,,0,
21526200,0,,0,
21527100,0,,0,
21528000,0,,0,
21528900,0,,0,
21529800,0,,0,
21530700,0,,0,
21531600,0,,0,
21532500,0.157443,,0.03936075,
21533400,0.388358,,0.0970895,
21534300,0.703244,,0.175811,
21535200,1.060114,,0.2650285,
21536100,1.437976,,0.359494,
21537000,1.83683,,0.4592075,
21537900,2.27767,,0.5694175,
21538800,2.697517,,0.67437925,
21539700,3.117363,,0.77934075,
21540600,3.526714,,0.8816785,
21541500,3.946561,,0.98664025,
21542400,4.33492,,1.08373,
21543300,4.712782,,1.1781955,
21544200,5.059156,,1.264789,
21545100,5.405529,,1.35138225,
21546000,5.730911,,1.43272775,
21546900,6.024804,,1.506201,
21547800,6.297704,,1.574426,
21548700,6.518124,,1.629531,
21549600,6.728047,,1.68201175,
21550500,6.916978,,1.7292445,
21551400,7.074421,,1.76860525,
21552300,7.168886,,1.7922215,
21553200,7.263352,,1.815838,
21554100,7.326329,,1.83158225,
21555000,7.357818,,1.8394545,
21555900,7.032436,,1.758109,
21556800,6.979955,,1.74498875,
21557700,6.916978,,1.7292445,
21558600,6.812017,,1.70300425,
21559500,6.686062,,1.6715155,
21560400,6.518124,,1.629531,
21561300,6.329193,,1.58229825,
21562200,6.108773,,1.52719325,
21563100,5.877857,,1.46946425,
21564000,5.604957,,1.40123925,
21564900,5.311064,,1.327766,
21565800,4.996179,,1.24904475,
21566700,4.639309,,1.15982725,
21567600,4.282439,,1.07060975,
21568500,3.915073,,0.97876825,
21569400,3.53721,,0.8843025,
21570300,3.159348,,0.789837,
21571200,2.760494,,0.6901235,
21572100,2.361639,,0.59040975,
21573000,1.973281,,0.49332025,
21573900,1.595418,,0.3988545,
21574800,1.217556,,0.304389,
21575700,0.871182,,0.2177955,
21576600,0.545801,,0.13645025,
21577500,0.283397,,0.07084925,
21578400,0.094466,,0.0236165,
21579300,0,,0,
21580200,0,,0,
21581100,0,,0,
21582000,0,,0,
21582900,0,,0,
21583800,0,,0,
21584700,0,,0,
21585600,0,,0,
21586500,0,,0,
21587400,0,,0,
21588300,0,,0,
21589200,0,,0,
21590100,0,,0,
21591000,0,,0,
21591900,0,,0,
21592800,0,,0,
21593700,0,,0,
21594600,0,,0,
21595500,0,,0,
21596400,0,,0,
21597300,0,,0,
21598200,0,,0,
21599100,0,,0,
21600000,0,,0,
21600900,0,,0,
21601800,0,,0,
21602700,0,,0,
21603600,0,,0,
21604500,0,,0,
21605400,0,,0,
21606300,0,,0,
21607200,0,,0,
21608100,0,,0,
21609000,0,,0,
21609900,0,,0,
21610800,0,,0,
21611700,0,,0,
21612600,0,,0,
21613500,0,,0,
21614400,0,,0,
21615300,0,,0,
21616200,0,,0,
21617100,0,,0,
21618000,0,,0,
21618900,0.146946,,0.0367365,
21619800,0.35687,,0.0892175,
21620700,0.661259,,0.16531475,
21621600,0.997136,,0.249284,
21622500,1.374999,,0.34374975,
21623400,1.763357,,0.44083925,
21624300,2.1937,,0.548425,
21625200,2.603051,,0.65076275,
21626100,3.022898,,0.7557245,
21627000,3.432249,,0.85806225,
21627900,3.873088,,0.968272,
21628800,4.25095,,1.0627375,
21629700,4.628812,,1.157203,
21630600,4.996179,,1.24904475,
21631500,5.342552,,1.335638,
21632400,5.657437,,1.41435925,
21633300,5.961826,,1.4904565,
21634200,6.234727,,1.55868175,
21635100,6.486635,,1.62165875,
21636000,6.707055,,1.67676375,
21636900,6.895986,,1.7239965,
21637800,7.053428,,1.763357,
21638700,7.179383,,1.79484575,
21639600,7.273848,,1.818462,
21640500,7.336825,,1.83420625,
21641400,7.368314,,1.8420785,
21642300,7.284344,,1.821086,
21643200,7.263352,,1.815838,
21644100,7.189879,,1.79746975,
21645000,7.084917,,1.77122925,
21645900,6.948467,,1.73711675,
21646800,6.780528,,1.695132,
21647700,6.591597,,1.64789925,
21648600,6.360681,,1.59017025,
21649500,6.108773,,1.52719325,
21650400,5.856865,,1.46421625,
21651300,5.552476,,1.388119,
21652200,5.227094,,1.3067735,
21653100,4.880721,,1.22018025,
21654000,4.513355,,1.12833875,
21654900,4.135492,,1.033873,
21655800,3.736638,,0.9341595,
21656700,3.327287,,0.83182175,
21657600,2.917936,,0.729484,
21658500,2.508585,,0.62714625,
21659400,2.088738,,0.5221845,
21660300,1.679388,,0.419847,
21661200,1.280533,,0.32013325,
21662100,0.913167,,0.22829175,
21663000,0.57729,,0.1443225,
21663900,0.293893,,0.07347325,
21664800,0.094466,,0.0236165,
21665700,0,,0,
21666600,0,,0,
21667500,0,,0,
21668400,0,,0,
21669300,0,,0,
21670200,0,,0,
21671100,0,,0,
21672000,0,,0,
21672900,0,,0,
21673800,0,,0,
21674700,0,,0,
21675600,0,,0,
21676500,0,,0,
21677400,0,,0,
21678300,0,,0,
21679200,0,,0,
21680100,0,,0,
21681000,0,,0,
21681900,0,,0,
21682800,0,,0,
21683700,0,,0,
21684600,0,,0,
21685500,0,,0,
21686400,0,,0,
21687300,0,,0,
21688200,0,,0,
21689100,0,,0,
21690000,0,,0,
21690900,0,,0,
21691800,0,,0,
21692700,0,,0,
21693600,0,,0,
21694500,0,,0,
21695400,0,,0,
21696300,0,,0,
21697200,0,,0,
21698100,0,,0,
21699000,0,,0,
21699900,0,,0,
21700800,0,,0,
21701700,0,,0,
21702600,0,,0,
21703500,0,,0,
21704400,0,,0,
21705300,0.125954,,0.0314885,
21706200,0.346374,,0.0865935,
21707100,0.650763,,0.16269075,
21708000,0.997136,,0.249284,
21708900,1.385495,,0.34637375,
21709800,1.784349,,0.44608725,
21710700,2.214693,,0.55367325,
21711600,2.63454,,0.658635,
21712500,3.054386,,0.7635965,
21713400,3.463737,,0.86593425,
21714300,3.89408,,0.97352,
21715200,4.313927,,1.07848175,
21716100,4.691789,,1.17294725,
21717000,5.048659,,1.26216475,
21717900,5.416025,,1.35400625,
21718800,5.741407,,1.43535175,
21719700,6.045796,,1.511449,
21720600,6.318696,,1.579674,
21721500,6.570605,,1.64265125,
21722400,6.791024,,1.697756,
21723300,6.979955,,1.74498875,
21724200,7.137398,,1.7843495,
21725100,7.263352,,1.815838,
21726000,7.357818,,1.8394545,
21726900,7.420795,,1.85519875,
21727800,7.462779,,1.86569475,
21728700,7.357818,,1.8394545,
21729600,7.315833,,1.82895825,
21730500,7.263352,,1.815838,
21731400,7.15839,,1.7895975,
21732300,7.011444,,1.752861,
21733200,6.843505,,1.71087625,
21734100,6.644078,,1.6610195,
21735000,6.413162,,1.6032905,
21735900,6.161254,,1.5403135,
21736800,5.877857,,1.46946425,
21737700,5.573468,,1.393367,
21738600,5.23759,,1.3093975,
21739500,4.880721,,1.22018025,
21740400,4.492362,,1.1230905,
21741300,4.1145,,1.028625,
21742200,3.715645,,0.92891125,
21743100,3.295798,,0.8239495,
21744000,2.875951,,0.71898775,
21744900,2.466601,,0.61665025,
21745800,2.046754,,0.5116885,
21746700,1.637403,,0.40935075,
21747600,1.238548,,0.309637,
21748500,0.871182,,0.2177955,
21749400,0.535305,,0.13382625,
21750300,0.262404,,0.065601,
21751200,0,,0,
21752100,0,,0,
21753000,0,,0,
21753900,0,,0,
21754800,0,,0,
21755700,0,,0,
21756600,0,,0,
21757500,0,,0,
21758400,0,,0,
21759300,0,,0,
21760200,0,,0,
21761100,0,,0,
21762000,0,,0,
21762900,0,,0,
21763800,0,,0,
21764700,0,,0,
21765600,0,,0,
21766500,0,,0,
21767400,0,,0,
21768300,0,,0,
21769200,0,,0,
21770100,0,,0,
21771000,0,,0,
21771900,0,,0,
21772800,0,,0,
21773700,0,,0,
21774600,0,,0,
21775500,0,,0,
21776400,0,,0,
21777300,0,,0,
21778200,0,,0,
21779100,0,,0,
21780000,0,,0,
21780900,0,,0,
21781800,0,,0,
21782700,0,,0,
21783600,0,,0,
21784500,0,,0,
21785400,0,,0,
21786300,0,,0,
21787200,0,,0,
21788100,0,,0,
21789000,0,,0,
21789900,0,,0,
21790800,0,,0,
21791700,0.115458,,0.0288645,
21792600,0.325381,,0.08134525,
21793500,0.619274,,0.1548185,
21794400,0.965648,,0.241412,
21795300,1.34351,,0.3358775,
21796200,1.752861,,0.43821525,
21797100,2.172708,,0.543177,
21798000,2.592555,,0.64813875,
21798900,3.012402,,0.7531005,
21799800,3.421753,,0.85543825,
21800700,3.831103,,0.95777575,
21801600,4.219462,,1.0548655,
21802500,4.597324,,1.149331,
21803400,4.96469,,1.2411725,
21804300,5.279575,,1.31989375,
21805200,5.59446,,1.398615,
21806100,5.898849,,1.47471225,
21807000,6.161254,,1.5403135,
21807900,6.371177,,1.59279425,
21808800,6.591597,,1.64789925,
21809700,6.780528,,1.695132,
21810600,6.937971,,1.73449275,
21811500,7.053428,,1.763357,
21812400,7.15839,,1.7895975,
21813300,7.210871,,1.80271775,
21814200,7.221367,,1.80534175,
21815100,7.137398,,1.7843495,
21816000,7.105909,,1.77647725,
21816900,7.032436,,1.758109,
21817800,6.927474,,1.7318685,
21818700,6.791024,,1.697756,
21819600,6.623085,,1.65577125,
21820500,6.413162,,1.6032905,
21821400,6.182246,,1.5455615,
21822300,5.930338,,1.4825845,
21823200,5.646941,,1.41173525,
21824100,5.342552,,1.335638,
21825000,5.027667,,1.25691675,
21825900,4.670797,,1.16769925,
21826800,4.303431,,1.07585775,
21827700,3.925569,,0.98139225,
21828600,3.53721,,0.8843025,
21829500,3.148852,,0.787213,
21830400,2.739501,,0.68487525,
21831300,2.33015,,0.5825375,
21832200,1.9208,,0.4802,
21833100,1.521945,,0.38048625,
21834000,1.144083,,0.28602075,
21834900,0.776717,,0.19417925,
21835800,0.461832,,0.115458,
21836700,0.209923,,0.05248075,
21837600,0,,0,
21838500,0,,0,
21839400,0,,0,
21840300,0,,0,
21841200,0,,0,
21842100,0,,0,
21843000,0,,0,
21843900,0,,0,
21844800,0,,0,
21845700,0,,0,
21846600,0,,0,
21847500,0,,0,
21848400,0,,0,
21849300,0,,0,
21850200,0,,0,
21851100,0,,0,
21852000,0,,0,
21852900,0,,0,
21853800,0,,0,
21854700,0,,0,
21855600,0,,0,
21856500,0,,0,
21857400,0,,0,
21858300,0,,0,
21859200,0,,0,
21860100,0,,0,
21861000,0,,0,
21861900,0,,0,
21862800,0,,0,
21863700,0,,0,
21864600,0,,0,
21865500,0,,0,
21866400,0,,0,
21867300,0,,0,
21868200,0,,0,
21869100,0,,0,
21870000,0,,0,
21870900,0,,0,
21871800,0,,0,
21872700,0,,0,
21873600,0,,0,
21874500,0,,0,
21875400,0,,0,
21876300,0,,0,
21877200,0,,0,
21878100,0,,0,
21879000,0.272901,,0.06822525,
21879900,0.556297,,0.13907425,
21880800,0.881679,,0.22041975,
21881700,1.238548,,0.309637,
21882600,1.616411,,0.40410275,
21883500,2.015265,,0.50381625,
21884400,2.41412,,0.60353,
21885300,2.802478,,0.7006195,
21886200,3.211829,,0.80295725,
21887100,3.600187,,0.90004675,
21888000,3.967554,,0.9918885,
21888900,4.324423,,1.08110575,
21889800,4.670797,,1.16769925,
21890700,5.027667,,1.25691675,
21891600,5.311064,,1.327766,
21892500,5.604957,,1.40123925,
21893400,5.867361,,1.46684025,
21894300,6.119269,,1.52981725,
21895200,6.329193,,1.58229825,
21896100,6.507627,,1.62690675,
21897000,6.66507,,1.6662675,
21897900,6.791024,,1.697756,
21898800,6.874994,,1.7187485,
21899700,6.937971,,1.73449275,
21900600,6.948467,,1.73711675,
21901500,6.927474,,1.7318685,
21902400,6.88549,,1.7213725,
21903300,6.822513,,1.70562825,
21904200,6.728047,,1.68201175,
21905100,6.570605,,1.64265125,
21906000,6.413162,,1.6032905,
21906900,6.224231,,1.55605775,
21907800,6.014307,,1.50357675,
21908700,5.762399,,1.44059975,
21909600,5.489499,,1.37237475,
21910500,5.195606,,1.2989015,
21911400,4.880721,,1.22018025,
21912300,4.523851,,1.13096275,
21913200,4.166981,,1.04174525,
21914100,3.799615,,0.94990375,
21915000,3.421753,,0.85543825,
21915900,3.012402,,0.7531005,
21916800,2.624043,,0.65601075,
21917700,2.225189,,0.55629725,
21918600,1.826334,,0.4565835,
21919500,1.437976,,0.359494,
21920400,1.07061,,0.2676525,
21921300,0.724236,,0.181059,
21922200,0.430343,,0.10758575,
21923100,0.188931,,0.04723275,
21924000,0,,0,
21924900,0,,0,
21925800,0,,0,
21926700,0,,0,
21927600,0,,0,
21928500,0,,0,
21929400,0,,0,
21930300,0,,0,
21931200,0,,0,
21932100,0,,0,
21933000,0,,0,
21933900,0,,0,
21934800,0,,0,
21935700,0,,0,
21936600,0,,0,
21937500,0,,0,
21938400,0,,0,
21939300,0,,0,
21940200,0,,0,
21941100,0,,0,
21942000,0,,0,
21942900,0,,0,
21943800,0,,0,
21944700,0,,0,
21945600,0,,0,
21946500,0,,0,
21947400,0,,0,
21948300,0,,0,
21949200,0,,0,
21950100,0,,0,
21951000,0,,0,
21951900,0,,0,
21952800,0,,0,
21953700,0,,0,
21954600,0,,0,
21955500,0,,0,
21956400,0,,0,
21957300,0,,0,
21958200,0,,0,
21959100,0,,0,
21960000,0,,0,
21960900,0,,0,
21961800,0,,0,
21962700,0,,0,
21963600,0,,0,
21964500,0,,0,
21965400,0.272901,,0.06822525,
21966300,0.535305,,0.13382625,
21967200,0.860686,,0.2151715,
21968100,1.228052,,0.307013,
21969000,1.605915,,0.40147875,
21969900,2.004769,,0.50119225,
21970800,2.403624,,0.600906,
21971700,2.812974,,0.7032435,
21972600,3.211829,,0.80295725,
21973500,3.631676,,0.907919,
21974400,4.020034,,1.0050085,
21975300,4.3874,,1.09685,
21976200,4.74427,,1.1860675,
21977100,5.080148,,1.270037,
21978000,5.395033,,1.34875825,
21978900,5.688926,,1.4222315,
21979800,5.95133,,1.4878325,
21980700,6.182246,,1.5455615,
21981600,6.402666,,1.6006665,
21982500,6.591597,,1.64789925,
21983400,6.749039,,1.68725975,
21984300,6.88549,,1.7213725,
21985200,6.969459,,1.74236475,
21986100,7.032436,,1.758109,
21987000,7.053428,,1.763357,
21987900,7.02194,,1.755485,
21988800,6.990451,,1.74761275,
21989700,6.916978,,1.7292445,
21990600,6.812017,,1.70300425,
21991500,6.696559,,1.67413975,
21992400,6.539116,,1.634779,
21993300,6.339689,,1.58492225,
21994200,6.119269,,1.52981725,
21995100,5.898849,,1.47471225,
21996000,5.615453,,1.40386325,
21996900,5.32156,,1.33039,
21997800,4.996179,,1.24904475,
21998700,4.660301,,1.16507525,
21999600,4.292935,,1.07323375,
22000500,3.915073,,0.97876825,
22001400,3.516218,,0.8790545,
22002300,3.117363,,0.77934075,
22003200,2.708013,,0.67700325,
22004100,2.298662,,0.5746655,
22005000,1.889311,,0.47232775,
22005900,1.47996,,0.36999,
22006800,1.102098,,0.2755245,
22007700,0.734732,,0.183683,
22008600,0.419847,,0.10496175,
22009500,0.178435,,0.04460875,
22010400,0,,0,
22011300,0,,0,
22012200,0,,0,
22013100,0,,0,
22014000,0,,0,
22014900,0,,0,
22015800,0,,0,
22016700,0,,0,
22017600,0,,0,
22018500,0,,0,
22019400,0,,0,
22020300,0,,0,
22021200,0,,0,
22022100,0,,0,
22023000,0,,0,
22023900,0,,0,
22024800,0,,0,
22025700,0,,0,
22026600,0,,0,
22027500,0,,0,
22028400,0,,0,
22029300,0,,0,
22030200,0,,0,
22031100,0,,0,
22032000,0,,0,
22032900,0,,0,
22033800,0,,0,
22034700,0,,0,
22035600,0,,0,
22036500,0,,0,
22037400,0,,0,
22038300,0,,0,
22039200,0,,0,
22040100,0,,0,
22041000,0,,0,
22041900,0,,0,
22042800,0,,0,
22043700,0,,0,
22044600,0,,0,
22045500,0,,0,
22046400,0,,0,
22047300,0,,0,
22048200,0,,0,
22049100,0,,0,
22050000,0,,0,
22050900,0,,0,
22051800,0.230916,,0.057729,
22052700,0.482824,,0.120706,
22053600,0.797709,,0.19942725,
22054500,1.144083,,0.28602075,
22055400,1.521945,,0.38048625,
22056300,1.910304,,0.477576,
22057200,2.309158,,0.5772895,
22058100,2.718509,,0.67962725,
22059000,3.106867,,0.77671675,
22059900,3.516218,,0.8790545,
22060800,3.904576,,0.976144,
22061700,4.271943,,1.06798575,
22062600,4.618316,,1.154579,
22063500,4.922705,,1.23067625,
22064400,5.23759,,1.3093975,
22065300,5.520987,,1.38024675,
22066200,5.783392,,1.445848,
22067100,6.045796,,1.511449,
22068000,6.255719,,1.56392975,
22068900,6.44465,,1.6111625,
22069800,6.612589,,1.65314725,
22070700,6.759536,,1.689884,
22071600,6.864497,,1.71612425,
22072500,6.927474,,1.7318685,
22073400,6.969459,,1.74236475,
22074300,6.969459,,1.74236475,
22075200,6.927474,,1.7318685,
22076100,6.874994,,1.7187485,
22077000,6.770032,,1.692508,
22077900,6.654574,,1.6636435,
22078800,6.507627,,1.62690675,
22079700,6.3082,,1.57705,
22080600,6.077284,,1.519321,
22081500,5.856865,,1.46421625,
22082400,5.573468,,1.393367,
22083300,5.279575,,1.31989375,
22084200,4.954194,,1.2385485,
22085100,4.618316,,1.154579,
22086000,4.25095,,1.0627375,
22086900,3.873088,,0.968272,
22087800,3.474233,,0.86855825,
22088700,3.085875,,0.77146875,
22089600,2.666028,,0.666507,
22090500,2.256677,,0.56416925,
22091400,1.847327,,0.46183175,
22092300,1.458968,,0.364742,
22093200,1.07061,,0.2676525,
22094100,0.703244,,0.175811,
22095000,0.388358,,0.0970895,
22095900,0.157443,,0.03936075,
22096800,0,,0,
22097700,0,,0,
22098600,0,,0,
22099500,0,,0,
22100400,0,,0,
22101300,0,,0,
22102200,0,,0,
22103100,0,,0,
22104000,0,,0,
22104900,0,,0,
22105800,0,,0,
22106700,0,,0,
22107600,0,,0,
22108500,0,,0,
22109400,0,,0,
22110300,0,,0,
22111200,0,,0,
22112100,0,,0,
22113000,0,,0,
22113900,0,,0,
22114800,0,,0,
22115700,0,,0,
22116600,0,,0,
22117500,0,,0,
22118400,0,,0,
22119300,0,,0,
22120200,0,,0,
22121100,0,,0,
22122000,0,,0,
22122900,0,,0,
22123800,0,,0,
22124700,0,,0,
22125600,0,,0,
22126500,0,,0,
22127400,0,,0,
22128300,0,,0,
22129200,0,,0,
22130100,0,,0,
22131000,0,,0,
22131900,0,,0,
22132800,0,,0,
22133700,0,,0,
22134600,0,,0,
22135500,0,,0,
22136400,0,,0,
22137300,0,,0,
22138200,0.241412,,0.060353,
22139100,0.524809,,0.13120225,
22140000,0.860686,,0.2151715,
22140900,1.238548,,0.309637,
22141800,1.647899,,0.41197475,
22142700,2.05725,,0.5143125,
22143600,2.477097,,0.61927425,
22144500,2.896944,,0.724236,
22145400,3.306295,,0.82657375,
22146300,3.705149,,0.92628725,
22147200,4.104004,,1.026001,
22148100,4.481866,,1.1204665,
22149000,4.849232,,1.212308,
22149900,5.174613,,1.29365325,
22150800,5.520987,,1.38024675,
22151700,5.81488,,1.45372,
22152600,6.087781,,1.52194525,
22153500,6.339689,,1.58492225,
22154400,6.549612,,1.637403,
22155300,6.738543,,1.68463575,
22156200,6.895986,,1.7239965,
22157100,7.02194,,1.755485,
22158000,7.116406,,1.7791015,
22158900,7.179383,,1.79484575,
22159800,7.200375,,1.80009375,
22160700,7.137398,,1.7843495,
22161600,7.105909,,1.77647725,
22162500,7.053428,,1.763357,
22163400,6.948467,,1.73711675,
22164300,6.812017,,1.70300425,
22165200,6.633582,,1.6583955,
22166100,6.423658,,1.6059145,
22167000,6.192742,,1.5481855,
22167900,5.95133,,1.4878325,
22168800,5.667934,,1.4169835,
22169700,5.353048,,1.338262,
22170600,5.017171,,1.25429275,
22171500,4.660301,,1.16507525,
22172400,4.292935,,1.07323375,
22173300,3.904576,,0.976144,
22174200,3.48473,,0.8711825,
22175100,3.075379,,0.76884475,
22176000,2.655532,,0.663883,
22176900,2.235685,,0.55892125,
22177800,1.815838,,0.4539595,
22178700,1.416983,,0.35424575,
22179600,1.028625,,0.25715625,
22180500,0.661259,,0.16531475,
22181400,0.35687,,0.0892175,
22182300,0.125954,,0.0314885,
22183200,0,,0,
22184100,0,,0,
22185000,0,,0,
22185900,0,,0,
22186800,0,,0,
22187700,0,,0,
22188600,0,,0,
22189500,0,,0,
22190400,0,,0,
22191300,0,,0,
22192200,0,,0,
22193100,0,,0,
22194000,0,,0,
22194900,0,,0,
22195800,0,,0,
22196700,0,,0,
22197600,0,,0,
22198500,0,,0,
22199400,0,,0,
22200300,0,,0,
22201200,0,,0,
22202100,0,,0,
22203000,0,,0,
22203900,0,,0,
22204800,0,,0,
22205700,0,,0,
22206600,0,,0,
22207500,0,,0,
22208400,0,,0,
22209300,0,,0,
22210200,0,,0,
22211100,0,,0,
22212000,0,,0,
22212900,0,,0,
22213800,0,,0,
22214700,0,,0,
22215600,0,,0,
22216500,0,,0,
22217400,0,,0,
22218300,0,,0,
22219200,0,,0,
22220100,0,,0,
22221000,0,,0,
22221900,0,,0,
22222800,0,,0,
22223700,0,,0,
22224600,0.22042,,0.055105,
22225500,0.482824,,0.120706,
22226400,0.818702,,0.2046755,
22227300,1.186068,,0.296517,
22228200,1.574426,,0.3936065,
22229100,1.983777,,0.49594425,
22230000,2.403624,,0.600906,
22230900,2.812974,,0.7032435,
22231800,3.211829,,0.80295725,
22232700,3.62118,,0.905295,
22233600,4.009538,,1.0023845,
22234500,4.397897,,1.09947425,
22235400,4.733774,,1.1834435,
22236300,5.038163,,1.25954075,
22237200,5.363545,,1.34088625,
22238100,5.667934,,1.4169835,
22239000,5.930338,,1.4825845,
22239900,6.150758,,1.5376895,
22240800,6.371177,,1.59279425,
22241700,6.549612,,1.637403,
22242600,6.707055,,1.67676375,
22243500,6.833009,,1.70825225,
22244400,6.916978,,1.7292445,
22245300,6.979955,,1.74498875,
22246200,7.000948,,1.750237,
22247100,6.969459,,1.74236475,
22248000,6.927474,,1.7318685,
22248900,6.854001,,1.71350025,
22249800,6.738543,,1.68463575,
22250700,6.602093,,1.65052325,
22251600,6.434154,,1.6085385,
22252500,6.213735,,1.55343375,
22253400,5.982819,,1.49570475,
22254300,5.730911,,1.43272775,
22255200,5.447514,,1.3618785,
22256100,5.132629,,1.28315725,
22257000,4.796751,,1.19918775,
22257900,4.450377,,1.11259425,
22258800,4.072515,,1.01812875,
22259700,3.684157,,0.92103925,
22260600,3.285302,,0.8213255,
22261500,2.886448,,0.721612,
22262400,2.477097,,0.61927425,
22263300,2.067746,,0.5169365,
22264200,1.658395,,0.41459875,
22265100,1.259541,,0.31488525,
22266000,0.902671,,0.22566775,
22266900,0.566793,,0.14169825,
22267800,0.293893,,0.07347325,
22268700,0,,0,
22269600,0,,0,
22270500,0,,0,
22271400,0,,0,
22272300,0,,0,
22273200,0,,0,
22274100,0,,0,
22275000,0,,0,
22275900,0,,0,
22276800,0,,0,
22277700,0,,0,
22278600,0,,0,
22279500,0,,0,
22280400,0,,0,
22281300,0,,0,
22282200,0,,0,
22283100,0,,0,
22284000,0,,0,
22284900,0,,0,
22285800,0,,0,
22286700,0,,0,
22287600,0,,0,
22288500,0,,0,
22289400,0,,0,
22290300,0,,0,
22291200,0,,0,
22292100,0,,0,
22293000,0,,0,
22293900,0,,0,
22294800,0,,0,
22295700,0,,0,
22296600,0,,0,
22297500,0,,0,
22298400,0,,0,
22299300,0,,0,
22300200,0,,0,
22301100,0,,0,
22302000,0,,0,
22302900,0,,0,
22303800,0,,0,
22304700,0,,0,
22305600,0,,0,
22306500,0,,0,
22307400,0,,0,
22308300,0,,0,
22309200,0,,0,
22310100,0,,0,
22311000,0.13645,,0.0341125,
22311900,0.335878,,0.0839695,
22312800,0.619274,,0.1548185,
22313700,0.934159,,0.23353975,
22314600,1.291029,,0.32275725,
22315500,1.658395,,0.41459875,
22316400,2.025761,,0.50644025,
22317300,2.41412,,0.60353,
22318200,2.791982,,0.6979955,
22319100,3.180341,,0.79508525,
22320000,3.53721,,0.8843025,
22320900,3.904576,,0.976144,
22321800,4.240454,,1.0601135,
22322700,4.576332,,1.144083,
22323600,4.880721,,1.22018025,
22324500,5.164117,,1.29102925,
22325400,5.405529,,1.35138225,
22326300,5.646941,,1.41173525,
22327200,5.856865,,1.46421625,
22328100,6.0353,,1.508825,
22329000,6.17175,,1.5429375,
22329900,6.3082,,1.57705,
22330800,6.39217,,1.5980425,
22331700,6.455147,,1.61378675,
22332600,6.455147,,1.61378675,
22333500,6.39217,,1.5980425,
22334400,6.350185,,1.58754625,
22335300,6.276712,,1.569178,
22336200,6.17175,,1.5429375,
22337100,6.0353,,1.508825,
22338000,5.877857,,1.46946425,
22338900,5.67843,,1.4196075,
22339800,5.479002,,1.3697505,
22340700,5.227094,,1.3067735,
22341600,4.96469,,1.2411725,
22342500,4.681293,,1.17032325,
22343400,4.366408,,1.091602,
22344300,4.030531,,1.00763275,
22345200,3.684157,,0.92103925,
22346100,3.327287,,0.83182175,
22347000,2.959921,,0.73998025,
22347900,2.582059,,0.64551475,
22348800,2.204196,,0.551049,
22349700,1.826334,,0.4565835,
22350600,1.448472,,0.362118,
22351500,1.112594,,0.2781485,
22352400,0.776717,,0.19417925,
22353300,0.472328,,0.118082,
22354200,0.22042,,0.055105,
22355100,0,,0,
22356000,0,,0,
22356900,0,,0,
22357800,0,,0,
22358700,0,,0,
22359600,0,,0,
22360500,0,,0,
22361400,0,,0,
22362300,0,,0,
22363200,0,,0,
22364100,0,,0,
22365000,0,,0,
22365900,0,,0,
22366800,0,,0,
22367700,0,,0,
22368600,0,,0,
22369500,0,,0,
22370400,0,,0,
22371300,0,,0,
22372200,0,,0,
22373100,0,,0,
22374000,0,,0,
22374900,0,,0,
22375800,0,,0,
22376700,0,,0,
22377600,0,,0,
22378500,0,,0,
22379400,0,,0,
22380300,0,,0,
22381200,0,,0,
22382100,0,,0,
22383000,0,,0,
22383900,0,,0,
22384800,0,,0,
22385700,0,,0,
22386600,0,,0,
22387500,0,,0,
22388400,0,,0,
22389300,0,,0,
22390200,0,,0,
22391100,0,,0,
22392000,0,,0,
22392900,0,,0,
22393800,0,,0,
22394700,0,,0,
22395600,0,,0,
22396500,0,,0,
22397400,0.178435,,0.04460875,
22398300,0.430343,,0.10758575,
22399200,0.745228,,0.186307,
22400100,1.112594,,0.2781485,
22401000,1.500953,,0.37523825,
22401900,1.910304,,0.477576,
22402800,2.319654,,0.5799135,
22403700,2.729005,,0.68225125,
22404600,3.138356,,0.784589,
22405500,3.53721,,0.8843025,
22406400,3.915073,,0.97876825,
22407300,4.282439,,1.07060975,
22408200,4.649805,,1.16245125,
22409100,4.96469,,1.2411725,
22410000,5.279575,,1.31989375,
22410900,5.552476,,1.388119,
22411800,5.825376,,1.456344,
22412700,6.056292,,1.514073,
22413600,6.266215,,1.56655375,
22414500,6.434154,,1.6085385,
22415400,6.581101,,1.64527525,
22416300,6.707055,,1.67676375,
22417200,6.791024,,1.697756,
22418100,6.843505,,1.71087625,
22419000,6.864497,,1.71612425,
22419900,6.843505,,1.71087625,
22420800,6.80152,,1.70038,
22421700,6.717551,,1.67938775,
22422600,6.612589,,1.65314725,
22423500,6.476139,,1.61903475,
22424400,6.3082,,1.57705,
22425300,6.098277,,1.52456925,
22426200,5.867361,,1.46684025,
22427100,5.625949,,1.40648725,
22428000,5.342552,,1.335638,
22428900,5.038163,,1.25954075,
22429800,4.702286,,1.1755715,
22430700,4.355912,,1.088978,
22431600,3.988546,,0.9971365,
22432500,3.610684,,0.902671,
22433400,3.211829,,0.80295725,
22434300,2.812974,,0.7032435,
22435200,2.403624,,0.600906,
22436100,1.994273,,0.49856825,
22437000,1.584922,,0.3962305,
22437900,1.20706,,0.301765,
22438800,0.839694,,0.2099235,
22439700,0.503816,,0.125954,
22440600,0.241412,,0.060353,
22441500,0,,0,
22442400,0,,0,
22443300,0,,0,
22444200,0,,0,
22445100,0,,0,
22446000,0,,0,
22446900,0,,0,
22447800,0,,0,
22448700,0,,0,
22449600,0,,0,
22450500,0,,0,
22451400,0,,0,
22452300,0,,0,
22453200,0,,0,
22454100,0,,0,
22455000,0,,0,
22455900,0,,0,
22456800,0,,0,
22457700,0,,0,
22458600,0,,0,
22459500,0,,0,
22460400,0,,0,
22461300,0,,0,
22462200,0,,0,
22463100,0,,0,
22464000,0,,0,
22464900,0,,0,
22465800,0,,0,
22466700,0,,0,
22467600,0,,0,
22468500,0,,0,
22469400,0,,0,
22470300,0,,0,
22471200,0,,0,
22472100,0,,0,
22473000,0,,0,
22473900,0,,0,
22474800,0,,0,
22475700,0,,0,
22476600,0,,0,
22477500,0,,0,
22478400,0,,0,
22479300,0,,0,
22480200,0,,0,
22481100,0,,0,
22482000,0,,0,
22482900,0,,0,
22483800,0.157443,,0.03936075,
22484700,0.388358,,0.0970895,
22485600,0.692747,,0.17318675,
22486500,1.039121,,0.25978025,
22487400,1.42748,,0.35687,
22488300,1.83683,,0.4592075,
22489200,2.246181,,0.56154525,
22490100,2.655532,,0.663883,
22491000,3.064883,,0.76622075,
22491900,3.48473,,0.8711825,
22492800,3.873088,,0.968272,
22493700,4.240454,,1.0601135,
22494600,4.597324,,1.149331,
22495500,4.954194,,1.2385485,
22496400,5.248087,,1.31202175,
22497300,5.54198,,1.385495,
22498200,5.804384,,1.451096,
22499100,6.066788,,1.516697,
22500000,6.276712,,1.569178,
22500900,6.455147,,1.61378675,
22501800,6.581101,,1.64527525,
22502700,6.707055,,1.67676375,
22503600,6.80152,,1.70038,
22504500,6.854001,,1.71350025,
22505400,6.874994,,1.7187485,
22506300,6.738543,,1.68463575,
22507200,6.696559,,1.67413975,
22508100,6.623085,,1.65577125,
22509000,6.518124,,1.629531,
22509900,6.350185,,1.58754625,
22510800,6.182246,,1.5455615,
22511700,5.982819,,1.49570475,
22512600,5.751903,,1.43797575,
22513500,5.499995,,1.37499875,
22514400,5.216598,,1.3041495,
22515300,4.901713,,1.22542825,
22516200,4.586828,,1.146707,
22517100,4.25095,,1.0627375,
22518000,3.883584,,0.970896,
22518900,3.505722,,0.8764305,
22519800,3.106867,,0.77671675,
22520700,2.729005,,0.68225125,
22521600,2.319654,,0.5799135,
22522500,1.910304,,0.477576,
22523400,1.511449,,0.37786225,
22524300,1.133587,,0.28339675,
22525200,0.776717,,0.19417925,
22526100,0.451335,,0.11283375,
22527000,0.199427,,0.04985675,
22527900,0,,0,
22528800,0,,0,
22529700,0,,0,
22530600,0,,0,
22531500,0,,0,
22532400,0,,0,
22533300,0,,0,
22534200,0,,0,
22535100,0,,0,
22536000,0,,0,
22536900,0,,0,
22537800,0,,0,
22538700,0,,0,
22539600,0,,0,
22540500,0,,0,
22541400,0,,0,
22542300,0,,0,
22543200,0,,0,
22544100,0,,0,
22545000,0,,0,
22545900,0,,0,
22546800,0,,0,
22547700,0,,0,
22548600,0,,0,
22549500,0,,0,
22550400,0,,0,
22551300,0,,0,
22552200,0,,0,
22553100,0,,0,
22554000,0,,0,
22554900,0,,0,
22555800,0,,0,
22556700,0,,0,
22557600,0,,0,
22558500,0,,0,
22559400,0,,0,
22560300,0,,0,
22561200,0,,0,
22562100,0,,0,
22563000,0,,0,
22563900,0,,0,
22564800,0,,0,
22565700,0,,0,
22566600,0,,0,
22567500,0,,0,
22568400,0,,0,
22569300,0,,0,
22570200,0.13645,,0.0341125,
22571100,0.35687,,0.0892175,
22572000,0.661259,,0.16531475,
22572900,1.018129,,0.25453225,
22573800,1.416983,,0.35424575,
22574700,1.815838,,0.4539595,
22575600,2.225189,,0.55629725,
22576500,2.645036,,0.661259,
22577400,3.04389,,0.7609725,
22578300,3.453241,,0.86331025,
22579200,3.841599,,0.96039975,
22580100,4.219462,,1.0548655,
22581000,4.576332,,1.144083,
22581900,4.912209,,1.22805225,
22582800,5.227094,,1.3067735,
22583700,5.520987,,1.38024675,
22584600,5.793888,,1.448472,
22585500,6.014307,,1.50357675,
22586400,6.224231,,1.55605775,
22587300,6.413162,,1.6032905,
22588200,6.560108,,1.640027,
22589100,6.686062,,1.6715155,
22590000,6.770032,,1.692508,
22590900,6.822513,,1.70562825,
22591800,6.854001,,1.71350025,
22592700,6.749039,,1.68725975,
22593600,6.717551,,1.67938775,
22594500,6.612589,,1.65314725,
22595400,6.507627,,1.62690675,
22596300,6.371177,,1.59279425,
22597200,6.192742,,1.5481855,
22598100,5.993315,,1.49832875,
22599000,5.762399,,1.44059975,
22599900,5.489499,,1.37237475,
22600800,5.206102,,1.3015255,
22601700,4.891217,,1.22280425,
22602600,4.565835,,1.14145875,
22603500,4.208966,,1.0522415,
22604400,3.841599,,0.96039975,
22605300,3.463737,,0.86593425,
22606200,3.064883,,0.76622075,
22607100,2.666028,,0.666507,
22608000,2.256677,,0.56416925,
22608900,1.847327,,0.46183175,
22609800,1.448472,,0.362118,
22610700,1.060114,,0.2650285,
22611600,0.71374,,0.178435,
22612500,0.398855,,0.09971375,
22613400,0.167939,,0.04198475,
22614300,0,,0,
22615200,0,,0,
22616100,0,,0,
22617000,0,,0,
22617900,0,,0,
22618800,0,,0,
22619700,0,,0,
22620600,0,,0,
22621500,0,,0,
22622400,0,,0,
22623300,0,,0,
22624200,0,,0,
22625100,0,,0,
22626000,0,,0,
22626900,0,,0,
22627800,0,,0,
22628700,0,,0,
22629600,0,,0,
22630500,0,,0,
22631400,0,,0,
22632300,0,,0,
22633200,0,,0,
22634100,0,,0,
22635000,0,,0,
22635900,0,,0,
22636800,0,,0,
22637700,0,,0,
22638600,0,,0,
22639500,0,,0,
22640400,0,,0,
22641300,0,,0,
22642200,0,,0,
22643100,0,,0,
22644000,0,,0,
22644900,0,,0,
22645800,0,,0,
22646700,0,,0,
22647600,0,,0,
22648500,0,,0,
22649400,0,,0,
22650300,0,,0,
22651200,0,,0,
22652100,0,,0,
22653000,0,,0,
22653900,0,,0,
22654800,0,,0,
22655700,0,,0,
22656600,0.104962,,0.0262405,
22657500,0.314885,,0.07872125,
22658400,0.608778,,0.1521945,
22659300,0.955152,,0.238788,
22660200,1.333014,,0.3332535,
22661100,1.721372,,0.430343,
22662000,2.141219,,0.53530475,
22662900,2.55057,,0.6376425,
22663800,2.949425,,0.73735625,
22664700,3.348279,,0.83706975,
22665600,3.736638,,0.9341595,
22666500,4.1145,,1.028625,
22667400,4.47137,,1.1178425,
22668300,4.786255,,1.19656375,
22669200,5.10114,,1.275285,
22670100,5.384537,,1.34613425,
22671000,5.657437,,1.41435925,
22671900,5.898849,,1.47471225,
22672800,6.108773,,1.52719325,
22673700,6.287208,,1.571802,
22674600,6.434154,,1.6085385,
22675500,6.549612,,1.637403,
22676400,6.633582,,1.6583955,
22677300,6.696559,,1.67413975,
22678200,6.707055,,1.67676375,
22679100,6.717551,,1.67938775,
22680000,6.675566,,1.6688915,
22680900,6.591597,,1.64789925,
22681800,6.486635,,1.62165875,
22682700,6.350185,,1.58754625,
22683600,6.17175,,1.5429375,
22684500,5.972323,,1.49308075,
22685400,5.741407,,1.43535175,
22686300,5.468506,,1.3671265,
22687200,5.174613,,1.29365325,
22688100,4.880721,,1.22018025,
22689000,4.544843,,1.13621075,
22689900,4.219462,,1.0548655,
22690800,3.841599,,0.96039975,
22691700,3.463737,,0.86593425,
22692600,3.064883,,0.76622075,
22693500,2.666028,,0.666507,
22694400,2.246181,,0.56154525,
22695300,1.83683,,0.4592075,
22696200,1.42748,,0.35687,
22697100,1.049617,,0.26240425,
22698000,0.692747,,0.17318675,
22698900,0.377862,,0.0944655,
22699800,0.146946,,0.0367365,
22700700,0,,0,
22701600,0,,0,
22702500,0,,0,
22703400,0,,0,
22704300,0,,0,
22705200,0,,0,
22706100,0,,0,
22707000,0,,0,
22707900,0,,0,
22708800,0,,0,
22709700,0,,0,
22710600,0,,0,
22711500,0,,0,
22712400,0,,0,
22713300,0,,0,
22714200,0,,0,
22715100,0,,0,
22716000,0,,0,
22716900,0,,0,
22717800,0,,0,
22718700,0,,0,
22719600,0,,0,
22720500,0,,0,
22721400,0,,0,
22722300,0,,0,
22723200,0,,0,
22724100,0,,0,
22725000,0,,0,
22725900,0,,0,
22726800,0,,0,
22727700,0,,0,
22728600,0,,0,
22729500,0,,0,
22730400,0,,0,
22731300,0,,0,
22732200,0,,0,
22733100,0,,0,
22734000,0,,0,
22734900,0,,0,
22735800,0,,0,
22736700,0,,0,
22737600,0,,0,
22738500,0,,0,
22739400,0,,0,
22740300,0,,0,
22741200,0,,0,
22742100,0,,0,
22743000,0,,0,
22743900,0.304389,,0.07609725,
22744800,0.598282,,0.1495705,
22745700,0.955152,,0.238788,
22746600,1.34351,,0.3358775,
22747500,1.752861,,0.43821525,
22748400,2.162212,,0.540553,
22749300,2.582059,,0.64551475,
22750200,2.991409,,0.74785225,
22751100,3.390264,,0.847566,
22752000,3.789119,,0.94727975,
22752900,4.166981,,1.04174525,
22753800,4.523851,,1.13096275,
22754700,4.870224,,1.217556,
22755600,5.18511,,1.2962775,
22756500,5.489499,,1.37237475,
22757400,5.751903,,1.43797575,
22758300,5.993315,,1.49832875,
22759200,6.203238,,1.5508095,
22760100,6.39217,,1.5980425,
22761000,6.539116,,1.634779,
22761900,6.654574,,1.6636435,
22762800,6.749039,,1.68725975,
22763700,6.791024,,1.697756,
22764600,6.812017,,1.70300425,
22765500,6.791024,,1.697756,
22766400,6.749039,,1.68725975,
22767300,6.66507,,1.6662675,
22768200,6.549612,,1.637403,
22769100,6.381673,,1.59541825,
22770000,6.203238,,1.5508095,
22770900,5.993315,,1.49832875,
22771800,5.762399,,1.44059975,
22772700,5.510491,,1.37762275,
22773600,5.206102,,1.3015255,
22774500,4.891217,,1.22280425,
22775400,4.555339,,1.13883475,
22776300,4.208966,,1.0522415,
22777200,3.831103,,0.95777575,
22778100,3.442745,,0.86068625,
22779000,3.04389,,0.7609725,
22779900,2.624043,,0.65601075,
22780800,2.214693,,0.55367325,
22781700,1.794846,,0.4487115,
22782600,1.395991,,0.34899775,
22783500,1.007633,,0.25190825,
22784400,0.650763,,0.16269075,
22785300,0.335878,,0.0839695,
22786200,0.115458,,0.0288645,
22787100,0,,0,
22788000,0,,0,
22788900,0,,0,
22789800,0,,0,
22790700,0,,0,
22791600,0,,0,
22792500,0,,0,
22793400,0,,0,
22794300,0,,0,
22795200,0,,0,
22796100,0,,0,
22797000,0,,0,
22797900,0,,0,
22798800,0,,0,
22799700,0,,0,
22800600,0,,0,
22801500,0,,0,
22802400,0,,0,
22803300,0,,0,
22804200,0,,0,
22805100,0,,0,
22806000,0,,0,
22806900,0,,0,
22807800,0,,0,
22808700,0,,0,
22809600,0,,0,
22810500,0,,0,
22811400,0,,0,
22812300,0,,0,
22813200,0,,0,
22814100,0,,0,
22815000,0,,0,
22815900,0,,0,
22816800,0,,0,
22817700,0,,0,
22818600,0,,0,
22819500,0,,0,
22820400,0,,0,
22821300,0,,0,
22822200,0,,0,
22823100,0,,0,
22824000,0,,0,
22824900,0,,0,
22825800,0,,0,
22826700,0,,0,
22827600,0,,0,
22828500,0,,0,
22829400,0,,0,
22830300,0.230916,,0.057729,
22831200,0.49332,,0.12333,
22832100,0.797709,,0.19942725,
22833000,1.144083,,0.28602075,
22833900,1.490457,,0.37261425,
22834800,1.868319,,0.46707975,
22835700,2.256677,,0.56416925,
22836600,2.63454,,0.658635,
22837500,2.991409,,0.74785225,
22838400,3.348279,,0.83706975,
22839300,3.694653,,0.92366325,
22840200,4.030531,,1.00763275,
22841100,4.376904,,1.094226,
22842000,4.681293,,1.17032325,
22842900,4.96469,,1.2411725,
22843800,5.216598,,1.3041495,
22844700,5.426522,,1.3566305,
22845600,5.625949,,1.40648725,
22846500,5.793888,,1.448472,
22847400,5.930338,,1.4825845,
22848300,6.024804,,1.506201,
22849200,6.108773,,1.52719325,
22850100,6.150758,,1.5376895,
22851000,6.17175,,1.5429375,
22851900,6.182246,,1.5455615,
22852800,6.119269,,1.52981725,
22853700,6.045796,,1.511449,
22854600,5.940834,,1.4852085,
22855500,5.793888,,1.448472,
22856400,5.625949,,1.40648725,
22857300,5.426522,,1.3566305,
22858200,5.216598,,1.3041495,
22859100,4.96469,,1.2411725,
22860000,4.691789,,1.17294725,
22860900,4.397897,,1.09947425,
22861800,4.072515,,1.01812875,
22862700,3.726142,,0.9315355,
22863600,3.379768,,0.844942,
22864500,3.022898,,0.7557245,
22865400,2.645036,,0.661259,
22866300,2.256677,,0.56416925,
22867200,1.878815,,0.46970375,
22868100,1.500953,,0.37523825,
22869000,1.144083,,0.28602075,
22869900,0.797709,,0.19942725,
22870800,0.49332,,0.12333,
22871700,0.241412,,0.060353,
22872600,0,,0,
22873500,0,,0,
22874400,0,,0,
22875300,0,,0,
22876200,0,,0,
22877100,0,,0,
22878000,0,,0,
22878900,0,,0,
22879800,0,,0,
22880700,0,,0,
22881600,0,,0,
22882500,0,,0,
22883400,0,,0,
22884300,0,,0,
22885200,0,,0,
22886100,0,,0,
22887000,0,,0,
22887900,0,,0,
22888800,0,,0,
22889700,0,,0,
22890600,0,,0,
22891500,0,,0,
22892400,0,,0,
22893300,0,,0,
22894200,0,,0,
22895100,0,,0,
22896000,0,,0,
22896900,0,,0,
22897800,0,,0,
22898700,0,,0,
22899600,0,,0,
22900500,0,,0,
22901400,0,,0,
22902300,0,,0,
22903200,0,,0,
22904100,0,,0,
22905000,0,,0,
22905900,0,,0,
22906800,0,,0,
22907700,0,,0,
22908600,0,,0,
22909500,0,,0,
22910400,0,,0,
22911300,0,,0,
22912200,0,,0,
22913100,0,,0,
22914000,0,,0,
22914900,0,,0,
22915800,0,,0,
22916700,0.209923,,0.05248075,
22917600,0.461832,,0.115458,
22918500,0.776717,,0.19417925,
22919400,1.123091,,0.28077275,
22920300,1.490457,,0.37261425,
22921200,1.878815,,0.46970375,
22922100,2.267173,,0.56679325,
22923000,2.655532,,0.663883,
22923900,3.033394,,0.7583485,
22924800,3.421753,,0.85543825,
22925700,3.778622,,0.9446555,
22926600,4.124996,,1.031249,
22927500,4.450377,,1.11259425,
22928400,4.765263,,1.19131575,
22929300,5.059156,,1.264789,
22930200,5.311064,,1.327766,
22931100,5.583964,,1.395991,
22932000,5.783392,,1.445848,
22932900,5.961826,,1.4904565,
22933800,6.098277,,1.52456925,
22934700,6.266215,,1.56655375,
22935600,6.350185,,1.58754625,
22936500,6.402666,,1.6006665,
22937400,6.423658,,1.6059145,
22938300,6.297704,,1.574426,
22939200,6.266215,,1.56655375,
22940100,6.182246,,1.5455615,
22941000,6.066788,,1.516697,
22941900,5.940834,,1.4852085,
22942800,5.751903,,1.43797575,
22943700,5.54198,,1.385495,
22944600,5.311064,,1.327766,
22945500,5.080148,,1.270037,
22946400,4.796751,,1.19918775,
22947300,4.502858,,1.1257145,
22948200,4.177477,,1.04436925,
22949100,3.841599,,0.96039975,
22950000,3.48473,,0.8711825,
22950900,3.106867,,0.77671675,
22951800,2.729005,,0.68225125,
22952700,2.351143,,0.58778575,
22953600,1.952288,,0.488072,
22954500,1.553434,,0.3883585,
22955400,1.175571,,0.29389275,
22956300,0.839694,,0.2099235,
22957200,0.514312,,0.128578,
22958100,0.241412,,0.060353,
22959000,0,,0,
22959900,0,,0,
22960800,0,,0,
22961700,0,,0,
22962600,0,,0,
22963500,0,,0,
22964400,0,,0,
22965300,0,,0,
22966200,0,,0,
22967100,0,,0,
22968000,0,,0,
22968900,0,,0,
22969800,0,,0,
22970700,0,,0,
22971600,0,,0,
22972500,0,,0,
22973400,0,,0,
22974300,0,,0,
22975200,0,,0,
22976100,0,,0,
22977000,0,,0,
22977900,0,,0,
22978800,0,,0,
22979700,0,,0,
22980600,0,,0,
22981500,0,,0,
22982400,0,,0,
22983300,0,,0,
22984200,0,,0,
22985100,0,,0,
22986000,0,,0,
22986900,0,,0,
22987800,0,,0,
22988700,0,,0,
22989600,0,,0,
22990500,0,,0,
22991400,0,,0,
22992300,0,,0,
22993200,0,,0,
22994100,0,,0,
22995000,0,,0,
22995900,0,,0,
22996800,0,,0,
22997700,0,,0,
22998600,0,,0,
22999500,0,,0,
23000400,0,,0,
23001300,0,,0,
23002200,0,,0,
23003100,0.22042,,0.055105,
23004000,0.482824,,0.120706,
23004900,0.797709,,0.19942725,
23005800,1.154579,,0.28864475,
23006700,1.542937,,0.38573425,
23007600,1.931296,,0.482824,
23008500,2.33015,,0.5825375,
23009400,2.718509,,0.67962725,
23010300,3.106867,,0.77671675,
23011200,3.474233,,0.86855825,
23012100,3.831103,,0.95777575,
23013000,4.177477,,1.04436925,
23013900,4.523851,,1.13096275,
23014800,4.82824,,1.20706,
23015700,5.090644,,1.272661,
23016600,5.353048,,1.338262,
23017500,5.573468,,1.393367,
23018400,5.772895,,1.44322375,
23019300,5.940834,,1.4852085,
23020200,6.077284,,1.519321,
23021100,6.17175,,1.5429375,
23022000,6.255719,,1.56392975,
23022900,6.287208,,1.571802,
23023800,6.3082,,1.57705,
23024700,6.266215,,1.56655375,
23025600,6.213735,,1.55343375,
23026500,6.129765,,1.53244125,
23027400,6.014307,,1.50357675,
23028300,5.856865,,1.46421625,
23029200,5.688926,,1.4222315,
23030100,5.479002,,1.3697505,
23031000,5.248087,,1.31202175,
23031900,4.996179,,1.24904475,
23032800,4.712782,,1.1781955,
23033700,4.408393,,1.10209825,
23034600,4.083011,,1.02075275,
23035500,3.747134,,0.9367835,
23036400,3.390264,,0.847566,
23037300,3.022898,,0.7557245,
23038200,2.645036,,0.661259,
23039100,2.246181,,0.56154525,
23040000,1.857823,,0.46445575,
23040900,1.469464,,0.367366,
23041800,1.102098,,0.2755245,
23042700,0.734732,,0.183683,
23043600,0.430343,,0.10758575,
23044500,0.188931,,0.04723275,
23045400,0,,0,
23046300,0,,0,
23047200,0,,0,
23048100,0,,0,
23049000,0,,0,
23049900,0,,0,
23050800,0,,0,
23051700,0,,0,
23052600,0,,0,
23053500,0,,0,
23054400,0,,0,
23055300,0,,0,
23056200,0,,0,
23057100,0,,0,
23058000,0,,0,
23058900,0,,0,
23059800,0,,0,
23060700,0,,0,
23061600,0,,0,
23062500,0,,0,
23063400,0,,0,
23064300,0,,0,
23065200,0,,0,
23066100,0,,0,
23067000,0,,0,
23067900,0,,0,
23068800,0,,0,
23069700,0,,0,
23070600,0,,0,
23071500,0,,0,
23072400,0,,0,
23073300,0,,0,
23074200,0,,0,
23075100,0,,0,
23076000,0,,0,
23076900,0,,0,
23077800,0,,0,
23078700,0,,0,
23079600,0,,0,
23080500,0,,0,
23081400,0,,0,
23082300,0,,0,
23083200,0,,0,
23084100,0,,0,
23085000,0,,0,
23085900,0,,0,
23086800,0,,0,
23087700,0,,0,
23088600,0,,0,
23089500,0.188931,,0.04723275,
23090400,0.430343,,0.10758575,
23091300,0.745228,,0.186307,
23092200,1.091602,,0.2729005,
23093100,1.458968,,0.364742,
23094000,1.847327,,0.46183175,
23094900,2.235685,,0.55892125,
23095800,2.63454,,0.658635,
23096700,3.022898,,0.7557245,
23097600,3.40076,,0.85019,
23098500,3.75763,,0.9394075,
23099400,4.093508,,1.023377,
23100300,4.439881,,1.10997025,
23101200,4.74427,,1.1860675,
23102100,5.027667,,1.25691675,
23103000,5.300568,,1.325142,
23103900,5.573468,,1.393367,
23104800,5.772895,,1.44322375,
23105700,5.95133,,1.4878325,
23106600,6.087781,,1.52194525,
23107500,6.224231,,1.55605775,
23108400,6.3082,,1.57705,
23109300,6.339689,,1.58492225,
23110200,6.360681,,1.59017025,
23111100,6.318696,,1.579674,
23112000,6.276712,,1.569178,
23112900,6.182246,,1.5455615,
23113800,6.066788,,1.516697,
23114700,5.877857,,1.46946425,
23115600,5.709918,,1.4274795,
23116500,5.489499,,1.37237475,
23117400,5.258583,,1.31464575,
23118300,4.954194,,1.2385485,
23119200,4.670797,,1.16769925,
23120100,4.355912,,1.088978,
23121000,4.030531,,1.00763275,
23121900,3.631676,,0.907919,
23122800,3.274806,,0.8187015,
23123700,2.90744,,0.72686,
23124600,2.519082,,0.6297705,
23125500,2.109731,,0.52743275,
23126400,1.731869,,0.43296725,
23127300,1.354006,,0.3385015,
23128200,0.997136,,0.249284,
23129100,0.661259,,0.16531475,
23130000,0.377862,,0.0944655,
23130900,0.146946,,0.0367365,
23131800,0,,0,
23132700,0,,0,
23133600,0,,0,
23134500,0,,0,
23135400,0,,0,
23136300,0,,0,
23137200,0,,0,
23138100,0,,0,
23139000,0,,0,
23139900,0,,0,
23140800,0,,0,
23141700,0,,0,
23142600,0,,0,
23143500,0,,0,
23144400,0,,0,
23145300,0,,0,
23146200,0,,0,
23147100,0,,0,
23148000,0,,0,
23148900,0,,0,
23149800,0,,0,
23150700,0,,0,
23151600,0,,0,
23152500,0,,0,
23153400,0,,0,
23154300,0,,0,
23155200,0,,0,
23156100,0,,0,
23157000,0,,0,
23157900,0,,0,
23158800,0,,0,
23159700,0,,0,
23160600,0,,0,
23161500,0,,0,
23162400,0,,0,
23163300,0,,0,
23164200,0,,0,
23165100,0,,0,
23166000,0,,0,
23166900,0,,0,
23167800,0,,0,
23168700,0,,0,
23169600,0,,0,
23170500,0,,0,
23171400,0,,0,
23172300,0,,0,
23173200,0,,0,
23174100,0,,0,
23175000,0,,0,
23175900,0.157443,,0.03936075,
23176800,0.388358,,0.0970895,
23177700,0.682251,,0.17056275,
23178600,1.007633,,0.25190825,
23179500,1.354006,,0.3385015,
23180400,1.721372,,0.430343,
23181300,2.088738,,0.5221845,
23182200,2.466601,,0.61665025,
23183100,2.833967,,0.70849175,
23184000,3.201333,,0.80033325,
23184900,3.547707,,0.88692675,
23185800,3.883584,,0.970896,
23186700,4.219462,,1.0548655,
23187600,4.513355,,1.12833875,
23188500,4.786255,,1.19656375,
23189400,5.038163,,1.25954075,
23190300,5.290071,,1.32251775,
23191200,5.489499,,1.37237475,
23192100,5.657437,,1.41435925,
23193000,5.793888,,1.448472,
23193900,5.909346,,1.4773365,
23194800,5.993315,,1.49832875,
23195700,6.045796,,1.511449,
23196600,6.066788,,1.516697,
23197500,5.95133,,1.4878325,
23198400,5.919842,,1.4799605,
23199300,5.835872,,1.458968,
23200200,5.720414,,1.4301035,
23201100,5.531483,,1.38287075,
23202000,5.374041,,1.34351025,
23202900,5.174613,,1.29365325,
23203800,4.943698,,1.2359245,
23204700,4.733774,,1.1834435,
23205600,4.450377,,1.11259425,
23206500,4.145988,,1.036497,
23207400,3.820607,,0.95515175,
23208300,3.505722,,0.8764305,
23209200,3.148852,,0.787213,
23210100,2.781486,,0.6953715,
23211000,2.41412,,0.60353,
23211900,2.046754,,0.5116885,
23212800,1.668892,,0.417223,
23213700,1.301525,,0.32538125,
23214600,0.955152,,0.238788,
23215500,0.62977,,0.1574425,
23216400,0.346374,,0.0865935,
23217300,0.13645,,0.0341125,
23218200,0,,0,
23219100,0,,0,
23220000,0,,0,
23220900,0,,0,
23221800,0,,0,
23222700,0,,0,
23223600,0,,0,
23224500,0,,0,
23225400,0,,0,
23226300,0,,0,
23227200,0,,0,
23228100,0,,0,
23229000,0,,0,
23229900,0,,0,
23230800,0,,0,
23231700,0,,0,
23232600,0,,0,
23233500,0,,0,
23234400,0,,0,
23235300,0,,0,
23236200,0,,0,
23237100,0,,0,
23238000,0,,0,
23238900,0,,0,
23239800,0,,0,
23240700,0,,0,
23241600,0,,0,
23242500,0,,0,
23243400,0,,0,
23244300,0,,0,
23245200,0,,0,
23246100,0,,0,
23247000,0,,0,
23247900,0,,0,
23248800,0,,0,
23249700,0,,0,
23250600,0,,0,
23251500,0,,0,
23252400,0,,0,
23253300,0,,0,
23254200,0,,0,
23255100,0,,0,
23256000,0,,0,
23256900,0,,0,
23257800,0,,0,
23258700,0,,0,
23259600,0,,0,
23260500,0,,0,
23261400,0,,0,
23262300,0.157443,,0.03936075,
23263200,0.398855,,0.09971375,
23264100,0.703244,,0.175811,
23265000,1.060114,,0.2650285,
23265900,1.448472,,0.362118,
23266800,1.847327,,0.46183175,
23267700,2.246181,,0.56154525,
23268600,2.645036,,0.661259,
23269500,3.054386,,0.7635965,
23270400,3.421753,,0.85543825,
23271300,3.789119,,0.94727975,
23272200,4.135492,,1.033873,
23273100,4.418889,,1.10472225,
23274000,4.712782,,1.1781955,
23274900,4.996179,,1.24904475,
23275800,5.258583,,1.31464575,
23276700,5.479002,,1.3697505,
23277600,5.67843,,1.4196075,
23278500,5.856865,,1.46421625,
23279400,5.993315,,1.49832875,
23280300,6.098277,,1.52456925,
23281200,6.17175,,1.5429375,
23282100,6.224231,,1.55605775,
23283000,6.234727,,1.55868175,
23283900,6.108773,,1.52719325,
23284800,6.056292,,1.514073,
23285700,5.982819,,1.49570475,
23286600,5.867361,,1.46684025,
23287500,5.699422,,1.4248555,
23288400,5.520987,,1.38024675,
23289300,5.32156,,1.33039,
23290200,5.090644,,1.272661,
23291100,4.82824,,1.20706,
23292000,4.534347,,1.13358675,
23292900,4.219462,,1.0548655,
23293800,3.89408,,0.97352,
23294700,3.547707,,0.88692675,
23295600,3.180341,,0.79508525,
23296500,2.812974,,0.7032435,
23297400,2.424616,,0.606154,
23298300,2.036258,,0.5090645,
23299200,1.658395,,0.41459875,
23300100,1.280533,,0.32013325,
23301000,0.923663,,0.23091575,
23301900,0.587786,,0.1469465,
23302800,0.314885,,0.07872125,
23303700,0.115458,,0.0288645,
23304600,0,,0,
23305500,0,,0,
23306400,0,,0,
23307300,0,,0,
23308200,0,,0,
23309100,0,,0,
23310000,0,,0,
23310900,0,,0,
23311800,0,,0,
23312700,0,,0,
23313600,0,,0,
23314500,0,,0,
23315400,0,,0,
23316300,0,,0,
23317200,0,,0,
23318100,0,,0,
23319000,0,,0,
23319900,0,,0,
23320800,0,,0,
23321700,0,,0,
23322600,0,,0,
23323500,0,,0,
23324400,0,,0,
23325300,0,,0,
23326200,0,,0,
23327100,0,,0,
23328000,0,,0,
23328900,0,,0,
23329800,0,,0,
23330700,0,,0,
23331600,0,,0,
23332500,0,,0,
23333400,0,,0,
23334300,0,,0,
23335200,0,,0,
23336100,0,,0,
23337000,0,,0,
23337900,0,,0,
23338800,0,,0,
23339700,0,,0,
23340600,0,,0,
23341500,0,,0,
23342400,0,,0,
23343300,0,,0,
23344200,0,,0,
23345100,0,,0,
23346000,0,,0,
23346900,0,,0,
23347800,0,,0,
23348700,0.13645,,0.0341125,
23349600,0.346374,,0.0865935,
23350500,0.640267,,0.16006675,
23351400,0.98664,,0.24666,
23352300,1.364503,,0.34112575,
23353200,1.742365,,0.43559125,
23354100,2.141219,,0.53530475,
23355000,2.519082,,0.6297705,
23355900,2.938929,,0.73473225,
23356800,3.316791,,0.82919775,
23357700,3.673661,,0.91841525,
23358600,4.020034,,1.0050085,
23359500,4.376904,,1.094226,
23360400,4.681293,,1.17032325,
23361300,4.96469,,1.2411725,
23362200,5.206102,,1.3015255,
23363100,5.437018,,1.3592545,
23364000,5.636445,,1.40911125,
23364900,5.793888,,1.448472,
23365800,5.930338,,1.4825845,
23366700,5.993315,,1.49832875,
23367600,6.066788,,1.516697,
23368500,6.119269,,1.52981725,
23369400,6.140261,,1.53506525,
23370300,5.940834,,1.4852085,
23371200,5.909346,,1.4773365,
23372100,5.825376,,1.456344,
23373000,5.709918,,1.4274795,
23373900,5.604957,,1.40123925,
23374800,5.426522,,1.3566305,
23375700,5.227094,,1.3067735,
23376600,4.996179,,1.24904475,
23377500,4.754767,,1.18869175,
23378400,4.47137,,1.1178425,
23379300,4.166981,,1.04174525,
23380200,3.841599,,0.96039975,
23381100,3.495226,,0.8738065,
23382000,3.148852,,0.787213,
23382900,2.77099,,0.6927475,
23383800,2.393128,,0.598282,
23384700,1.994273,,0.49856825,
23385600,1.616411,,0.40410275,
23386500,1.238548,,0.309637,
23387400,0.881679,,0.22041975,
23388300,0.566793,,0.14169825,
23389200,0.293893,,0.07347325,
23390100,0,,0,
23391000,0,,0,
23391900,0,,0,
23392800,0,,0,
23393700,0,,0,
23394600,0,,0,
23395500,0,,0,
23396400,0,,0,
23397300,0,,0,
23398200,0,,0,
23399100,0,,0,
23400000,0,,0,
23400900,0,,0,
23401800,0,,0,
23402700,0,,0,
23403600,0,,0,
23404500,0,,0,
23405400,0,,0,
23406300,0,,0,
23407200,0,,0,
23408100,0,,0,
23409000,0,,0,
23409900,0,,0,
23410800,0,,0,
23411700,0,,0,
23412600,0,,0,
23413500,0,,0,
23414400,0,,0,
23415300,0,,0,
23416200,0,,0,
23417100,0,,0,
23418000,0,,0,
23418900,0,,0,
23419800,0,,0,
23420700,0,,0,
23421600,0,,0,
23422500,0,,0,
23423400,0,,0,
23424300,0,,0,
23425200,0,,0,
23426100,0,,0,
23427000,0,,0,
23427900,0,,0,
23428800,0,,0,
23429700,0,,0,
23430600,0,,0,
23431500,0,,0,
23432400,0,,0,
23433300,0,,0,
23434200,0,,0,
23435100,0.115458,,0.0288645,
23436000,0.314885,,0.07872125,
23436900,0.587786,,0.1469465,
23437800,0.913167,,0.22829175,
23438700,1.259541,,0.31488525,
23439600,1.626907,,0.40672675,
23440500,2.004769,,0.50119225,
23441400,2.382631,,0.59565775,
23442300,2.729005,,0.68225125,
23443200,3.096371,,0.77409275,
23444100,3.442745,,0.86068625,
23445000,3.768126,,0.9420315,
23445900,4.041027,,1.01025675,
23446800,4.33492,,1.08373,
23447700,4.60782,,1.151955,
23448600,4.859728,,1.214932,
23449500,5.122133,,1.28053325,
23450400,5.32156,,1.33039,
23451300,5.499995,,1.37499875,
23452200,5.646941,,1.41173525,
23453100,5.825376,,1.456344,
23454000,5.909346,,1.4773365,
23454900,5.940834,,1.4852085,
23455800,5.95133,,1.4878325,
23456700,5.972323,,1.49308075,
23457600,5.898849,,1.47471225,
23458500,5.81488,,1.45372,
23459400,5.688926,,1.4222315,
23460300,5.531483,,1.38287075,
23461200,5.353048,,1.338262,
23462100,5.143125,,1.28578125,
23463000,4.912209,,1.22805225,
23463900,4.660301,,1.16507525,
23464800,4.3874,,1.09685,
23465700,4.083011,,1.02075275,
23466600,3.75763,,0.9394075,
23467500,3.390264,,0.847566,
23468400,3.04389,,0.7609725,
23469300,2.676524,,0.669131,
23470200,2.298662,,0.5746655,
23471100,1.910304,,0.477576,
23472000,1.532441,,0.38311025,
23472900,1.175571,,0.29389275,
23473800,0.829198,,0.2072995,
23474700,0.503816,,0.125954,
23475600,0.251908,,0.062977,
23476500,0,,0,
23477400,0,,0,
23478300,0,,0,
23479200,0,,0,
23480100,0,,0,
23481000,0,,0,
23481900,0,,0,
23482800,0,,0,
23483700,0,,0,
23484600,0,,0,
23485500,0,,0,
23486400,0,,0,
23487300,0,,0,
23488200,0,,0,
23489100,0,,0,
23490000,0,,0,
23490900,0,,0,
23491800,0,,0,
23492700,0,,0,
23493600,0,,0,
23494500,0,,0,
23495400,0,,0,
23496300,0,,0,
23497200,0,,0,
23498100,0,,0,
23499000,0,,0,
23499900,0,,0,
23500800,0,,0,
23501700,0,,0,
23502600,0,,0,
23503500,0,,0,
23504400,0,,0,
23505300,0,,0,
23506200,0,,0,
23507100,0,,0,
23508000,0,,0,
23508900,0,,0,
23509800,0,,0,
23510700,0,,0,
23511600,0,,0,
23512500,0,,0,
23513400,0,,0,
23514300,0,,0,
23515200,0,,0,
23516100,0,,0,
23517000,0,,0,
23517900,0,,0,
23518800,0,,0,
23519700,0,,0,
23520600,0,,0,
23521500,0,,0,
23522400,0.293893,,0.07347325,
23523300,0.566793,,0.14169825,
23524200,0.892175,,0.22304375,
23525100,1.259541,,0.31488525,
23526000,1.626907,,0.40672675,
23526900,2.015265,,0.50381625,
23527800,2.393128,,0.598282,
23528700,2.833967,,0.70849175,
23529600,3.211829,,0.80295725,
23530500,3.568699,,0.89217475,
23531400,3.915073,,0.97876825,
23532300,4.271943,,1.06798575,
23533200,4.576332,,1.144083,
23534100,4.849232,,1.212308,
23535000,5.10114,,1.275285,
23535900,5.374041,,1.34351025,
23536800,5.573468,,1.393367,
23537700,5.741407,,1.43535175,
23538600,5.877857,,1.46946425,
23539500,6.014307,,1.50357675,
23540400,6.087781,,1.52194525,
23541300,6.140261,,1.53506525,
23542200,6.150758,,1.5376895,
23543100,6.077284,,1.519321,
23544000,6.0353,,1.508825,
23544900,5.940834,,1.4852085,
23545800,5.825376,,1.456344,
23546700,5.688926,,1.4222315,
23547600,5.510491,,1.37762275,
23548500,5.300568,,1.325142,
23549400,5.059156,,1.264789,
23550300,4.796751,,1.19918775,
23551200,4.492362,,1.1230905,
23552100,4.187973,,1.04699325,
23553000,3.852096,,0.963024,
23553900,3.474233,,0.86855825,
23554800,3.106867,,0.77671675,
23555700,2.739501,,0.68487525,
23556600,2.340647,,0.58516175,
23557500,1.931296,,0.482824,
23558400,1.542937,,0.38573425,
23559300,1.165075,,0.29126875,
23560200,0.808205,,0.20205125,
23561100,0.482824,,0.120706,
23562000,0.22042,,0.055105,
23562900,0,,0,
23563800,0,,0,
23564700,0,,0,
23565600,0,,0,
23566500,0,,0,
23567400,0,,0,
23568300,0,,0,
23569200,0,,0,
23570100,0,,0,
23571000,0,,0,
23571900,0,,0,
23572800,0,,0,
23573700,0,,0,
23574600,0,,0,
23575500,0,,0,
23576400,0,,0,
23577300,0,,0,
23578200,0,,0,
23579100,0,,0,
23580000,0,,0,
23580900,0,,0,
23581800,0,,0,
23582700,0,,0,
23583600,0,,0,
23584500,0,,0,
23585400,0,,0,
23586300,0,,0,
23587200,0,,0,
23588100,0,,0,
23589000,0,,0,
23589900,0,,0,
23590800,0,,0,
23591700,0,,0,
23592600,0,,0,
23593500,0,,0,
23594400,0,,0,
23595300,0,,0,
23596200,0,,0,
23597100,0,,0,
23598000,0,,0,
23598900,0,,0,
23599800,0,,0,
23600700,0,,0,
23601600,0,,0,
23602500,0,,0,
23603400,0,,0,
23604300,0,,0,
23605200,0,,0,
23606100,0,,0,
23607000,0,,0,
23607900,0,,0,
23608800,0.251908,,0.062977,
23609700,0.514312,,0.128578,
23610600,0.839694,,0.2099235,
23611500,1.196564,,0.299141,
23612400,1.56393,,0.3909825,
23613300,1.941792,,0.485448,
23614200,2.319654,,0.5799135,
23615100,2.708013,,0.67700325,
23616000,3.075379,,0.76884475,
23616900,3.442745,,0.86068625,
23617800,3.778622,,0.9446555,
23618700,4.104004,,1.026001,
23619600,4.408393,,1.10209825,
23620500,4.691789,,1.17294725,
23621400,4.943698,,1.2359245,
23622300,5.18511,,1.2962775,
23623200,5.384537,,1.34613425,
23624100,5.552476,,1.388119,
23625000,5.688926,,1.4222315,
23625900,5.793888,,1.448472,
23626800,5.867361,,1.46684025,
23627700,5.919842,,1.4799605,
23628600,5.930338,,1.4825845,
23629500,5.888353,,1.47208825,
23630400,5.846369,,1.46159225,
23631300,5.741407,,1.43535175,
23632200,5.625949,,1.40648725,
23633100,5.45801,,1.3645025,
23634000,5.279575,,1.31989375,
23634900,5.080148,,1.270037,
23635800,4.838736,,1.209684,
23636700,4.555339,,1.13883475,
23637600,4.271943,,1.06798575,
23638500,3.957057,,0.98926425,
23639400,3.631676,,0.907919,
23640300,3.26431,,0.8160775,
23641200,2.90744,,0.72686,
23642100,2.540074,,0.6350185,
23643000,2.162212,,0.540553,
23643900,1.784349,,0.44608725,
23644800,1.416983,,0.35424575,
23645700,1.049617,,0.26240425,
23646600,0.71374,,0.178435,
23647500,0.409351,,0.10233775,
23648400,0.178435,,0.04460875,
23649300,0,,0,
23650200,0,,0,
23651100,0,,0,
23652000,0,,0,
23652900,0,,0,
23653800,0,,0,
23654700,0,,0,
23655600,0,,0,
23656500,0,,0,
23657400,0,,0,
23658300,0,,0,
23659200,0,,0,
23660100,0,,0,
23661000,0,,0,
23661900,0,,0,
23662800,0,,0,
23663700,0,,0,
23664600,0,,0,
23665500,0,,0,
23666400,0,,0,
23667300,0,,0,
23668200,0,,0,
23669100,0,,0,
23670000,0,,0,
23670900,0,,0,
23671800,0,,0,
23672700,0,,0,
23673600,0,,0,
23674500,0,,0,
23675400,0,,0,
23676300,0,,0,
23677200,0,,0,
23678100,0,,0,
23679000,0,,0,
23679900,0,,0,
23680800,0,,0,
23681700,0,,0,
23682600,0,,0,
23683500,0,,0,
23684400,0,,0,
23685300,0,,0,
23686200,0,,0,
23687100,0,,0,
23688000,0,,0,
23688900,0,,0,
23689800,0,,0,
23690700,0,,0,
23691600,0,,0,
23692500,0,,0,
23693400,0,,0,
23694300,0,,0,
23695200,0.272901,,0.06822525,
23696100,0.566793,,0.14169825,
23697000,0.913167,,0.22829175,
23697900,1.280533,,0.32013325,
23698800,1.679388,,0.419847,
23699700,2.067746,,0.5169365,
23700600,2.466601,,0.61665025,
23701500,2.844463,,0.71111575,
23702400,3.222325,,0.80558125,
23703300,3.600187,,0.90004675,
23704200,3.946561,,0.98664025,
23705100,4.229958,,1.0574895,
23706000,4.544843,,1.13621075,
23706900,4.82824,,1.20706,
23707800,5.090644,,1.272661,
23708700,5.290071,,1.32251775,
23709600,5.489499,,1.37237475,
23710500,5.657437,,1.41435925,
23711400,5.804384,,1.451096,
23712300,5.867361,,1.46684025,
23713200,5.95133,,1.4878325,
23714100,5.993315,,1.49832875,
23715000,6.003811,,1.50095275,
23715900,5.919842,,1.4799605,
23716800,5.867361,,1.46684025,
23717700,5.783392,,1.445848,
23718600,5.657437,,1.41435925,
23719500,5.499995,,1.37499875,
23720400,5.311064,,1.327766,
23721300,5.10114,,1.275285,
23722200,4.838736,,1.209684,
23723100,4.586828,,1.146707,
23724000,4.292935,,1.07323375,
23724900,3.97805,,0.9945125,
23725800,3.642172,,0.910543,
23726700,3.306295,,0.82657375,
23727600,2.938929,,0.73473225,
23728500,2.561066,,0.6402665,
23729400,2.172708,,0.543177,
23730300,1.805342,,0.4513355,
23731200,1.416983,,0.35424575,
23732100,1.049617,,0.26240425,
23733000,0.703244,,0.175811,
23733900,0.388358,,0.0970895,
23734800,0.157443,,0.03936075,
23735700,0,,0,
23736600,0,,0,
23737500,0,,0,
23738400,0,,0,
23739300,0,,0,
23740200,0,,0,
23741100,0,,0,
23742000,0,,0,
23742900,0,,0,
23743800,0,,0,
23744700,0,,0,
23745600,0,,0,
23746500,0,,0,
23747400,0,,0,
23748300,0,,0,
23749200,0,,0,
23750100,0,,0,
23751000,0,,0,
23751900,0,,0,
23752800,0,,0,
23753700,0,,0,
23754600,0,,0,
23755500,0,,0,
23756400,0,,0,
23757300,0,,0,
23758200,0,,0,
23759100,0,,0,
23760000,0,,0,
23760900,0,,0,
23761800,0,,0,
23762700,0,,0,
23763600,0,,0,
23764500,0,,0,
23765400,0,,0,
23766300,0,,0,
23767200,0,,0,
23768100,0,,0,
23769000,0,,0,
23769900,0,,0,
23770800,0,,0,
23771700,0,,0,
23772600,0,,0,
23773500,0,,0,
23774400,0,,0,
23775300,0,,0,
23776200,0,,0,
23777100,0,,0,
23778000,0,,0,
23778900,0,,0,
23779800,0,,0,
23780700,0,,0,
23781600,0.199427,,0.04985675,
23782500,0.440839,,0.11020975,
23783400,0.745228,,0.186307,
23784300,1.081106,,0.2702765,
23785200,1.448472,,0.362118,
23786100,1.815838,,0.4539595,
23787000,2.1937,,0.548425,
23787900,2.613547,,0.65338675,
23788800,2.980913,,0.74522825,
23789700,3.337783,,0.83444575,
23790600,3.673661,,0.91841525,
23791500,4.041027,,1.01025675,
23792400,4.33492,,1.08373,
23793300,4.628812,,1.157203,
23794200,4.891217,,1.22280425,
23795100,5.111636,,1.277909,
23796000,5.311064,,1.327766,
23796900,5.479002,,1.3697505,
23797800,5.615453,,1.40386325,
23798700,5.730911,,1.43272775,
23799600,5.804384,,1.451096,
23800500,5.846369,,1.46159225,
23801400,5.856865,,1.46421625,
23802300,5.81488,,1.45372,
23803200,5.762399,,1.44059975,
23804100,5.667934,,1.4169835,
23805000,5.552476,,1.388119,
23805900,5.395033,,1.34875825,
23806800,5.216598,,1.3041495,
23807700,5.006675,,1.25166875,
23808600,4.765263,,1.19131575,
23809500,4.502858,,1.1257145,
23810400,4.219462,,1.0548655,
23811300,3.904576,,0.976144,
23812200,3.579195,,0.89479875,
23813100,3.211829,,0.80295725,
23814000,2.844463,,0.71111575,
23814900,2.477097,,0.61927425,
23815800,2.099235,,0.52480875,
23816700,1.721372,,0.430343,
23817600,1.34351,,0.3358775,
23818500,0.98664,,0.24666,
23819400,0.650763,,0.16269075,
23820300,0.367366,,0.0918415,
23821200,0.146946,,0.0367365,
23822100,0,,0,
23823000,0,,0,
23823900,0,,0,
23824800,0,,0,
23825700,0,,0,
23826600,0,,0,
23827500,0,,0,
23828400,0,,0,
23829300,0,,0,
23830200,0,,0,
23831100,0,,0,
23832000,0,,0,
23832900,0,,0,
23833800,0,,0,
23834700,0,,0,
23835600,0,,0,
23836500,0,,0,
23837400,0,,0,
23838300,0,,0,
23839200,0,,0,
23840100,0,,0,
23841000,0,,0,
23841900,0,,0,
23842800,0,,0,
23843700,0,,0,
23844600,0,,0,
23845500,0,,0,
23846400,0,,0,
23847300,0,,0,
23848200,0,,0,
23849100,0,,0,
23850000,0,,0,
23850900,0,,0,
23851800,0,,0,
23852700,0,,0,
23853600,0,,0,
23854500,0,,0,
23855400,0,,0,
23856300,0,,0,
23857200,0,,0,
23858100,0,,0,
23859000,0,,0,
23859900,0,,0,
23860800,0,,0,
23861700,0,,0,
23862600,0,,0,
23863500,0,,0,
23864400,0,,0,
23865300,0,,0,
23866200,0,,0,
23867100,0,,0,
23868000,0.178435,,0.04460875,
23868900,0.409351,,0.10233775,
23869800,0.703244,,0.175811,
23870700,1.018129,,0.25453225,
23871600,1.364503,,0.34112575,
23872500,1.721372,,0.430343,
23873400,2.088738,,0.5221845,
23874300,2.445608,,0.611402,
23875200,2.802478,,0.7006195,
23876100,3.148852,,0.787213,
23877000,3.48473,,0.8711825,
23877900,3.747134,,0.9367835,
23878800,4.041027,,1.01025675,
23879700,4.313927,,1.07848175,
23880600,4.565835,,1.14145875,
23881500,4.82824,,1.20706,
23882400,5.027667,,1.25691675,
23883300,5.195606,,1.2989015,
23884200,5.332056,,1.333014,
23885100,5.54198,,1.385495,
23886000,5.615453,,1.40386325,
23886900,5.667934,,1.4169835,
23887800,5.67843,,1.4196075,
23888700,5.625949,,1.40648725,
23889600,5.583964,,1.395991,
23890500,5.489499,,1.37237475,
23891400,5.374041,,1.34351025,
23892300,5.248087,,1.31202175,
23893200,5.069652,,1.267413,
23894100,4.859728,,1.214932,
23895000,4.628812,,1.157203,
23895900,4.376904,,1.094226,
23896800,4.083011,,1.02075275,
23897700,3.778622,,0.9446555,
23898600,3.453241,,0.86331025,
23899500,3.075379,,0.76884475,
23900400,2.708013,,0.67700325,
23901300,2.340647,,0.58516175,
23902200,1.973281,,0.49332025,
23903100,1.595418,,0.3988545,
23904000,1.238548,,0.309637,
23904900,0.892175,,0.22304375,
23905800,0.566793,,0.14169825,
23906700,0.293893,,0.07347325,
23907600,0.094466,,0.0236165,
23908500,0,,0,
23909400,0,,0,
23910300,0,,0,
23911200,0,,0,
23912100,0,,0,
23913000,0,,0,
23913900,0,,0,
23914800,0,,0,
23915700,0,,0,
23916600,0,,0,
23917500,0,,0,
23918400,0,,0,
23919300,0,,0,
23920200,0,,0,
23921100,0,,0,
23922000,0,,0,
23922900,0,,0,
23923800,0,,0,
23924700,0,,0,
23925600,0,,0,
23926500,0,,0,
23927400,0,,0,
23928300,0,,0,
23929200,0,,0,
23930100,0,,0,
23931000,0,,0,
23931900,0,,0,
23932800,0,,0,
23933700,0,,0,
23934600,0,,0,
23935500,0,,0,
23936400,0,,0,
23937300,0,,0,
23938200,0,,0,
23939100,0,,0,
23940000,0,,0,
23940900,0,,0,
23941800,0,,0,
23942700,0,,0,
23943600,0,,0,
23944500,0,,0,
23945400,0,,0,
23946300,0,,0,
23947200,0,,0,
23948100,0,,0,
23949000,0,,0,
23949900,0,,0,
23950800,0,,0,
23951700,0,,0,
23952600,0,,0,
23953500,0,,0,
23954400,0.178435,,0.04460875,
23955300,0.419847,,0.10496175,
23956200,0.724236,,0.181059,
23957100,1.07061,,0.2676525,
23958000,1.42748,,0.35687,
23958900,1.805342,,0.4513355,
23959800,2.1937,,0.548425,
23960700,2.582059,,0.64551475,
23961600,2.949425,,0.73735625,
23962500,3.306295,,0.82657375,
23963400,3.652668,,0.913167,
23964300,3.988546,,0.9971365,
23965200,4.282439,,1.07060975,
23966100,4.555339,,1.13883475,
23967000,4.807247,,1.20181175,
23967900,5.059156,,1.264789,
23968800,5.258583,,1.31464575,
23969700,5.426522,,1.3566305,
23970600,5.562972,,1.390743,
23971500,5.699422,,1.4248555,
23972400,5.762399,,1.44059975,
23973300,5.804384,,1.451096,
23974200,5.81488,,1.45372,
23975100,5.793888,,1.448472,
23976000,5.730911,,1.43272775,
23976900,5.646941,,1.41173525,
23977800,5.520987,,1.38024675,
23978700,5.384537,,1.34613425,
23979600,5.195606,,1.2989015,
23980500,4.985682,,1.2464205,
23981400,4.74427,,1.1860675,
23982300,4.492362,,1.1230905,
23983200,4.198469,,1.04961725,
23984100,3.883584,,0.970896,
23985000,3.547707,,0.88692675,
23985900,3.190837,,0.79770925,
23986800,2.823471,,0.70586775,
23987700,2.445608,,0.611402,
23988600,2.05725,,0.5143125,
23989500,1.679388,,0.419847,
23990400,1.291029,,0.32275725,
23991300,0.923663,,0.23091575,
23992200,0.587786,,0.1469465,
23993100,0.304389,,0.07609725,
23994000,0,,0,
23994900,0,,0,
23995800,0,,0,
23996700,0,,0,
23997600,0,,0,
23998500,0,,0,
23999400,0,,0,
24000300,0,,0,
24001200,0,,0,
24002100,0,,0,
24003000,0,,0,
24003900,0,,0,
24004800,0,,0,
24005700,0,,0,
24006600,0,,0,
24007500,0,,0,
24008400,0,,0,
24009300,0,,0,
24010200,0,,0,
24011100,0,,0,
24012000,0,,0,
24012900,0,,0,
24013800,0,,0,
24014700,0,,0,
24015600,0,,0,
24016500,0,,0,
24017400,0,,0,
24018300,0,,0,
24019200,0,,0,
24020100,0,,0,
24021000,0,,0,
24021900,0,,0,
24022800,0,,0,
24023700,0,,0,
24024600,0,,0,
24025500,0,,0,
24026400,0,,0,
24027300,0,,0,
24028200,0,,0,
24029100,0,,0,
24030000,0,,0,
24030900,0,,0,
24031800,0,,0,
24032700,0,,0,
24033600,0,,0,
24034500,0,,0,
24035400,0,,0,
24036300,0,,0,
24037200,0,,0,
24038100,0,,0,
24039000,0,,0,
24039900,0,,0,
24040800,0.125954,,0.0314885,
24041700,0.346374,,0.0865935,
24042600,0.619274,,0.1548185,
24043500,0.934159,,0.23353975,
24044400,1.270037,,0.31750925,
24045300,1.626907,,0.40672675,
24046200,1.983777,,0.49594425,
24047100,2.319654,,0.5799135,
24048000,2.68702,,0.671755,
24048900,3.022898,,0.7557245,
24049800,3.348279,,0.83706975,
24050700,3.600187,,0.90004675,
24051600,3.89408,,0.97352,
24052500,4.156485,,1.03912125,
24053400,4.397897,,1.09947425,
24054300,4.60782,,1.151955,
24055200,4.796751,,1.19918775,
24056100,4.943698,,1.2359245,
24057000,5.080148,,1.270037,
24057900,5.206102,,1.3015255,
24058800,5.279575,,1.31989375,
24059700,5.32156,,1.33039,
24060600,5.332056,,1.333014,
24061500,5.300568,,1.325142,
24062400,5.248087,,1.31202175,
24063300,5.153621,,1.28840525,
24064200,5.038163,,1.25954075,
24065100,4.891217,,1.22280425,
24066000,4.712782,,1.1781955,
24066900,4.492362,,1.1230905,
24067800,4.261446,,1.0653615,
24068700,4.009538,,1.0023845,
24069600,3.726142,,0.9315355,
24070500,3.442745,,0.86068625,
24071400,3.12786,,0.781965,
24072300,2.697517,,0.67437925,
24073200,2.382631,,0.59565775,
24074100,2.036258,,0.5090645,
24075000,1.689884,,0.422471,
24075900,1.34351,,0.3358775,
24076800,1.007633,,0.25190825,
24077700,0.682251,,0.17056275,
24078600,0.398855,,0.09971375,
24079500,0.167939,,0.04198475,
24080400,0,,0,
24081300,0,,0,
24082200,0,,0,
24083100,0,,0,
24084000,0,,0,
24084900,0,,0,
24085800,0,,0,
24086700,0,,0,
24087600,0,,0,
24088500,0,,0,
24089400,0,,0,
24090300,0,,0,
24091200,0,,0,
24092100,0,,0,
24093000,0,,0,
24093900,0,,0,
24094800,0,,0,
24095700,0,,0,
24096600,0,,0,
24097500,0,,0,
24098400,0,,0,
24099300,0,,0,
24100200,0,,0,
24101100,0,,0,
24102000,0,,0,
24102900,0,,0,
24103800,0,,0,
24104700,0,,0,
24105600,0,,0,
24106500,0,,0,
24107400,0,,0,
24108300,0,,0,
24109200,0,,0,
24110100,0,,0,
24111000,0,,0,
24111900,0,,0,
24112800,0,,0,
24113700,0,,0,
24114600,0,,0,
24115500,0,,0,
24116400,0,,0,
24117300,0,,0,
24118200,0,,0,
24119100,0,,0,
24120000,0,,0,
24120900,0,,0,
24121800,0,,0,
24122700,0,,0,
24123600,0,,0,
24124500,0,,0,
24125400,0,,0,
24126300,0,,0,
24127200,0.094466,,0.0236165,
24128100,0.293893,,0.07347325,
24129000,0.556297,,0.13907425,
24129900,0.881679,,0.22041975,
24130800,1.217556,,0.304389,
24131700,1.574426,,0.3936065,
24132600,1.931296,,0.482824,
24133500,2.309158,,0.5772895,
24134400,2.666028,,0.666507,
24135300,3.001906,,0.7504765,
24136200,3.327287,,0.83182175,
24137100,3.652668,,0.913167,
24138000,3.946561,,0.98664025,
24138900,4.229958,,1.0574895,
24139800,4.460874,,1.1152185,
24140700,4.702286,,1.1755715,
24141600,4.891217,,1.22280425,
24142500,5.048659,,1.26216475,
24143400,5.18511,,1.2962775,
24144300,5.32156,,1.33039,
24145200,5.395033,,1.34875825,
24146100,5.437018,,1.3592545,
24147000,5.447514,,1.3618785,
24147900,5.447514,,1.3618785,
24148800,5.384537,,1.34613425,
24149700,5.290071,,1.32251775,
24150600,5.143125,,1.28578125,
24151500,5.017171,,1.25429275,
24152400,4.838736,,1.209684,
24153300,4.628812,,1.157203,
24154200,4.376904,,1.094226,
24155100,4.124996,,1.031249,
24156000,3.831103,,0.95777575,
24156900,3.526714,,0.8816785,
24157800,3.201333,,0.80033325,
24158700,2.854959,,0.71373975,
24159600,2.508585,,0.62714625,
24160500,2.130723,,0.53268075,
24161400,1.763357,,0.44083925,
24162300,1.406487,,0.35162175,
24163200,1.049617,,0.26240425,
24164100,0.724236,,0.181059,
24165000,0.419847,,0.10496175,
24165900,0.188931,,0.04723275,
24166800,0,,0,
24167700,0,,0,
24168600,0,,0,
24169500,0,,0,
24170400,0,,0,
24171300,0,,0,
24172200,0,,0,
24173100,0,,0,
24174000,0,,0,
24174900,0,,0,
24175800,0,,0,
24176700,0,,0,
24177600,0,,0,
24178500,0,,0,
24179400,0,,0,
24180300,0,,0,
24181200,0,,0,
24182100,0,,0,
24183000,0,,0,
24183900,0,,0,
24184800,0,,0,
24185700,0,,0,
24186600,0,,0,
24187500,0,,0,
24188400,0,,0,
24189300,0,,0,
24190200,0,,0,
24191100,0,,0,
24192000,0,,0,
24192900,0,,0,
24193800,0,,0,
24194700,0,,0,
24195600,0,,0,
24196500,0,,0,
24197400,0,,0,
24198300,0,,0,
24199200,0,,0,
24200100,0,,0,
24201000,0,,0,
24201900,0,,0,
24202800,0,,0,
24203700,0,,0,
24204600,0,,0,
24205500,0,,0,
24206400,0,,0,
24207300,0,,0,
24208200,0,,0,
24209100,0,,0,
24210000,0,,0,
24210900,0,,0,
24211800,0,,0,
24212700,0,,0,
24213600,0.104962,,0.0262405,
24214500,0.293893,,0.07347325,
24215400,0.545801,,0.13645025,
24216300,0.881679,,0.22041975,
24217200,1.217556,,0.304389,
24218100,1.56393,,0.3909825,
24219000,1.931296,,0.482824,
24219900,2.309158,,0.5772895,
24220800,2.666028,,0.666507,
24221700,3.022898,,0.7557245,
24222600,3.348279,,0.83706975,
24223500,3.673661,,0.91841525,
24224400,3.967554,,0.9918885,
24225300,4.240454,,1.0601135,
24226200,4.492362,,1.1230905,
24227100,4.723278,,1.1808195,
24228000,4.922705,,1.23067625,
24228900,5.080148,,1.270037,
24229800,5.216598,,1.3041495,
24230700,5.332056,,1.333014,
24231600,5.405529,,1.35138225,
24232500,5.447514,,1.3618785,
24233400,5.45801,,1.3645025,
24234300,5.447514,,1.3618785,
24235200,5.384537,,1.34613425,
24236100,5.300568,,1.325142,
24237000,5.174613,,1.29365325,
24237900,5.038163,,1.25954075,
24238800,4.849232,,1.212308,
24239700,4.639309,,1.15982725,
24240600,4.418889,,1.10472225,
24241500,4.156485,,1.03912125,
24242400,3.873088,,0.968272,
24243300,3.579195,,0.89479875,
24244200,3.253814,,0.8134535,
24245100,2.90744,,0.72686,
24246000,2.55057,,0.6376425,
24246900,2.183204,,0.545801,
24247800,1.815838,,0.4539595,
24248700,1.448472,,0.362118,
24249600,1.091602,,0.2729005,
24250500,0.745228,,0.186307,
24251400,0.440839,,0.11020975,
24252300,0.188931,,0.04723275,
24253200,0,,0,
24254100,0,,0,
24255000,0,,0,
24255900,0,,0,
24256800,0,,0,
24257700,0,,0,
24258600,0,,0,
24259500,0,,0,
24260400,0,,0,
24261300,0,,0,
24262200,0,,0,
24263100,0,,0,
24264000,0,,0,
24264900,0,,0,
24265800,0,,0,
24266700,0,,0,
24267600,0,,0,
24268500,0,,0,
24269400,0,,0,
24270300,0,,0,
24271200,0,,0,
24272100,0,,0,
24273000,0,,0,
24273900,0,,0,
24274800,0,,0,
24275700,0,,0,
24276600,0,,0,
24277500,0,,0,
24278400,0,,0,
24279300,0,,0,
24280200,0,,0,
24281100,0,,0,
24282000,0,,0,
24282900,0,,0,
24283800,0,,0,
24284700,0,,0,
24285600,0,,0,
24286500,0,,0,
24287400,0,,0,
24288300,0,,0,
24289200,0,,0,
24290100,0,,0,
24291000,0,,0,
24291900,0,,0,
24292800,0,,0,
24293700,0,,0,
24294600,0,,0,
24295500,0,,0,
24296400,0,,0,
24297300,0,,0,
24298200,0,,0,
24299100,0,,0,
24300000,0,,0,
24300900,0.293893,,0.07347325,
24301800,0.556297,,0.13907425,
24302700,0.871182,,0.2177955,
24303600,1.217556,,0.304389,
24304500,1.574426,,0.3936065,
24305400,1.941792,,0.485448,
24306300,2.27767,,0.5694175,
24307200,2.63454,,0.658635,
24308100,2.980913,,0.74522825,
24309000,3.306295,,0.82657375,
24309900,3.589691,,0.89742275,
24310800,3.883584,,0.970896,
24311700,4.145988,,1.036497,
24312600,4.397897,,1.09947425,
24313500,4.60782,,1.151955,
24314400,4.796751,,1.19918775,
24315300,4.96469,,1.2411725,
24316200,5.090644,,1.272661,
24317100,5.216598,,1.3041495,
24318000,5.290071,,1.32251775,
24318900,5.311064,,1.327766,
24319800,5.32156,,1.33039,
24320700,5.342552,,1.335638,
24321600,5.279575,,1.31989375,
24322500,5.195606,,1.2989015,
24323400,5.069652,,1.267413,
24324300,4.901713,,1.22542825,
24325200,4.723278,,1.1808195,
24326100,4.513355,,1.12833875,
24327000,4.271943,,1.06798575,
24327900,3.988546,,0.9971365,
24328800,3.705149,,0.92628725,
24329700,3.40076,,0.85019,
24330600,3.075379,,0.76884475,
24331500,2.729005,,0.68225125,
24332400,2.382631,,0.59565775,
24333300,2.025761,,0.50644025,
24334200,1.658395,,0.41459875,
24335100,1.291029,,0.32275725,
24336000,0.944656,,0.236164,
24336900,0.62977,,0.1574425,
24337800,0.346374,,0.0865935,
24338700,0.13645,,0.0341125,
24339600,0,,0,
24340500,0,,0,
24341400,0,,0,
24342300,0,,0,
24343200,0,,0,
24344100,0,,0,
24345000,0,,0,
24345900,0,,0,
24346800,0,,0,
24347700,0,,0,
24348600,0,,0,
24349500,0,,0,
24350400,0,,0,
24351300,0,,0,
24352200,0,,0,
24353100,0,,0,
24354000,0,,0,
24354900,0,,0,
24355800,0,,0,
24356700,0,,0,
24357600,0,,0,
24358500,0,,0,
24359400,0,,0,
24360300,0,,0,
24361200,0,,0,
24362100,0,,0,
24363000,0,,0,
24363900,0,,0,
24364800,0,,0,
24365700,0,,0,
24366600,0,,0,
24367500,0,,0,
24368400,0,,0,
24369300,0,,0,
24370200,0,,0,
24371100,0,,0,
24372000,0,,0,
24372900,0,,0,
24373800,0,,0,
24374700,0,,0,
24375600,0,,0,
24376500,0,,0,
24377400,0,,0,
24378300,0,,0,
24379200,0,,0,
24380100,0,,0,
24381000,0,,0,
24381900,0,,0,
24382800,0,,0,
24383700,0,,0,
24384600,0,,0,
24385500,0,,0,
24386400,0,,0,
24387300,0.262404,,0.065601,
24388200,0.524809,,0.13120225,
24389100,0.85019,,0.2125475,
24390000,1.196564,,0.299141,
24390900,1.553434,,0.3883585,
24391800,1.9208,,0.4802,
24392700,2.319654,,0.5799135,
24393600,2.68702,,0.671755,
24394500,3.033394,,0.7583485,
24395400,3.369272,,0.842318,
24396300,3.705149,,0.92628725,
24397200,4.009538,,1.0023845,
24398100,4.261446,,1.0653615,
24399000,4.502858,,1.1257145,
24399900,4.74427,,1.1860675,
24400800,4.933201,,1.23330025,
24401700,5.10114,,1.275285,
24402600,5.227094,,1.3067735,
24403500,5.332056,,1.333014,
24404400,5.405529,,1.35138225,
24405300,5.437018,,1.3592545,
24406200,5.447514,,1.3618785,
24407100,5.405529,,1.35138225,
24408000,5.342552,,1.335638,
24408900,5.248087,,1.31202175,
24409800,5.132629,,1.28315725,
24410700,4.985682,,1.2464205,
24411600,4.796751,,1.19918775,
24412500,4.586828,,1.146707,
24413400,4.345416,,1.086354,
24414300,4.072515,,1.01812875,
24415200,3.789119,,0.94727975,
24416100,3.463737,,0.86593425,
24417000,3.138356,,0.784589,
24417900,2.781486,,0.6953715,
24418800,2.424616,,0.606154,
24419700,2.05725,,0.5143125,
24420600,1.679388,,0.419847,
24421500,1.312022,,0.3280055,
24422400,0.955152,,0.238788,
24423300,0.62977,,0.1574425,
24424200,0.346374,,0.0865935,
24425100,0.13645,,0.0341125,
24426000,0,,0,
24426900,0,,0,
24427800,0,,0,
24428700,0,,0,
24429600,0,,0,
24430500,0,,0,
24431400,0,,0,
24432300,0,,0,
24433200,0,,0,
24434100,0,,0,
24435000,0,,0,
24435900,0,,0,
24436800,0,,0,
24437700,0,,0,
24438600,0,,0,
24439500,0,,0,
24440400,0,,0,
24441300,0,,0,
24442200,0,,0,
24443100,0,,0,
24444000,0,,0,
24444900,0,,0,
24445800,0,,0,
24446700,0,,0,
24447600,0,,0,
24448500,0,,0,
24449400,0,,0,
24450300,0,,0,
24451200,0,,0,
24452100,0,,0,
24453000,0,,0,
24453900,0,,0,
24454800,0,,0,
24455700,0,,0,
24456600,0,,0,
24457500,0,,0,
24458400,0,,0,
24459300,0,,0,
24460200,0,,0,
24461100,0,,0,
24462000,0,,0,
24462900,0,,0,
24463800,0,,0,
24464700,0,,0,
24465600,0,,0,
24466500,0,,0,
24467400,0,,0,
24468300,0,,0,
24469200,0,,0,
24470100,0,,0,
24471000,0,,0,
24471900,0,,0,
24472800,0,,0,
24473700,0.230916,,0.057729,
24474600,0.482824,,0.120706,
24475500,0.787213,,0.19680325,
24476400,1.123091,,0.28077275,
24477300,1.47996,,0.36999,
24478200,1.826334,,0.4565835,
24479100,2.204196,,0.551049,
24480000,2.55057,,0.6376425,
24480900,2.886448,,0.721612,
24481800,3.211829,,0.80295725,
24482700,3.526714,,0.8816785,
24483600,3.820607,,0.95515175,
24484500,4.083011,,1.02075275,
24485400,4.324423,,1.08110575,
24486300,4.513355,,1.12833875,
24487200,4.702286,,1.1755715,
24488100,4.859728,,1.214932,
24489000,4.996179,,1.24904475,
24489900,5.090644,,1.272661,
24490800,5.153621,,1.28840525,
24491700,5.195606,,1.2989015,
24492600,5.195606,,1.2989015,
24493500,5.153621,,1.28840525,
24494400,5.090644,,1.272661,
24495300,4.996179,,1.24904475,
24496200,4.880721,,1.22018025,
24497100,4.723278,,1.1808195,
24498000,4.544843,,1.13621075,
24498900,4.345416,,1.086354,
24499800,4.104004,,1.026001,
24500700,3.831103,,0.95777575,
24501600,3.547707,,0.88692675,
24502500,3.253814,,0.8134535,
24503400,2.928432,,0.732108,
24504300,2.571562,,0.6428905,
24505200,2.225189,,0.55629725,
24506100,1.878815,,0.46970375,
24507000,1.521945,,0.38048625,
24507900,1.165075,,0.29126875,
24508800,0.829198,,0.2072995,
24509700,0.535305,,0.13382625,
24510600,0.272901,,0.06822525,
24511500,0,,0,
24512400,0,,0,
24513300,0,,0,
24514200,0,,0,
24515100,0,,0,
24516000,0,,0,
24516900,0,,0,
24517800,0,,0,
24518700,0,,0,
24519600,0,,0,
24520500,0,,0,
24521400,0,,0,
24522300,0,,0,
24523200,0,,0,
24524100,0,,0,
24525000,0,,0,
24525900,0,,0,
24526800,0,,0,
24527700,0,,0,
24528600,0,,0,
24529500,0,,0,
24530400,0,,0,
24531300,0,,0,
24532200,0,,0,
24533100,0,,0,
24534000,0,,0,
24534900,0,,0,
24535800,0,,0,
24536700,0,,0,
24537600,0,,0,
24538500,0,,0,
24539400,0,,0,
24540300,0,,0,
24541200,0,,0,
24542100,0,,0,
24543000,0,,0,
24543900,0,,0,
24544800,0,,0,
24545700,0,,0,
24546600,0,,0,
24547500,0,,0,
24548400,0,,0,
24549300,0,,0,
24550200,0,,0,
24551100,0,,0,
24552000,0,,0,
24552900,0,,0,
24553800,0,,0,
24554700,0,,0,
24555600,0,,0,
24556500,0,,0,
24557400,0,,0,
24558300,0,,0,
24559200,0,,0,
24560100,0.209923,,0.05248075,
24561000,0.451335,,0.11283375,
24561900,0.745228,,0.186307,
24562800,1.081106,,0.2702765,
24563700,1.42748,,0.35687,
24564600,1.784349,,0.44608725,
24565500,2.130723,,0.53268075,
24566400,2.487593,,0.62189825,
24567300,2.823471,,0.70586775,
24568200,3.148852,,0.787213,
24569100,3.432249,,0.85806225,
24570000,3.726142,,0.9315355,
24570900,3.988546,,0.9971365,
24571800,4.240454,,1.0601135,
24572700,4.439881,,1.10997025,
24573600,4.628812,,1.157203,
24574500,4.786255,,1.19656375,
24575400,4.901713,,1.22542825,
24576300,5.006675,,1.25166875,
24577200,5.080148,,1.270037,
24578100,5.10114,,1.275285,
24579000,5.111636,,1.277909,
24579900,5.038163,,1.25954075,
24580800,4.975186,,1.2437965,
24581700,4.891217,,1.22280425,
24582600,4.765263,,1.19131575,
24583500,4.586828,,1.146707,
24584400,4.408393,,1.10209825,
24585300,4.198469,,1.04961725,
24586200,3.967554,,0.9918885,
24587100,3.705149,,0.92628725,
24588000,3.421753,,0.85543825,
24588900,3.12786,,0.781965,
24589800,2.812974,,0.7032435,
24590700,2.466601,,0.61665025,
24591600,2.130723,,0.53268075,
24592500,1.784349,,0.44608725,
24593400,1.437976,,0.359494,
24594300,1.091602,,0.2729005,
24595200,0.766221,,0.19155525,
24596100,0.472328,,0.118082,
24597000,0.230916,,0.057729,
24597900,0,,0,
24598800,0,,0,
24599700,0,,0,
24600600,0,,0,
24601500,0,,0,
24602400,0,,0,
24603300,0,,0,
24604200,0,,0,
24605100,0,,0,
24606000,0,,0,
24606900,0,,0,
24607800,0,,0,
24608700,0,,0,
24609600,0,,0,
24610500,0,,0,
24611400,0,,0,
24612300,0,,0,
24613200,0,,0,
24614100,0,,0,
24615000,0,,0,
24615900,0,,0,
24616800,0,,0,
24617700,0,,0,
24618600,0,,0,
24619500,0,,0,
24620400,0,,0,
24621300,0,,0,
24622200,0,,0,
24623100,0,,0,
24624000,0,,0,
24624900,0,,0,
24625800,0,,0,
24626700,0,,0,
24627600,0,,0,
24628500,0,,0,
24629400,0,,0,
24630300,0,,0,
24631200,0,,0,
24632100,0,,0,
24633000,0,,0,
24633900,0,,0,
24634800,0,,0,
24635700,0,,0,
24636600,0,,0,
24637500,0,,0,
24638400,0,,0,
24639300,0,,0,
24640200,0,,0,
24641100,0,,0,
24642000,0,,0,
24642900,0,,0,
24643800,0,,0,
24644700,0,,0,
24645600,0,,0,
24646500,0.125954,,0.0314885,
24647400,0.335878,,0.0839695,
24648300,0.598282,,0.1495705,
24649200,0.892175,,0.22304375,
24650100,1.217556,,0.304389,
24651000,1.521945,,0.38048625,
24651900,1.878815,,0.46970375,
24652800,2.204196,,0.551049,
24653700,2.529578,,0.6323945,
24654600,2.833967,,0.70849175,
24655500,3.117363,,0.77934075,
24656400,3.390264,,0.847566,
24657300,3.652668,,0.913167,
24658200,3.883584,,0.970896,
24659100,4.124996,,1.031249,
24660000,4.324423,,1.08110575,
24660900,4.47137,,1.1178425,
24661800,4.597324,,1.149331,
24662700,4.775759,,1.19393975,
24663600,4.849232,,1.212308,
24664500,4.880721,,1.22018025,
24665400,4.891217,,1.22280425,
24666300,4.880721,,1.22018025,
24667200,4.817744,,1.204436,
24668100,4.733774,,1.1834435,
24669000,4.60782,,1.151955,
24669900,4.492362,,1.1230905,
24670800,4.303431,,1.07585775,
24671700,4.093508,,1.023377,
24672600,3.873088,,0.968272,
24673500,3.610684,,0.902671,
24674400,3.337783,,0.83444575,
24675300,3.04389,,0.7609725,
24676200,2.729005,,0.68225125,
24677100,2.393128,,0.598282,
24678000,2.05725,,0.5143125,
24678900,1.710876,,0.427719,
24679800,1.364503,,0.34112575,
24680700,1.028625,,0.25715625,
24681600,0.71374,,0.178435,
24682500,0.430343,,0.10758575,
24683400,0.199427,,0.04985675,
24684300,0,,0,
24685200,0,,0,
24686100,0,,0,
24687000,0,,0,
24687900,0,,0,
24688800,0,,0,
24689700,0,,0,
24690600,0,,0,
24691500,0,,0,
24692400,0,,0,
24693300,0,,0,
24694200,0,,0,
24695100,0,,0,
24696000,0,,0,
24696900,0,,0,
24697800,0,,0,
24698700,0,,0,
24699600,0,,0,
24700500,0,,0,
24701400,0,,0,
24702300,0,,0,
24703200,0,,0,
24704100,0,,0,
24705000,0,,0,
24705900,0,,0,
24706800,0,,0,
24707700,0,,0,
24708600,0,,0,
24709500,0,,0,
24710400,0,,0,
24711300,0,,0,
24712200,0,,0,
24713100,0,,0,
24714000,0,,0,
24714900,0,,0,
24715800,0,,0,
24716700,0,,0,
24717600,0,,0,
24718500,0,,0,
24719400,0,,0,
24720300,0,,0,
24721200,0,,0,
24722100,0,,0,
24723000,0,,0,
24723900,0,,0,
24724800,0,,0,
24725700,0,,0,
24726600,0,,0,
24727500,0,,0,
24728400,0,,0,
24729300,0,,0,
24730200,0,,0,
24731100,0,,0,
24732000,0,,0,
24732900,0.13645,,0.0341125,
24733800,0.35687,,0.0892175,
24734700,0.619274,,0.1548185,
24735600,0.923663,,0.23091575,
24736500,1.249045,,0.31226125,
24737400,1.584922,,0.3962305,
24738300,1.899807,,0.47495175,
24739200,2.225189,,0.55629725,
24740100,2.55057,,0.6376425,
24741000,2.854959,,0.71373975,
24741900,3.12786,,0.781965,
24742800,3.390264,,0.847566,
24743700,3.652668,,0.913167,
24744600,3.89408,,0.97352,
24745500,4.104004,,1.026001,
24746400,4.292935,,1.07323375,
24747300,4.450377,,1.11259425,
24748200,4.565835,,1.14145875,
24749100,4.74427,,1.1860675,
24750000,4.807247,,1.20181175,
24750900,4.849232,,1.212308,
24751800,4.849232,,1.212308,
24752700,4.775759,,1.19393975,
24753600,4.733774,,1.1834435,
24754500,4.639309,,1.15982725,
24755400,4.523851,,1.13096275,
24756300,4.418889,,1.10472225,
24757200,4.240454,,1.0601135,
24758100,4.030531,,1.00763275,
24759000,3.810111,,0.95252775,
24759900,3.579195,,0.89479875,
24760800,3.295798,,0.8239495,
24761700,3.001906,,0.7504765,
24762600,2.68702,,0.671755,
24763500,2.319654,,0.5799135,
24764400,1.983777,,0.49594425,
24765300,1.647899,,0.41197475,
24766200,1.301525,,0.32538125,
24767100,0.955152,,0.238788,
24768000,0.650763,,0.16269075,
24768900,0.377862,,0.0944655,
24769800,0.157443,,0.03936075,
24770700,0,,0,
24771600,0,,0,
24772500,0,,0,
24773400,0,,0,
24774300,0,,0,
24775200,0,,0,
24776100,0,,0,
24777000,0,,0,
24777900,0,,0,
24778800,0,,0,
24779700,0,,0,
24780600,0,,0,
24781500,0,,0,
24782400,0,,0,
24783300,0,,0,
24784200,0,,0,
24785100,0,,0,
24786000,0,,0,
24786900,0,,0,
24787800,0,,0,
24788700,0,,0,
24789600,0,,0,
24790500,0,,0,
24791400,0,,0,
24792300,0,,0,
24793200,0,,0,
24794100,0,,0,
24795000,0,,0,
24795900,0,,0,
24796800,0,,0,
24797700,0,,0,
24798600,0,,0,
24799500,0,,0,
24800400,0,,0,
24801300,0,,0,
24802200,0,,0,
24803100,0,,0,
24804000,0,,0,
24804900,0,,0,
24805800,0,,0,
24806700,0,,0,
24807600,0,,0,
24808500,0,,0,
24809400,0,,0,
24810300,0,,0,
24811200,0,,0,
24812100,0,,0,
24813000,0,,0,
24813900,0,,0,
24814800,0,,0,
24815700,0,,0,
24816600,0,,0,
24817500,0,,0,
24818400,0,,0,
24819300,0.094466,,0.0236165,
24820200,0.283397,,0.07084925,
24821100,0.524809,,0.13120225,
24822000,0.808205,,0.20205125,
24822900,1.123091,,0.28077275,
24823800,1.437976,,0.359494,
24824700,1.763357,,0.44083925,
24825600,2.088738,,0.5221845,
24826500,2.403624,,0.600906,
24827400,2.708013,,0.67700325,
24828300,3.022898,,0.7557245,
24829200,3.274806,,0.8187015,
24830100,3.526714,,0.8816785,
24831000,3.75763,,0.9394075,
24831900,3.999042,,0.9997605,
24832800,4.177477,,1.04436925,
24833700,4.324423,,1.08110575,
24834600,4.450377,,1.11259425,
24835500,4.555339,,1.13883475,
24836400,4.60782,,1.151955,
24837300,4.649805,,1.16245125,
24838200,4.660301,,1.16507525,
24839100,4.597324,,1.149331,
24840000,4.534347,,1.13358675,
24840900,4.450377,,1.11259425,
24841800,4.324423,,1.08110575,
24842700,4.156485,,1.03912125,
24843600,3.988546,,0.9971365,
24844500,3.789119,,0.94727975,
24845400,3.568699,,0.89217475,
24846300,3.337783,,0.83444575,
24847200,3.075379,,0.76884475,
24848100,2.781486,,0.6953715,
24849000,2.477097,,0.61927425,
24849900,2.151716,,0.537929,
24850800,1.826334,,0.4565835,
24851700,1.500953,,0.37523825,
24852600,1.175571,,0.29389275,
24853500,0.881679,,0.22041975,
24854400,0.57729,,0.1443225,
24855300,0.314885,,0.07872125,
24856200,0.115458,,0.0288645,
24857100,0,,0,
24858000,0,,0,
24858900,0,,0,
24859800,0,,0,
24860700,0,,0,
24861600,0,,0,
24862500,0,,0,
24863400,0,,0,
24864300,0,,0,
24865200,0,,0,
24866100,0,,0,
24867000,0,,0,
24867900,0,,0,
24868800,0,,0,
24869700,0,,0,
24870600,0,,0,
24871500,0,,0,
24872400,0,,0,
24873300,0,,0,
24874200,0,,0,
24875100,0,,0,
24876000,0,,0,
24876900,0,,0,
24877800,0,,0,
24878700,0,,0,
24879600,0,,0,
24880500,0,,0,
24881400,0,,0,
24882300,0,,0,
24883200,0,,0,
24884100,0,,0,
24885000,0,,0,
24885900,0,,0,
24886800,0,,0,
24887700,0,,0,
24888600,0,,0,
24889500,0,,0,
24890400,0,,0,
24891300,0,,0,
24892200,0,,0,
24893100,0,,0,
24894000,0,,0,
24894900,0,,0,
24895800,0,,0,
24896700,0,,0,
24897600,0,,0,
24898500,0,,0,
24899400,0,,0,
24900300,0,,0,
24901200,0,,0,
24902100,0,,0,
24903000,0,,0,
24903900,0,,0,
24904800,0,,0,
24905700,0.13645,,0.0341125,
24906600,0.346374,,0.0865935,
24907500,0.640267,,0.16006675,
24908400,0.965648,,0.241412,
24909300,1.322518,,0.3306295,
24910200,1.679388,,0.419847,
24911100,2.046754,,0.5116885,
24912000,2.403624,,0.600906,
24912900,2.729005,,0.68225125,
24913800,3.064883,,0.76622075,
24914700,3.369272,,0.842318,
24915600,3.642172,,0.910543,
24916500,3.904576,,0.976144,
24917400,4.135492,,1.033873,
24918300,4.303431,,1.07585775,
24919200,4.47137,,1.1178425,
24920100,4.628812,,1.157203,
24921000,4.74427,,1.1860675,
24921900,4.807247,,1.20181175,
24922800,4.859728,,1.214932,
24923700,4.891217,,1.22280425,
24924600,4.880721,,1.22018025,
24925500,4.670797,,1.16769925,
24926400,4.60782,,1.151955,
24927300,4.513355,,1.12833875,
24928200,4.3874,,1.09685,
24929100,4.282439,,1.07060975,
24930000,4.104004,,1.026001,
24930900,3.89408,,0.97352,
24931800,3.663164,,0.915791,
24932700,3.442745,,0.86068625,
24933600,3.169844,,0.792461,
24934500,2.875951,,0.71898775,
24935400,2.561066,,0.6402665,
24936300,2.256677,,0.56416925,
24937200,1.9208,,0.4802,
24938100,1.584922,,0.3962305,
24939000,1.249045,,0.31226125,
24939900,0.934159,,0.23353975,
24940800,0.619274,,0.1548185,
24941700,0.35687,,0.0892175,
24942600,0.146946,,0.0367365,
24943500,0,,0,
24944400,0,,0,
24945300,0,,0,
24946200,0,,0,
24947100,0,,0,
24948000,0,,0,
24948900,0,,0,
24949800,0,,0,
24950700,0,,0,
24951600,0,,0,
24952500,0,,0,
24953400,0,,0,
24954300,0,,0,
24955200,0,,0,
24956100,0,,0,
24957000,0,,0,
24957900,0,,0,
24958800,0,,0,
24959700,0,,0,
24960600,0,,0,
24961500,0,,0,
24962400,0,,0,
24963300,0,,0,
24964200,0,,0,
24965100,0,,0,
24966000,0,,0,
24966900,0,,0,
24967800,0,,0,
24968700,0,,0,
24969600,0,,0,
24970500,0,,0,
24971400,0,,0,
24972300,0,,0,
24973200,0,,0,
24974100,0,,0,
24975000,0,,0,
24975900,0,,0,
24976800,0,,0,
24977700,0,,0,
24978600,0,,0,
24979500,0,,0,
24980400,0,,0,
24981300,0,,0,
24982200,0,,0,
24983100,0,,0,
24984000,0,,0,
24984900,0,,0,
24985800,0,,0,
24986700,0,,0,
24987600,0,,0,
24988500,0,,0,
24989400,0,,0,
24990300,0,,0,
24991200,0,,0,
24992100,0.104962,,0.0262405,
24993000,0.304389,,0.07609725,
24993900,0.587786,,0.1469465,
24994800,0.913167,,0.22829175,
24995700,1.259541,,0.31488525,
24996600,1.616411,,0.40410275,
24997500,1.983777,,0.49594425,
24998400,2.340647,,0.58516175,
24999300,2.68702,,0.671755,
25000200,3.022898,,0.7557245,
25001100,3.327287,,0.83182175,
25002000,3.62118,,0.905295,
25002900,3.873088,,0.968272,
25003800,4.1145,,1.028625,
25004700,4.345416,,1.086354,
25005600,4.534347,,1.13358675,
25006500,4.670797,,1.16769925,
25007400,4.786255,,1.19656375,
25008300,4.891217,,1.22280425,
25009200,4.943698,,1.2359245,
25010100,4.985682,,1.2464205,
25011000,4.975186,,1.2437965,
25011900,4.82824,,1.20706,
25012800,4.775759,,1.19393975,
25013700,4.670797,,1.16769925,
25014600,4.544843,,1.13621075,
25015500,4.366408,,1.091602,
25016400,4.187973,,1.04699325,
25017300,3.97805,,0.9945125,
25018200,3.747134,,0.9367835,
25019100,3.463737,,0.86593425,
25020000,3.180341,,0.79508525,
25020900,2.886448,,0.721612,
25021800,2.582059,,0.64551475,
25022700,2.225189,,0.55629725,
25023600,1.889311,,0.47232775,
25024500,1.553434,,0.3883585,
25025400,1.20706,,0.301765,
25026300,0.892175,,0.22304375,
25027200,0.57729,,0.1443225,
25028100,0.314885,,0.07872125,
25029000,0.115458,,0.0288645,
25029900,0,,0,
25030800,0,,0,
25031700,0,,0,
25032600,0,,0,
25033500,0,,0,
25034400,0,,0,
25035300,0,,0,
25036200,0,,0,
25037100,0,,0,
25038000,0,,0,
25038900,0,,0,
25039800,0,,0,
25040700,0,,0,
25041600,0,,0,
25042500,0,,0,
25043400,0,,0,
25044300,0,,0,
25045200,0,,0,
25046100,0,,0,
25047000,0,,0,
25047900,0,,0,
25048800,0,,0,
25049700,0,,0,
25050600,0,,0,
25051500,0,,0,
25052400,0,,0,
25053300,0,,0,
25054200,0,,0,
25055100,0,,0,
25056000,0,,0,
25056900,0,,0,
25057800,0,,0,
25058700,0,,0,
25059600,0,,0,
25060500,0,,0,
25061400,0,,0,
25062300,0,,0,
25063200,0,,0,
25064100,0,,0,
25065000,0,,0,
25065900,0,,0,
25066800,0,,0,
25067700,0,,0,
25068600,0,,0,
25069500,0,,0,
25070400,0,,0,
25071300,0,,0,
25072200,0,,0,
25073100,0,,0,
25074000,0,,0,
25074900,0,,0,
25075800,0,,0,
25076700,0,,0,
25077600,0,,0,
25078500,0,,0,
25079400,0.283397,,0.07084925,
25080300,0.545801,,0.13645025,
25081200,0.85019,,0.2125475,
25082100,1.186068,,0.296517,
25083000,1.532441,,0.38311025,
25083900,1.910304,,0.477576,
25084800,2.256677,,0.56416925,
25085700,2.592555,,0.64813875,
25086600,2.917936,,0.729484,
25087500,3.190837,,0.79770925,
25088400,3.48473,,0.8711825,
25089300,3.736638,,0.9341595,
25090200,3.988546,,0.9971365,
25091100,4.198469,,1.04961725,
25092000,4.376904,,1.094226,
25092900,4.555339,,1.13883475,
25093800,4.670797,,1.16769925,
25094700,4.82824,,1.20706,
25095600,4.901713,,1.22542825,
25096500,4.943698,,1.2359245,
25097400,4.943698,,1.2359245,
25098300,4.859728,,1.214932,
25099200,4.796751,,1.19918775,
25100100,4.702286,,1.1755715,
25101000,4.576332,,1.144083,
25101900,4.450377,,1.11259425,
25102800,4.271943,,1.06798575,
25103700,4.051523,,1.01288075,
25104600,3.810111,,0.95252775,
25105500,3.547707,,0.88692675,
25106400,3.274806,,0.8187015,
25107300,2.970417,,0.74260425,
25108200,2.645036,,0.661259,
25109100,2.298662,,0.5746655,
25110000,1.952288,,0.488072,
25110900,1.595418,,0.3988545,
25111800,1.249045,,0.31226125,
25112700,0.902671,,0.22566775,
25113600,0.587786,,0.1469465,
25114500,0.314885,,0.07872125,
25115400,0,,0,
25116300,0,,0,
25117200,0,,0,
25118100,0,,0,
25119000,0,,0,
25119900,0,,0,
25120800,0,,0,
25121700,0,,0,
25122600,0,,0,
25123500,0,,0,
25124400,0,,0,
25125300,0,,0,
25126200,0,,0,
25127100,0,,0,
25128000,0,,0,
25128900,0,,0,
25129800,0,,0,
25130700,0,,0,
25131600,0,,0,
25132500,0,,0,
25133400,0,,0,
25134300,0,,0,
25135200,0,,0,
25136100,0,,0,
25137000,0,,0,
25137900,0,,0,
25138800,0,,0,
25139700,0,,0,
25140600,0,,0,
25141500,0,,0,
25142400,0,,0,
25143300,0,,0,
25144200,0,,0,
25145100,0,,0,
25146000,0,,0,
25146900,0,,0,
25147800,0,,0,
25148700,0,,0,
25149600,0,,0,
25150500,0,,0,
25151400,0,,0,
25152300,0,,0,
25153200,0,,0,
25154100,0,,0,
25155000,0,,0,
25155900,0,,0,
25156800,0,,0,
25157700,0,,0,
25158600,0,,0,
25159500,0,,0,
25160400,0,,0,
25161300,0,,0,
25162200,0,,0,
25163100,0,,0,
25164000,0,,0,
25164900,0,,0,
25165800,0.251908,,0.062977,
25166700,0.49332,,0.12333,
25167600,0.787213,,0.19680325,
25168500,1.112594,,0.2781485,
25169400,1.437976,,0.359494,
25170300,1.815838,,0.4539595,
25171200,2.162212,,0.540553,
25172100,2.498089,,0.62452225,
25173000,2.812974,,0.7032435,
25173900,3.159348,,0.789837,
25174800,3.442745,,0.86068625,
25175700,3.705149,,0.92628725,
25176600,3.946561,,0.98664025,
25177500,4.166981,,1.04174525,
25178400,4.355912,,1.088978,
25179300,4.513355,,1.12833875,
25180200,4.639309,,1.15982725,
25181100,4.74427,,1.1860675,
25182000,4.807247,,1.20181175,
25182900,4.838736,,1.209684,
25183800,4.838736,,1.209684,
25184700,4.796751,,1.19918775,
25185600,4.733774,,1.1834435,
25186500,4.639309,,1.15982725,
25187400,4.513355,,1.12833875,
25188300,4.3874,,1.09685,
25189200,4.208966,,1.0522415,
25190100,3.988546,,0.9971365,
25191000,3.747134,,0.9367835,
25191900,3.505722,,0.8764305,
25192800,3.222325,,0.80558125,
25193700,2.917936,,0.729484,
25194600,2.603051,,0.65076275,
25195500,2.267173,,0.56679325,
25196400,1.9208,,0.4802,
25197300,1.56393,,0.3909825,
25198200,1.217556,,0.304389,
25199100,0.871182,,0.2177955,
25200000,0.556297,,0.13907425,
25200900,0.283397,,0.07084925,
25201800,0,,0,
25202700,0,,0,
25203600,0,,0,
25204500,0,,0,
25205400,0,,0,
25206300,0,,0,
25207200,0,,0,
25208100,0,,0,
25209000,0,,0,
25209900,0,,0,
25210800,0,,0,
25211700,0,,0,
25212600,0,,0,
25213500,0,,0,
25214400,0,,0,
25215300,0,,0,
25216200,0,,0,
25217100,0,,0,
25218000,0,,0,
25218900,0,,0,
25219800,0,,0,
25220700,0,,0,
25221600,0,,0,
25222500,0,,0,
25223400,0,,0,
25224300,0,,0,
25225200,0,,0,
25226100,0,,0,
25227000,0,,0,
25227900,0,,0,
25228800,0,,0,
25229700,0,,0,
25230600,0,,0,
25231500,0,,0,
25232400,0,,0,
25233300,0,,0,
25234200,0,,0,
25235100,0,,0,
25236000,0,,0,
25236900,0,,0,
25237800,0,,0,
25238700,0,,0,
25239600,0,,0,
25240500,0,,0,
25241400,0,,0,
25242300,0,,0,
25243200,0,,0,
25244100,0,,0,
25245000,0,,0,
25245900,0,,0,
25246800,0,,0,
25247700,0,,0,
25248600,0,,0,
25249500,0,,0,
25250400,0,,0,
25251300,0,,0,
25252200,0.251908,,0.062977,
25253100,0.49332,,0.12333,
25254000,0.797709,,0.19942725,
25254900,1.133587,,0.28339675,
25255800,1.469464,,0.367366,
25256700,1.805342,,0.4513355,
25257600,2.141219,,0.53530475,
25258500,2.466601,,0.61665025,
25259400,2.791982,,0.6979955,
25260300,3.075379,,0.76884475,
25261200,3.348279,,0.83706975,
25262100,3.610684,,0.902671,
25263000,3.841599,,0.96039975,
25263900,4.020034,,1.0050085,
25264800,4.208966,,1.0522415,
25265700,4.345416,,1.086354,
25266600,4.481866,,1.1204665,
25267500,4.513355,,1.12833875,
25268400,4.586828,,1.146707,
25269300,4.618316,,1.154579,
25270200,4.618316,,1.154579,
25271100,4.513355,,1.12833875,
25272000,4.460874,,1.1152185,
25272900,4.366408,,1.091602,
25273800,4.240454,,1.0601135,
25274700,4.083011,,1.02075275,
25275600,3.89408,,0.97352,
25276500,3.684157,,0.92103925,
25277400,3.453241,,0.86331025,
25278300,3.190837,,0.79770925,
25279200,2.917936,,0.729484,
25280100,2.624043,,0.65601075,
25281000,2.309158,,0.5772895,
25281900,1.952288,,0.488072,
25282800,1.626907,,0.40672675,
25283700,1.312022,,0.3280055,
25284600,0.98664,,0.24666,
25285500,0.671755,,0.16793875,
25286400,0.398855,,0.09971375,
25287300,0.178435,,0.04460875,
25288200,0,,0,
25289100,0,,0,
25290000,0,,0,
25290900,0,,0,
25291800,0,,0,
25292700,0,,0,
25293600,0,,0,
25294500,0,,0,
25295400,0,,0,
25296300,0,,0,
25297200,0,,0,
25298100,0,,0,
25299000,0,,0,
25299900,0,,0,
25300800,0,,0,
25301700,0,,0,
25302600,0,,0,
25303500,0,,0,
25304400,0,,0,
25305300,0,,0,
25306200,0,,0,
25307100,0,,0,
25308000,0,,0,
25308900,0,,0,
25309800,0,,0,
25310700,0,,0,
25311600,0,,0,
25312500,0,,0,
25313400,0,,0,
25314300,0,,0,
25315200,0,,0,
25316100,0,,0,
25317000,0,,0,
25317900,0,,0,
25318800,0,,0,
25319700,0,,0,
25320600,0,,0,
25321500,0,,0,
25322400,0,,0,
25323300,0,,0,
25324200,0,,0,
25325100,0,,0,
25326000,0,,0,
25326900,0,,0,
25327800,0,,0,
25328700,0,,0,
25329600,0,,0,
25330500,0,,0,
25331400,0,,0,
25332300,0,,0,
25333200,0,,0,
25334100,0,,0,
25335000,0,,0,
25335900,0,,0,
25336800,0,,0,
25337700,0,,0,
25338600,0.188931,,0.04723275,
25339500,0.430343,,0.10758575,
25340400,0.724236,,0.181059,
25341300,1.049617,,0.26240425,
25342200,1.385495,,0.34637375,
25343100,1.752861,,0.43821525,
25344000,2.099235,,0.52480875,
25344900,2.435112,,0.608778,
25345800,2.760494,,0.6901235,
25346700,3.064883,,0.76622075,
25347600,3.358775,,0.83969375,
25348500,3.610684,,0.902671,
25349400,3.841599,,0.96039975,
25350300,4.051523,,1.01288075,
25351200,4.229958,,1.0574895,
25352100,4.3874,,1.09685,
25353000,4.502858,,1.1257145,
25353900,4.576332,,1.144083,
25354800,4.649805,,1.16245125,
25355700,4.681293,,1.17032325,
25356600,4.691789,,1.17294725,
25357500,4.366408,,1.091602,
25358400,4.33492,,1.08373,
25359300,4.25095,,1.0627375,
25360200,4.124996,,1.031249,
25361100,3.967554,,0.9918885,
25362000,3.789119,,0.94727975,
25362900,3.579195,,0.89479875,
25363800,3.358775,,0.83969375,
25364700,3.117363,,0.77934075,
25365600,2.844463,,0.71111575,
25366500,2.55057,,0.6376425,
25367400,2.235685,,0.55892125,
25368300,1.9208,,0.4802,
25369200,1.595418,,0.3988545,
25370100,1.270037,,0.31750925,
25371000,0.955152,,0.238788,
25371900,0.661259,,0.16531475,
25372800,0.377862,,0.0944655,
25373700,0.157443,,0.03936075,
25374600,0,,0,
25375500,0,,0,
25376400,0,,0,
25377300,0,,0,
25378200,0,,0,
25379100,0,,0,
25380000,0,,0,
25380900,0,,0,
25381800,0,,0,
25382700,0,,0,
25383600,0,,0,
25384500,0,,0,
25385400,0,,0,
25386300,0,,0,
25387200,0,,0,
25388100,0,,0,
25389000,0,,0,
25389900,0,,0,
25390800,0,,0,
25391700,0,,0,
25392600,0,,0,
25393500,0,,0,
25394400,0,,0,
25395300,0,,0,
25396200,0,,0,
25397100,0,,0,
25398000,0,,0,
25398900,0,,0,
25399800,0,,0,
25400700,0,,0,
25401600,0,,0,
25402500,0,,0,
25403400,0,,0,
25404300,0,,0,
25405200,0,,0,
25406100,0,,0,
25407000,0,,0,
25407900,0,,0,
25408800,0,,0,
25409700,0,,0,
25410600,0,,0,
25411500,0,,0,
25412400,0,,0,
25413300,0,,0,
25414200,0,,0,
25415100,0,,0,
25416000,0,,0,
25416900,0,,0,
25417800,0,,0,
25418700,0,,0,
25419600,0,,0,
25420500,0,,0,
25421400,0,,0,
25422300,0,,0,
25423200,0,,0,
25424100,0,,0,
25425000,0.146946,,0.0367365,
25425900,0.367366,,0.0918415,
25426800,0.640267,,0.16006675,
25427700,0.944656,,0.236164,
25428600,1.270037,,0.31750925,
25429500,1.605915,,0.40147875,
25430400,1.941792,,0.485448,
25431300,2.256677,,0.56416925,
25432200,2.571562,,0.6428905,
25433100,2.90744,,0.72686,
25434000,3.190837,,0.79770925,
25434900,3.442745,,0.86068625,
25435800,3.663164,,0.915791,
25436700,3.883584,,0.970896,
25437600,4.062019,,1.01550475,
25438500,4.219462,,1.0548655,
25439400,4.355912,,1.088978,
25440300,4.47137,,1.1178425,
25441200,4.534347,,1.13358675,
25442100,4.565835,,1.14145875,
25443000,4.565835,,1.14145875,
25443900,4.586828,,1.146707,
25444800,4.523851,,1.13096275,
25445700,4.429385,,1.10734625,
25446600,4.303431,,1.07585775,
25447500,4.135492,,1.033873,
25448400,3.946561,,0.98664025,
25449300,3.736638,,0.9341595,
25450200,3.48473,,0.8711825,
25451100,3.222325,,0.80558125,
25452000,2.938929,,0.73473225,
25452900,2.645036,,0.661259,
25453800,2.33015,,0.5825375,
25454700,1.962784,,0.490696,
25455600,1.626907,,0.40672675,
25456500,1.301525,,0.32538125,
25457400,0.965648,,0.241412,
25458300,0.650763,,0.16269075,
25459200,0.377862,,0.0944655,
25460100,0.157443,,0.03936075,
25461000,0,,0,
25461900,0,,0,
25462800,0,,0,
25463700,0,,0,
25464600,0,,0,
25465500,0,,0,
25466400,0,,0,
25467300,0,,0,
25468200,0,,0,
25469100,0,,0,
25470000,0,,0,
25470900,0,,0,
25471800,0,,0,
25472700,0,,0,
25473600,0,,0,
25474500,0,,0,
25475400,0,,0,
25476300,0,,0,
25477200,0,,0,
25478100,0,,0,
25479000,0,,0,
25479900,0,,0,
25480800,0,,0,
25481700,0,,0,
25482600,0,,0,
25483500,0,,0,
25484400,0,,0,
25485300,0,,0,
25486200,0,,0,
25487100,0,,0,
25488000,0,,0,
25488900,0,,0,
25489800,0,,0,
25490700,0,,0,
25491600,0,,0,
25492500,0,,0,
25493400,0,,0,
25494300,0,,0,
25495200,0,,0,
25496100,0,,0,
25497000,0,,0,
25497900,0,,0,
25498800,0,,0,
25499700,0,,0,
25500600,0,,0,
25501500,0,,0,
25502400,0,,0,
25503300,0,,0,
25504200,0,,0,
25505100,0,,0,
25506000,0,,0,
25506900,0,,0,
25507800,0,,0,
25508700,0,,0,
25509600,0,,0,
25510500,0,,0,
25511400,0.125954,,0.0314885,
25512300,0.325381,,0.08134525,
25513200,0.57729,,0.1443225,
25514100,0.860686,,0.2151715,
25515000,1.175571,,0.29389275,
25515900,1.490457,,0.37261425,
25516800,1.805342,,0.4513355,
25517700,2.120227,,0.53005675,
25518600,2.424616,,0.606154,
25519500,2.708013,,0.67700325,
25520400,2.980913,,0.74522825,
25521300,3.222325,,0.80558125,
25522200,3.463737,,0.86593425,
25523100,3.652668,,0.913167,
25524000,3.820607,,0.95515175,
25524900,3.97805,,0.9945125,
25525800,4.093508,,1.023377,
25526700,4.156485,,1.03912125,
25527600,4.198469,,1.04961725,
25528500,4.229958,,1.0574895,
25529400,4.229958,,1.0574895,
25530300,4.135492,,1.033873,
25531200,4.072515,,1.01812875,
25532100,3.97805,,0.9945125,
25533000,3.852096,,0.963024,
25533900,3.726142,,0.9315355,
25534800,3.53721,,0.8843025,
25535700,3.337783,,0.83444575,
25536600,3.117363,,0.77934075,
25537500,2.875951,,0.71898775,
25538400,2.613547,,0.65338675,
25539300,2.33015,,0.5825375,
25540200,2.036258,,0.5090645,
25541100,1.731869,,0.43296725,
25542000,1.42748,,0.35687,
25542900,1.112594,,0.2781485,
25543800,0.818702,,0.2046755,
25544700,0.524809,,0.13120225,
25545600,0.283397,,0.07084925,
25546500,0.104962,,0.0262405,
25547400,0,,0,
25548300,0,,0,
25549200,0,,0,
25550100,0,,0,
25551000,0,,0,
25551900,0,,0,
25552800,0,,0,
25553700,0,,0,
25554600,0,,0,
25555500,0,,0,
25556400,0,,0,
25557300,0,,0,
25558200,0,,0,
25559100,0,,0,
25560000,0,,0,
25560900,0,,0,
25561800,0,,0,
25562700,0,,0,
25563600,0,,0,
25564500,0,,0,
25565400,0,,0,
25566300,0,,0,
25567200,0,,0,
25568100,0,,0,
25569000,0,,0,
25569900,0,,0,
25570800,0,,0,
25571700,0,,0,
25572600,0,,0,
25573500,0,,0,
25574400,0,,0,
25575300,0,,0,
25576200,0,,0,
25577100,0,,0,
25578000,0,,0,
25578900,0,,0,
25579800,0,,0,
25580700,0,,0,
25581600,0,,0,
25582500,0,,0,
25583400,0,,0,
25584300,0,,0,
25585200,0,,0,
25586100,0,,0,
25587000,0,,0,
25587900,0,,0,
25588800,0,,0,
25589700,0,,0,
25590600,0,,0,
25591500,0,,0,
25592400,0,,0,
25593300,0,,0,
25594200,0,,0,
25595100,0,,0,
25596000,0,,0,
25596900,0,,0,
25597800,0.031489,,0.00787225,
25598700,0.146946,,0.0367365,
25599600,0.35687,,0.0892175,
25600500,0.62977,,0.1574425,
25601400,0.913167,,0.22829175,
25602300,1.175571,,0.29389275,
25603200,1.458968,,0.364742,
25604100,1.752861,,0.43821525,
25605000,2.036258,,0.5090645,
25605900,2.603051,,0.65076275,
25606800,2.865455,,0.71636375,
25607700,3.106867,,0.77671675,
25608600,3.337783,,0.83444575,
25609500,3.62118,,0.905295,
25610400,3.810111,,0.95252775,
25611300,3.957057,,0.98926425,
25612200,4.093508,,1.023377,
25613100,4.261446,,1.0653615,
25614000,4.33492,,1.08373,
25614900,4.366408,,1.091602,
25615800,4.366408,,1.091602,
25616700,4.418889,,1.10472225,
25617600,4.366408,,1.091602,
25618500,4.282439,,1.07060975,
25619400,4.156485,,1.03912125,
25620300,4.020034,,1.0050085,
25621200,3.841599,,0.96039975,
25622100,3.631676,,0.907919,
25623000,3.40076,,0.85019,
25623900,3.096371,,0.77409275,
25624800,2.823471,,0.70586775,
25625700,2.529578,,0.6323945,
25626600,2.214693,,0.55367325,
25627500,1.878815,,0.46970375,
25628400,1.542937,,0.38573425,
25629300,1.217556,,0.304389,
25630200,0.892175,,0.22304375,
25631100,0.57729,,0.1443225,
25632000,0.314885,,0.07872125,
25632900,0.115458,,0.0288645,
25633800,0,,0,
25634700,0,,0,
25635600,0,,0,
25636500,0,,0,
25637400,0,,0,
25638300,0,,0,
25639200,0,,0,
25640100,0,,0,
25641000,0,,0,
25641900,0,,0,
25642800,0,,0,
25643700,0,,0,
25644600,0,,0,
25645500,0,,0,
25646400,0,,0,
25647300,0,,0,
25648200,0,,0,
25649100,0,,0,
25650000,0,,0,
25650900,0,,0,
25651800,0,,0,
25652700,0,,0,
25653600,0,,0,
25654500,0,,0,
25655400,0,,0,
25656300,0,,0,
25657200,0,,0,
25658100,0,,0,
25659000,0,,0,
25659900,0,,0,
25660800,0,,0,
25661700,0,,0,
25662600,0,,0,
25663500,0,,0,
25664400,0,,0,
25665300,0,,0,
25666200,0,,0,
25667100,0,,0,
25668000,0,,0,
25668900,0,,0,
25669800,0,,0,
25670700,0,,0,
25671600,0,,0,
25672500,0,,0,
25673400,0,,0,
25674300,0,,0,
25675200,0,,0,
25676100,0,,0,
25677000,0,,0,
25677900,0,,0,
25678800,0,,0,
25679700,0,,0,
25680600,0,,0,
25681500,0,,0,
25682400,0,,0,
25683300,0,,0,
25684200,0.13645,,0.0341125,
25685100,0.335878,,0.0839695,
25686000,0.608778,,0.1521945,
25686900,0.913167,,0.22829175,
25687800,1.238548,,0.309637,
25688700,1.584922,,0.3962305,
25689600,1.910304,,0.477576,
25690500,2.235685,,0.55892125,
25691400,2.540074,,0.6350185,
25692300,2.854959,,0.71373975,
25693200,3.117363,,0.77934075,
25694100,3.379768,,0.844942,
25695000,3.610684,,0.902671,
25695900,3.841599,,0.96039975,
25696800,4.020034,,1.0050085,
25697700,4.166981,,1.04174525,
25698600,4.282439,,1.07060975,
25699500,4.376904,,1.094226,
25700400,4.439881,,1.10997025,
25701300,4.47137,,1.1178425,
25702200,4.47137,,1.1178425,
25703100,4.418889,,1.10472225,
25704000,4.345416,,1.086354,
25704900,4.25095,,1.0627375,
25705800,4.124996,,1.031249,
25706700,3.967554,,0.9918885,
25707600,3.789119,,0.94727975,
25708500,3.579195,,0.89479875,
25709400,3.348279,,0.83706975,
25710300,3.085875,,0.77146875,
25711200,2.812974,,0.7032435,
25712100,2.508585,,0.62714625,
25713000,2.1937,,0.548425,
25713900,1.868319,,0.46707975,
25714800,1.542937,,0.38573425,
25715700,1.20706,,0.301765,
25716600,0.881679,,0.22041975,
25717500,0.57729,,0.1443225,
25718400,0.314885,,0.07872125,
25719300,0.125954,,0.0314885,
25720200,0,,0,
25721100,0,,0,
25722000,0,,0,
25722900,0,,0,
25723800,0,,0,
25724700,0,,0,
25725600,0,,0,
25726500,0,,0,
25727400,0,,0,
25728300,0,,0,
25729200,0,,0,
25730100,0,,0,
25731000,0,,0,
25731900,0,,0,
25732800,0,,0,
25733700,0,,0,
25734600,0,,0,
25735500,0,,0,
25736400,0,,0,
25737300,0,,0,
25738200,0,,0,
25739100,0,,0,
25740000,0,,0,
25740900,0,,0,
25741800,0,,0,
25742700,0,,0,
25743600,0,,0,
25744500,0,,0,
25745400,0,,0,
25746300,0,,0,
25747200,0,,0,
25748100,0,,0,
25749000,0,,0,
25749900,0,,0,
25750800,0,,0,
25751700,0,,0,
25752600,0,,0,
25753500,0,,0,
25754400,0,,0,
25755300,0,,0,
25756200,0,,0,
25757100,0,,0,
25758000,0,,0,
25758900,0,,0,
25759800,0,,0,
25760700,0,,0,
25761600,0,,0,
25762500,0,,0,
25763400,0,,0,
25764300,0,,0,
25765200,0,,0,
25766100,0,,0,
25767000,0,,0,
25767900,0,,0,
25768800,0,,0,
25769700,0,,0,
25770600,0,,0,
25771500,0.325381,,0.08134525,
25772400,0.598282,,0.1495705,
25773300,0.913167,,0.22829175,
25774200,1.249045,,0.31226125,
25775100,1.584922,,0.3962305,
25776000,1.9208,,0.4802,
25776900,2.246181,,0.56154525,
25777800,2.571562,,0.6428905,
25778700,2.865455,,0.71636375,
25779600,3.138356,,0.784589,
25780500,3.40076,,0.85019,
25781400,3.652668,,0.913167,
25782300,3.852096,,0.963024,
25783200,4.041027,,1.01025675,
25784100,4.187973,,1.04699325,
25785000,4.313927,,1.07848175,
25785900,4.418889,,1.10472225,
25786800,4.47137,,1.1178425,
25787700,4.502858,,1.1257145,
25788600,4.502858,,1.1257145,
25789500,4.481866,,1.1204665,
25790400,4.418889,,1.10472225,
25791300,4.324423,,1.08110575,
25792200,4.187973,,1.04699325,
25793100,4.030531,,1.00763275,
25794000,3.852096,,0.963024,
25794900,3.642172,,0.910543,
25795800,3.390264,,0.847566,
25796700,3.117363,,0.77934075,
25797600,2.833967,,0.70849175,
25798500,2.540074,,0.6350185,
25799400,2.225189,,0.55629725,
25800300,1.878815,,0.46970375,
25801200,1.542937,,0.38573425,
25802100,1.20706,,0.301765,
25803000,0.881679,,0.22041975,
25803900,0.566793,,0.14169825,
25804800,0.293893,,0.07347325,
25805700,0,,0,
25806600,0,,0,
25807500,0,,0,
25808400,0,,0,
25809300,0,,0,
25810200,0,,0,
25811100,0,,0,
25812000,0,,0,
25812900,0,,0,
25813800,0,,0,
25814700,0,,0,
25815600,0,,0,
25816500,0,,0,
25817400,0,,0,
25818300,0,,0,
25819200,0,,0,
25820100,0,,0,
25821000,0,,0,
25821900,0,,0,
25822800,0,,0,
25823700,0,,0,
25824600,0,,0,
25825500,0,,0,
25826400,0,,0,
25827300,0,,0,
25828200,0,,0,
25829100,0,,0,
25830000,0,,0,
25830900,0,,0,
25831800,0,,0,
25832700,0,,0,
25833600,0,,0,
25834500,0,,0,
25835400,0,,0,
25836300,0,,0,
25837200,0,,0,
25838100,0,,0,
25839000,0,,0,
25839900,0,,0,
25840800,0,,0,
25841700,0,,0,
25842600,0,,0,
25843500,0,,0,
25844400,0,,0,
25845300,0,,0,
25846200,0,,0,
25847100,0,,0,
25848000,0,,0,
25848900,0,,0,
25849800,0,,0,
25850700,0,,0,
25851600,0,,0,
25852500,0,,0,
25853400,0,,0,
25854300,0,,0,
25855200,0,,0,
25856100,0,,0,
25857000,0,,0,
25857900,0.293893,,0.07347325,
25858800,0.566793,,0.14169825,
25859700,0.871182,,0.2177955,
25860600,1.196564,,0.299141,
25861500,1.542937,,0.38573425,
25862400,1.878815,,0.46970375,
25863300,2.214693,,0.55367325,
25864200,2.540074,,0.6350185,
25865100,2.844463,,0.71111575,
25866000,3.12786,,0.781965,
25866900,3.40076,,0.85019,
25867800,3.631676,,0.907919,
25868700,3.841599,,0.96039975,
25869600,4.030531,,1.00763275,
25870500,4.198469,,1.04961725,
25871400,4.324423,,1.08110575,
25872300,4.408393,,1.10209825,
25873200,4.47137,,1.1178425,
25874100,4.513355,,1.12833875,
25875000,4.523851,,1.13096275,
25875900,4.460874,,1.1152185,
25876800,4.397897,,1.09947425,
25877700,4.292935,,1.07323375,
25878600,4.187973,,1.04699325,
25879500,4.041027,,1.01025675,
25880400,3.852096,,0.963024,
25881300,3.642172,,0.910543,
25882200,3.40076,,0.85019,
25883100,3.12786,,0.781965,
25884000,2.833967,,0.70849175,
25884900,2.529578,,0.6323945,
25885800,2.214693,,0.55367325,
25886700,1.857823,,0.46445575,
25887600,1.511449,,0.37786225,
25888500,1.165075,,0.29126875,
25889400,0.839694,,0.2099235,
25890300,0.535305,,0.13382625,
25891200,0.272901,,0.06822525,
25892100,0,,0,
25893000,0,,0,
25893900,0,,0,
25894800,0,,0,
25895700,0,,0,
25896600,0,,0,
25897500,0,,0,
25898400,0,,0,
25899300,0,,0,
25900200,0,,0,
25901100,0,,0,
25902000,0,,0,
25902900,0,,0,
25903800,0,,0,
25904700,0,,0,
25905600,0,,0,
25906500,0,,0,
25907400,0,,0,
25908300,0,,0,
25909200,0,,0,
25910100,0,,0,
25911000,0,,0,
25911900,0,,0,
25912800,0,,0,
25913700,0,,0,
25914600,0,,0,
25915500,0,,0,
25916400,0,,0,
25917300,0,,0,
25918200,0,,0,
25919100,0,,0,
25920000,0,,0,
25920900,0,,0,
25921800,0,,0,
25922700,0,,0,
25923600,0,,0,
25924500,0,,0,
25925400,0,,0,
25926300,0,,0,
25927200,0,,0,
25928100,0,,0,
25929000,0,,0,
25929900,0,,0,
25930800,0,,0,
25931700,0,,0,
25932600,0,,0,
25933500,0,,0,
25934400,0,,0,
25935300,0,,0,
25936200,0,,0,
25937100,0,,0,
25938000,0,,0,
25938900,0,,0,
25939800,0,,0,
25940700,0,,0,
25941600,0,,0,
25942500,0,,0,
25943400,0,,0,
25944300,0.262404,,0.065601,
25945200,0.514312,,0.128578,
25946100,0.818702,,0.2046755,
25947000,1.133587,,0.28339675,
25947900,1.47996,,0.36999,
25948800,1.805342,,0.4513355,
25949700,2.141219,,0.53530475,
25950600,2.456105,,0.61402625,
25951500,2.781486,,0.6953715,
25952400,3.064883,,0.76622075,
25953300,3.316791,,0.82919775,
25954200,3.558203,,0.88955075,
25955100,3.778622,,0.9446555,
25956000,3.967554,,0.9918885,
25956900,4.1145,,1.028625,
25957800,4.240454,,1.0601135,
25958700,4.324423,,1.08110575,
25959600,4.3874,,1.09685,
25960500,4.418889,,1.10472225,
25961400,4.418889,,1.10472225,
25962300,4.313927,,1.07848175,
25963200,4.25095,,1.0627375,
25964100,4.156485,,1.03912125,
25965000,4.030531,,1.00763275,
25965900,3.873088,,0.968272,
25966800,3.684157,,0.92103925,
25967700,3.474233,,0.86855825,
25968600,3.232821,,0.80820525,
25969500,2.970417,,0.74260425,
25970400,2.697517,,0.67437925,
25971300,2.393128,,0.598282,
25972200,2.078242,,0.5195605,
25973100,1.742365,,0.43559125,
25974000,1.416983,,0.35424575,
25974900,1.081106,,0.2702765,
25975800,0.766221,,0.19155525,
25976700,0.472328,,0.118082,
25977600,0.230916,,0.057729,
25978500,0,,0,
25979400,0,,0,
25980300,0,,0,
25981200,0,,0,
25982100,0,,0,
25983000,0,,0,
25983900,0,,0,
25984800,0,,0,
25985700,0,,0,
25986600,0,,0,
25987500,0,,0,
25988400,0,,0,
25989300,0,,0,
25990200,0,,0,
25991100,0,,0,
25992000,0,,0,
25992900,0,,0,
25993800,0,,0,
25994700,0,,0,
25995600,0,,0,
25996500,0,,0,
25997400,0,,0,
25998300,0,,0,
25999200,0,,0,
26000100,0,,0,
26001000,0,,0,
26001900,0,,0,
26002800,0,,0,
26003700,0,,0,
26004600,0,,0,
26005500,0,,0,
26006400,0,,0,
26007300,0,,0,
26008200,0,,0,
26009100,0,,0,
26010000,0,,0,
26010900,0,,0,
26011800,0,,0,
26012700,0,,0,
26013600,0,,0,
26014500,0,,0,
26015400,0,,0,
26016300,0,,0,
26017200,0,,0,
26018100,0,,0,
26019000,0,,0,
26019900,0,,0,
26020800,0,,0,
26021700,0,,0,
26022600,0,,0,
26023500,0,,0,
26024400,0,,0,
26025300,0,,0,
26026200,0,,0,
26027100,0,,0,
26028000,0,,0,
26028900,0,,0,
26029800,0,,0,
26030700,0.241412,,0.060353,
26031600,0.482824,,0.120706,
26032500,0.776717,,0.19417925,
26033400,1.102098,,0.2755245,
26034300,1.448472,,0.362118,
26035200,1.784349,,0.44608725,
26036100,2.109731,,0.52743275,
26037000,2.424616,,0.606154,
26037900,2.729005,,0.68225125,
26038800,3.033394,,0.7583485,
26039700,3.295798,,0.8239495,
26040600,3.526714,,0.8816785,
26041500,3.747134,,0.9367835,
26042400,3.925569,,0.98139225,
26043300,4.083011,,1.02075275,
26044200,4.198469,,1.04961725,
26045100,4.292935,,1.07323375,
26046000,4.355912,,1.088978,
26046900,4.3874,,1.09685,
26047800,4.3874,,1.09685,
26048700,4.345416,,1.086354,
26049600,4.282439,,1.07060975,
26050500,4.177477,,1.04436925,
26051400,4.051523,,1.01288075,
26052300,3.89408,,0.97352,
26053200,3.705149,,0.92628725,
26054100,3.48473,,0.8711825,
26055000,3.253814,,0.8134535,
26055900,2.980913,,0.74522825,
26056800,2.697517,,0.67437925,
26057700,2.393128,,0.598282,
26058600,2.078242,,0.5195605,
26059500,1.742365,,0.43559125,
26060400,1.406487,,0.35162175,
26061300,1.07061,,0.2676525,
26062200,0.745228,,0.186307,
26063100,0.451335,,0.11283375,
26064000,0.209923,,0.05248075,
26064900,0,,0,
26065800,0,,0,
26066700,0,,0,
26067600,0,,0,
26068500,0,,0,
26069400,0,,0,
26070300,0,,0,
26071200,0,,0,
26072100,0,,0,
26073000,0,,0,
26073900,0,,0,
26074800,0,,0,
26075700,0,,0,
26076600,0,,0,
26077500,0,,0,
26078400,0,,0,
26079300,0,,0,
26080200,0,,0,
26081100,0,,0,
26082000,0,,0,
26082900,0,,0,
26083800,0,,0,
26084700,0,,0,
26085600,0,,0,
26086500,0,,0,
26087400,0,,0,
26088300,0,,0,
26089200,0,,0,
26090100,0,,0,
26091000,0,,0,
26091900,0,,0,
26092800,0,,0,
26093700,0,,0,
26094600,0,,0,
26095500,0,,0,
26096400,0,,0,
26097300,0,,0,
26098200,0,,0,
26099100,0,,0,
26100000,0,,0,
26100900,0,,0,
26101800,0,,0,
26102700,0,,0,
26103600,0,,0,
26104500,0,,0,
26105400,0,,0,
26106300,0,,0,
26107200,0,,0,
26108100,0,,0,
26109000,0,,0,
26109900,0,,0,
26110800,0,,0,
26111700,0,,0,
26112600,0,,0,
26113500,0,,0,
26114400,0,,0,
26115300,0,,0,
26116200,0,,0,
26117100,0.22042,,0.055105,
26118000,0.472328,,0.118082,
26118900,0.766221,,0.19155525,
26119800,1.091602,,0.2729005,
26120700,1.448472,,0.362118,
26121600,1.784349,,0.44608725,
26122500,2.109731,,0.52743275,
26123400,2.435112,,0.608778,
26124300,2.739501,,0.68487525,
26125200,3.022898,,0.7557245,
26126100,3.285302,,0.8213255,
26127000,3.526714,,0.8816785,
26127900,3.747134,,0.9367835,
26128800,3.925569,,0.98139225,
26129700,4.083011,,1.02075275,
26130600,4.208966,,1.0522415,
26131500,4.313927,,1.07848175,
26132400,4.366408,,1.091602,
26133300,4.397897,,1.09947425,
26134200,4.397897,,1.09947425,
26135100,4.345416,,1.086354,
26136000,4.282439,,1.07060975,
26136900,4.177477,,1.04436925,
26137800,4.051523,,1.01288075,
26138700,3.89408,,0.97352,
26139600,3.705149,,0.92628725,
26140500,3.495226,,0.8738065,
26141400,3.253814,,0.8134535,
26142300,2.980913,,0.74522825,
26143200,2.697517,,0.67437925,
26144100,2.393128,,0.598282,
26145000,2.067746,,0.5169365,
26145900,1.731869,,0.43296725,
26146800,1.395991,,0.34899775,
26147700,1.060114,,0.2650285,
26148600,0.734732,,0.183683,
26149500,0.440839,,0.11020975,
26150400,0.199427,,0.04985675,
26151300,0,,0,
26152200,0,,0,
26153100,0,,0,
26154000,0,,0,
26154900,0,,0,
26155800,0,,0,
26156700,0,,0,
26157600,0,,0,
26158500,0,,0,
26159400,0,,0,
26160300,0,,0,
26161200,0,,0,
26162100,0,,0,
26163000,0,,0,
26163900,0,,0,
26164800,0,,0,
26165700,0,,0,
26166600,0,,0,
26167500,0,,0,
26168400,0,,0,
26169300,0,,0,
26170200,0,,0,
26171100,0,,0,
26172000,0,,0,
26172900,0,,0,
26173800,0,,0,
26174700,0,,0,
26175600,0,,0,
26176500,0,,0,
26177400,0,,0,
26178300,0,,0,
26179200,0,,0,
26180100,0,,0,
26181000,0,,0,
26181900,0,,0,
26182800,0,,0,
26183700,0,,0,
26184600,0,,0,
26185500,0,,0,
26186400,0,,0,
26187300,0,,0,
26188200,0,,0,
26189100,0,,0,
26190000,0,,0,
26190900,0,,0,
26191800,0,,0,
26192700,0,,0,
26193600,0,,0,
26194500,0,,0,
26195400,0,,0,
26196300,0,,0,
26197200,0,,0,
26198100,0,,0,
26199000,0,,0,
26199900,0,,0,
26200800,0,,0,
26201700,0,,0,
26202600,0,,0,
26203500,0.199427,,0.04985675,
26204400,0.440839,,0.11020975,
26205300,0.734732,,0.183683,
26206200,1.060114,,0.2650285,
26207100,1.406487,,0.35162175,
26208000,1.742365,,0.43559125,
26208900,2.078242,,0.5195605,
26209800,2.393128,,0.598282,
26210700,2.697517,,0.67437925,
26211600,2.991409,,0.74785225,
26212500,3.253814,,0.8134535,
26213400,3.495226,,0.8738065,
26214300,3.705149,,0.92628725,
26215200,3.89408,,0.97352,
26216100,4.041027,,1.01025675,
26217000,4.166981,,1.04174525,
26217900,4.261446,,1.0653615,
26218800,4.324423,,1.08110575,
26219700,4.355912,,1.088978,
26220600,4.355912,,1.088978,
26221500,4.303431,,1.07585775,
26222400,4.240454,,1.0601135,
26223300,4.145988,,1.036497,
26224200,4.020034,,1.0050085,
26225100,3.862592,,0.965648,
26226000,3.673661,,0.91841525,
26226900,3.453241,,0.86331025,
26227800,3.211829,,0.80295725,
26228700,2.949425,,0.73735625,
26229600,2.655532,,0.663883,
26230500,2.351143,,0.58778575,
26231400,2.025761,,0.50644025,
26232300,1.70038,,0.425095,
26233200,1.364503,,0.34112575,
26234100,1.028625,,0.25715625,
26235000,0.703244,,0.175811,
26235900,0.409351,,0.10233775,
26236800,0.178435,,0.04460875,
26237700,0,,0,
26238600,0,,0,
26239500,0,,0,
26240400,0,,0,
26241300,0,,0,
26242200,0,,0,
26243100,0,,0,
26244000,0,,0,
26244900,0,,0,
26245800,0,,0,
26246700,0,,0,
26247600,0,,0,
26248500,0,,0,
26249400,0,,0,
26250300,0,,0,
26251200,0,,0,
26252100,0,,0,
26253000,0,,0,
26253900,0,,0,
26254800,0,,0,
26255700,0,,0,
26256600,0,,0,
26257500,0,,0,
26258400,0,,0,
26259300,0,,0,
26260200,0,,0,
26261100,0,,0,
26262000,0,,0,
26262900,0,,0,
26263800,0,,0,
26264700,0,,0,
26265600,0,,0,
26266500,0,,0,
26267400,0,,0,
26268300,0,,0,
26269200,0,,0,
26270100,0,,0,
26271000,0,,0,
26271900,0,,0,
26272800,0,,0,
26273700,0,,0,
26274600,0,,0,
26275500,0,,0,
26276400,0,,0,
26277300,0,,0,
26278200,0,,0,
26279100,0,,0,
26280000,0,,0,
26280900,0,,0,
26281800,0,,0,
26282700,0,,0,
26283600,0,,0,
26284500,0,,0,
26285400,0,,0,
26286300,0,,0,
26287200,0,,0,
26288100,0,,0,
26289000,0,,0,
26289900,0.13645,,0.0341125,
26290800,0.325381,,0.08134525,
26291700,0.566793,,0.14169825,
26292600,0.85019,,0.2125475,
26293500,1.144083,,0.28602075,
26294400,1.448472,,0.362118,
26295300,1.742365,,0.43559125,
26296200,2.036258,,0.5090645,
26297100,2.319654,,0.5799135,
26298000,2.571562,,0.6428905,
26298900,2.823471,,0.70586775,
26299800,3.033394,,0.7583485,
26300700,3.253814,,0.8134535,
26301600,3.421753,,0.85543825,
26302500,3.568699,,0.89217475,
26303400,3.684157,,0.92103925,
26304300,3.789119,,0.94727975,
26305200,3.852096,,0.963024,
26306100,3.873088,,0.968272,
26307000,3.873088,,0.968272,
26307900,3.852096,,0.963024,
26308800,3.789119,,0.94727975,
26309700,3.694653,,0.92366325,
26310600,3.579195,,0.89479875,
26311500,3.453241,,0.86331025,
26312400,3.274806,,0.8187015,
26313300,3.075379,,0.76884475,
26314200,2.844463,,0.71111575,
26315100,2.624043,,0.65601075,
26316000,2.351143,,0.58778575,
26316900,2.067746,,0.5169365,
26317800,1.773853,,0.44346325,
26318700,1.469464,,0.367366,
26319600,1.154579,,0.28864475,
26320500,0.860686,,0.2151715,
26321400,0.566793,,0.14169825,
26322300,0.314885,,0.07872125,
26323200,0.125954,,0.0314885,
26324100,0,,0,
26325000,0,,0,
26325900,0,,0,
26326800,0,,0,
26327700,0,,0,
26328600,0,,0,
26329500,0,,0,
26330400,0,,0,
26331300,0,,0,
26332200,0,,0,
26333100,0,,0,
26334000,0,,0,
26334900,0,,0,
26335800,0,,0,
26336700,0,,0,
26337600,0,,0,
26338500,0,,0,
26339400,0,,0,
26340300,0,,0,
26341200,0,,0,
26342100,0,,0,
26343000,0,,0,
26343900,0,,0,
26344800,0,,0,
26345700,0,,0,
26346600,0,,0,
26347500,0,,0,
26348400,0,,0,
26349300,0,,0,
26350200,0,,0,
26351100,0,,0,
26352000,0,,0,
26352900,0,,0,
26353800,0,,0,
26354700,0,,0,
26355600,0,,0,
26356500,0,,0,
26357400,0,,0,
26358300,0,,0,
26359200,0,,0,
26360100,0,,0,
26361000,0,,0,
26361900,0,,0,
26362800,0,,0,
26363700,0,,0,
26364600,0,,0,
26365500,0,,0,
26366400,0,,0,
26367300,0,,0,
26368200,0,,0,
26369100,0,,0,
26370000,0,,0,
26370900,0,,0,
26371800,0,,0,
26372700,0,,0,
26373600,0,,0,
26374500,0,,0,
26375400,0,,0,
26376300,0.13645,,0.0341125,
26377200,0.335878,,0.0839695,
26378100,0.587786,,0.1469465,
26379000,0.881679,,0.22041975,
26379900,1.186068,,0.296517,
26380800,1.500953,,0.37523825,
26381700,1.815838,,0.4539595,
26382600,2.109731,,0.52743275,
26383500,2.351143,,0.58778575,
26384400,2.613547,,0.65338675,
26385300,2.875951,,0.71898775,
26386200,3.096371,,0.77409275,
26387100,3.369272,,0.842318,
26388000,3.53721,,0.8843025,
26388900,3.705149,,0.92628725,
26389800,3.820607,,0.95515175,
26390700,3.946561,,0.98664025,
26391600,4.009538,,1.0023845,
26392500,4.051523,,1.01288075,
26393400,4.051523,,1.01288075,
26394300,4.041027,,1.01025675,
26395200,3.988546,,0.9971365,
26396100,3.89408,,0.97352,
26397000,3.768126,,0.9420315,
26397900,3.62118,,0.905295,
26398800,3.432249,,0.85806225,
26399700,3.222325,,0.80558125,
26400600,2.980913,,0.74522825,
26401500,2.729005,,0.68225125,
26402400,2.435112,,0.608778,
26403300,2.151716,,0.537929,
26404200,1.83683,,0.4592075,
26405100,1.511449,,0.37786225,
26406000,1.186068,,0.296517,
26406900,0.871182,,0.2177955,
26407800,0.57729,,0.1443225,
26408700,0.304389,,0.07609725,
26409600,0,,0,
26410500,0,,0,
26411400,0,,0,
26412300,0,,0,
26413200,0,,0,
26414100,0,,0,
26415000,0,,0,
26415900,0,,0,
26416800,0,,0,
26417700,0,,0,
26418600,0,,0,
26419500,0,,0,
26420400,0,,0,
26421300,0,,0,
26422200,0,,0,
26423100,0,,0,
26424000,0,,0,
26424900,0,,0,
26425800,0,,0,
26426700,0,,0,
26427600,0,,0,
26428500,0,,0,
26429400,0,,0,
26430300,0,,0,
26431200,0,,0,
26432100,0,,0,
26433000,0,,0,
26433900,0,,0,
26434800,0,,0,
26435700,0,,0,
26436600,0,,0,
26437500,0,,0,
26438400,0,,0,
26439300,0,,0,
26440200,0,,0,
26441100,0,,0,
26442000,0,,0,
26442900,0,,0,
26443800,0,,0,
26444700,0,,0,
26445600,0,,0,
26446500,0,,0,
26447400,0,,0,
26448300,0,,0,
26449200,0,,0,
26450100,0,,0,
26451000,0,,0,
26451900,0,,0,
26452800,0,,0,
26453700,0,,0,
26454600,0,,0,
26455500,0,,0,
26456400,0,,0,
26457300,0,,0,
26458200,0,,0,
26459100,0,,0,
26460000,0,,0,
26460900,0,,0,
26461800,0,,0,
26462700,0.125954,,0.0314885,
26463600,0.314885,,0.07872125,
26464500,0.566793,,0.14169825,
26465400,0.85019,,0.2125475,
26466300,1.165075,,0.29126875,
26467200,1.469464,,0.367366,
26468100,1.784349,,0.44608725,
26469000,2.078242,,0.5195605,
26469900,2.361639,,0.59040975,
26470800,2.63454,,0.658635,
26471700,2.875951,,0.71898775,
26472600,3.106867,,0.77671675,
26473500,3.306295,,0.82657375,
26474400,3.474233,,0.86855825,
26475300,3.62118,,0.905295,
26476200,3.747134,,0.9367835,
26477100,3.831103,,0.95777575,
26478000,3.89408,,0.97352,
26478900,3.925569,,0.98139225,
26479800,3.904576,,0.976144,
26480700,3.862592,,0.965648,
26481600,3.799615,,0.94990375,
26482500,3.705149,,0.92628725,
26483400,3.589691,,0.89742275,
26484300,3.411256,,0.852814,
26485200,3.232821,,0.80820525,
26486100,3.022898,,0.7557245,
26487000,2.791982,,0.6979955,
26487900,2.519082,,0.6297705,
26488800,2.256677,,0.56416925,
26489700,1.973281,,0.49332025,
26490600,1.679388,,0.419847,
26491500,1.364503,,0.34112575,
26492400,1.060114,,0.2650285,
26493300,0.766221,,0.19155525,
26494200,0.49332,,0.12333,
26495100,0.251908,,0.062977,
26496000,0,,0,
26496900,0,,0,
26497800,0,,0,
26498700,0,,0,
26499600,0,,0,
26500500,0,,0,
26501400,0,,0,
26502300,0,,0,
26503200,0,,0,
26504100,0,,0,
26505000,0,,0,
26505900,0,,0,
26506800,0,,0,
26507700,0,,0,
26508600,0,,0,
26509500,0,,0,
26510400,0,,0,
26511300,0,,0,
26512200,0,,0,
26513100,0,,0,
26514000,0,,0,
26514900,0,,0,
26515800,0,,0,
26516700,0,,0,
26517600,0,,0,
26518500,0,,0,
26519400,0,,0,
26520300,0,,0,
26521200,0,,0,
26522100,0,,0,
26523000,0,,0,
26523900,0,,0,
26524800,0,,0,
26525700,0,,0,
26526600,0,,0,
26527500,0,,0,
26528400,0,,0,
26529300,0,,0,
26530200,0,,0,
26531100,0,,0,
26532000,0,,0,
26532900,0,,0,
26533800,0,,0,
26534700,0,,0,
26535600,0,,0,
26536500,0,,0,
26537400,0,,0,
26538300,0,,0,
26539200,0,,0,
26540100,0,,0,
26541000,0,,0,
26541900,0,,0,
26542800,0,,0,
26543700,0,,0,
26544600,0,,0,
26545500,0,,0,
26546400,0,,0,
26547300,0,,0,
26548200,0,,0,
26549100,0,,0,
26550000,0.293893,,0.07347325,
26550900,0.535305,,0.13382625,
26551800,0.818702,,0.2046755,
26552700,1.154579,,0.28864475,
26553600,1.469464,,0.367366,
26554500,1.773853,,0.44346325,
26555400,2.067746,,0.5169365,
26556300,2.351143,,0.58778575,
26557200,2.624043,,0.65601075,
26558100,2.854959,,0.71373975,
26559000,3.085875,,0.77146875,
26559900,3.243318,,0.8108295,
26560800,3.411256,,0.852814,
26561700,3.558203,,0.88955075,
26562600,3.673661,,0.91841525,
26563500,3.726142,,0.9315355,
26564400,3.789119,,0.94727975,
26565300,3.820607,,0.95515175,
26566200,3.831103,,0.95777575,
26567100,3.747134,,0.9367835,
26568000,3.684157,,0.92103925,
26568900,3.600187,,0.90004675,
26569800,3.474233,,0.86855825,
26570700,3.327287,,0.83182175,
26571600,3.159348,,0.789837,
26572500,2.949425,,0.73735625,
26573400,2.718509,,0.67962725,
26574300,2.508585,,0.62714625,
26575200,2.246181,,0.56154525,
26576100,1.952288,,0.488072,
26577000,1.658395,,0.41459875,
26577900,1.354006,,0.3385015,
26578800,1.049617,,0.26240425,
26579700,0.755724,,0.188931,
26580600,0.482824,,0.120706,
26581500,0.241412,,0.060353,
26582400,0,,0,
26583300,0,,0,
26584200,0,,0,
26585100,0,,0,
26586000,0,,0,
26586900,0,,0,
26587800,0,,0,
26588700,0,,0,
26589600,0,,0,
26590500,0,,0,
26591400,0,,0,
26592300,0,,0,
26593200,0,,0,
26594100,0,,0,
26595000,0,,0,
26595900,0,,0,
26596800,0,,0,
26597700,0,,0,
26598600,0,,0,
26599500,0,,0,
26600400,0,,0,
26601300,0,,0,
26602200,0,,0,
26603100,0,,0,
26604000,0,,0,
26604900,0,,0,
26605800,0,,0,
26606700,0,,0,
26607600,0,,0,
26608500,0,,0,
26609400,0,,0,
26610300,0,,0,
26611200,0,,0,
26612100,0,,0,
26613000,0,,0,
26613900,0,,0,
26614800,0,,0,
26615700,0,,0,
26616600,0,,0,
26617500,0,,0,
26618400,0,,0,
26619300,0,,0,
26620200,0,,0,
26621100,0,,0,
26622000,0,,0,
26622900,0,,0,
26623800,0,,0,
26624700,0,,0,
26625600,0,,0,
26626500,0,,0,
26627400,0,,0,
26628300,0,,0,
26629200,0,,0,
26630100,0,,0,
26631000,0,,0,
26631900,0,,0,
26632800,0,,0,
26633700,0,,0,
26634600,0,,0,
26635500,0,,0,
26636400,0.209923,,0.05248075,
26637300,0.430343,,0.10758575,
26638200,0.682251,,0.17056275,
26639100,0.965648,,0.241412,
26640000,1.249045,,0.31226125,
26640900,1.542937,,0.38573425,
26641800,1.815838,,0.4539595,
26642700,2.088738,,0.5221845,
26643600,2.340647,,0.58516175,
26644500,2.582059,,0.64551475,
26645400,2.802478,,0.7006195,
26646300,3.001906,,0.7504765,
26647200,3.169844,,0.792461,
26648100,3.316791,,0.82919775,
26649000,3.432249,,0.85806225,
26649900,3.568699,,0.89217475,
26650800,3.62118,,0.905295,
26651700,3.652668,,0.913167,
26652600,3.652668,,0.913167,
26653500,3.684157,,0.92103925,
26654400,3.62118,,0.905295,
26655300,3.526714,,0.8816785,
26656200,3.40076,,0.85019,
26657100,3.274806,,0.8187015,
26658000,3.096371,,0.77409275,
26658900,2.896944,,0.724236,
26659800,2.666028,,0.666507,
26660700,2.435112,,0.608778,
26661600,2.162212,,0.540553,
26662500,1.889311,,0.47232775,
26663400,1.584922,,0.3962305,
26664300,1.291029,,0.32275725,
26665200,0.997136,,0.249284,
26666100,0.703244,,0.175811,
26667000,0.440839,,0.11020975,
26667900,0.209923,,0.05248075,
26668800,0,,0,
26669700,0,,0,
26670600,0,,0,
26671500,0,,0,
26672400,0,,0,
26673300,0,,0,
26674200,0,,0,
26675100,0,,0,
26676000,0,,0,
26676900,0,,0,
26677800,0,,0,
26678700,0,,0,
26679600,0,,0,
26680500,0,,0,
26681400,0,,0,
26682300,0,,0,
26683200,0,,0,
26684100,0,,0,
26685000,0,,0,
26685900,0,,0,
26686800,0,,0,
26687700,0,,0,
26688600,0,,0,
26689500,0,,0,
26690400,0,,0,
26691300,0,,0,
26692200,0,,0,
26693100,0,,0,
26694000,0,,0,
26694900,0,,0,
26695800,0,,0,
26696700,0,,0,
26697600,0,,0,
26698500,0,,0,
26699400,0,,0,
26700300,0,,0,
26701200,0,,0,
26702100,0,,0,
26703000,0,,0,
26703900,0,,0,
26704800,0,,0,
26705700,0,,0,
26706600,0,,0,
26707500,0,,0,
26708400,0,,0,
26709300,0,,0,
26710200,0,,0,
26711100,0,,0,
26712000,0,,0,
26712900,0,,0,
26713800,0,,0,
26714700,0,,0,
26715600,0,,0,
26716500,0,,0,
26717400,0,,0,
26718300,0,,0,
26719200,0,,0,
26720100,0,,0,
26721000,0,,0,
26721900,0,,0,
26722800,0.230916,,0.057729,
26723700,0.451335,,0.11283375,
26724600,0.724236,,0.181059,
26725500,1.018129,,0.25453225,
26726400,1.322518,,0.3306295,
26727300,1.616411,,0.40410275,
26728200,1.910304,,0.477576,
26729100,2.1937,,0.548425,
26730000,2.445608,,0.611402,
26730900,2.697517,,0.67437925,
26731800,2.917936,,0.729484,
26732700,3.138356,,0.784589,
26733600,3.306295,,0.82657375,
26734500,3.453241,,0.86331025,
26735400,3.568699,,0.89217475,
26736300,3.663164,,0.915791,
26737200,3.715645,,0.92891125,
26738100,3.747134,,0.9367835,
26739000,3.747134,,0.9367835,
26739900,3.726142,,0.9315355,
26740800,3.663164,,0.915791,
26741700,3.568699,,0.89217475,
26742600,3.463737,,0.86593425,
26743500,3.295798,,0.8239495,
26744400,3.117363,,0.77934075,
26745300,2.917936,,0.729484,
26746200,2.68702,,0.671755,
26747100,2.424616,,0.606154,
26748000,2.151716,,0.537929,
26748900,1.878815,,0.46970375,
26749800,1.574426,,0.3936065,
26750700,1.249045,,0.31226125,
26751600,0.955152,,0.238788,
26752500,0.671755,,0.16793875,
26753400,0.409351,,0.10233775,
26754300,0.188931,,0.04723275,
26755200,0,,0,
26756100,0,,0,
26757000,0,,0,
26757900,0,,0,
26758800,0,,0,
26759700,0,,0,
26760600,0,,0,
26761500,0,,0,
26762400,0,,0,
26763300,0,,0,
26764200,0,,0,
26765100,0,,0,
26766000,0,,0,
26766900,0,,0,
26767800,0,,0,
26768700,0,,0,
26769600,0,,0,
26770500,0,,0,
26771400,0,,0,
26772300,0,,0,
26773200,0,,0,
26774100,0,,0,
26775000,0,,0,
26775900,0,,0,
26776800,0,,0,
26777700,0,,0,
26778600,0,,0,
26779500,0,,0,
26780400,0,,0,
26781300,0,,0,
26782200,0,,0,
26783100,0,,0,
26784000,0,,0,
26784900,0,,0,
26785800,0,,0,
26786700,0,,0,
26787600,0,,0,
26788500,0,,0,
26789400,0,,0,
26790300,0,,0,
26791200,0,,0,
26792100,0,,0,
26793000,0,,0,
26793900,0,,0,
26794800,0,,0,
26795700,0,,0,
26796600,0,,0,
26797500,0,,0,
26798400,0,,0,
26799300,0,,0,
26800200,0,,0,
26801100,0,,0,
26802000,0,,0,
26802900,0,,0,
26803800,0,,0,
26804700,0,,0,
26805600,0,,0,
26806500,0,,0,
26807400,0,,0,
26808300,0,,0,
26809200,0.209923,,0.05248075,
26810100,0.430343,,0.10758575,
26811000,0.703244,,0.175811,
26811900,0.997136,,0.249284,
26812800,1.301525,,0.32538125,
26813700,1.605915,,0.40147875,
26814600,1.889311,,0.47232775,
26815500,2.151716,,0.537929,
26816400,2.41412,,0.60353,
26817300,2.655532,,0.663883,
26818200,2.875951,,0.71898775,
26819100,3.04389,,0.7609725,
26820000,3.211829,,0.80295725,
26820900,3.358775,,0.83969375,
26821800,3.48473,,0.8711825,
26822700,3.547707,,0.88692675,
26823600,3.600187,,0.90004675,
26824500,3.631676,,0.907919,
26825400,3.631676,,0.907919,
26826300,3.53721,,0.8843025,
26827200,3.495226,,0.8738065,
26828100,3.411256,,0.852814,
26829000,3.285302,,0.8213255,
26829900,3.148852,,0.787213,
26830800,2.970417,,0.74260425,
26831700,2.781486,,0.6953715,
26832600,2.55057,,0.6376425,
26833500,2.372135,,0.59303375,
26834400,2.109731,,0.52743275,
26835300,1.826334,,0.4565835,
26836200,1.532441,,0.38311025,
26837100,1.270037,,0.31750925,
26838000,0.955152,,0.238788,
26838900,0.671755,,0.16793875,
26839800,0.409351,,0.10233775,
26840700,0.178435,,0.04460875,
26841600,0,,0,
26842500,0,,0,
26843400,0,,0,
26844300,0,,0,
26845200,0,,0,
26846100,0,,0,
26847000,0,,0,
26847900,0,,0,
26848800,0,,0,
26849700,0,,0,
26850600,0,,0,
26851500,0,,0,
26852400,0,,0,
26853300,0,,0,
26854200,0,,0,
26855100,0,,0,
26856000,0,,0,
26856900,0,,0,
26857800,0,,0,
26858700,0,,0,
26859600,0,,0,
26860500,0,,0,
26861400,0,,0,
26862300,0,,0,
26863200,0,,0,
26864100,0,,0,
26865000,0,,0,
26865900,0,,0,
26866800,0,,0,
26867700,0,,0,
26868600,0,,0,
26869500,0,,0,
26870400,0,,0,
26871300,0,,0,
26872200,0,,0,
26873100,0,,0,
26874000,0,,0,
26874900,0,,0,
26875800,0,,0,
26876700,0,,0,
26877600,0,,0,
26878500,0,,0,
26879400,0,,0,
26880300,0,,0,
26881200,0,,0,
26882100,0,,0,
26883000,0,,0,
26883900,0,,0,
26884800,0,,0,
26885700,0,,0,
26886600,0,,0,
26887500,0,,0,
26888400,0,,0,
26889300,0,,0,
26890200,0,,0,
26891100,0,,0,
26892000,0,,0,
26892900,0,,0,
26893800,0,,0,
26894700,0,,0,
26895600,0.188931,,0.04723275,
26896500,0.398855,,0.09971375,
26897400,0.671755,,0.16793875,
26898300,0.955152,,0.238788,
26899200,1.259541,,0.31488525,
26900100,1.56393,,0.3909825,
26901000,1.857823,,0.46445575,
26901900,2.151716,,0.537929,
26902800,2.41412,,0.60353,
26903700,2.666028,,0.666507,
26904600,2.886448,,0.721612,
26905500,3.106867,,0.77671675,
26906400,3.274806,,0.8187015,
26907300,3.421753,,0.85543825,
26908200,3.547707,,0.88692675,
26909100,3.642172,,0.910543,
26910000,3.705149,,0.92628725,
26910900,3.736638,,0.9341595,
26911800,3.736638,,0.9341595,
26912700,3.715645,,0.92891125,
26913600,3.652668,,0.913167,
26914500,3.558203,,0.88955075,
26915400,3.432249,,0.85806225,
26916300,3.274806,,0.8187015,
26917200,3.096371,,0.77409275,
26918100,2.896944,,0.724236,
26919000,2.666028,,0.666507,
26919900,2.403624,,0.600906,
26920800,2.141219,,0.53530475,
26921700,1.847327,,0.46183175,
26922600,1.553434,,0.3883585,
26923500,1.249045,,0.31226125,
26924400,0.944656,,0.236164,
26925300,0.650763,,0.16269075,
26926200,0.377862,,0.0944655,
26927100,0.167939,,0.04198475,
26928000,0,,0,
26928900,0,,0,
26929800,0,,0,
26930700,0,,0,
26931600,0,,0,
26932500,0,,0,
26933400,0,,0,
26934300,0,,0,
26935200,0,,0,
26936100,0,,0,
26937000,0,,0,
26937900,0,,0,
26938800,0,,0,
26939700,0,,0,
26940600,0,,0,
26941500,0,,0,
26942400,0,,0,
26943300,0,,0,
26944200,0,,0,
26945100,0,,0,
26946000,0,,0,
26946900,0,,0,
26947800,0,,0,
26948700,0,,0,
26949600,0,,0,
26950500,0,,0,
26951400,0,,0,
26952300,0,,0,
26953200,0,,0,
26954100,0,,0,
26955000,0,,0,
26955900,0,,0,
26956800,0,,0,
26957700,0,,0,
26958600,0,,0,
26959500,0,,0,
26960400,0,,0,
26961300,0,,0,
26962200,0,,0,
26963100,0,,0,
26964000,0,,0,
26964900,0,,0,
26965800,0,,0,
26966700,0,,0,
26967600,0,,0,
26968500,0,,0,
26969400,0,,0,
26970300,0,,0,
26971200,0,,0,
26972100,0,,0,
26973000,0,,0,
26973900,0,,0,
26974800,0,,0,
26975700,0,,0,
26976600,0,,0,
26977500,0,,0,
26978400,0,,0,
26979300,0,,0,
26980200,0,,0,
26981100,0,,0,
26982000,0.125954,,0.0314885,
26982900,0.314885,,0.07872125,
26983800,0.556297,,0.13907425,
26984700,0.839694,,0.2099235,
26985600,1.112594,,0.2781485,
26986500,1.406487,,0.35162175,
26987400,1.679388,,0.419847,
26988300,1.983777,,0.49594425,
26989200,2.246181,,0.56154525,
26990100,2.487593,,0.62189825,
26991000,2.718509,,0.67962725,
26991900,2.991409,,0.74785225,
26992800,3.159348,,0.789837,
26993700,3.327287,,0.83182175,
26994600,3.432249,,0.85806225,
26995500,3.579195,,0.89479875,
26996400,3.631676,,0.907919,
26997300,3.663164,,0.915791,
26998200,3.684157,,0.92103925,
26999100,3.663164,,0.915791,
27000000,3.600187,,0.90004675,
27000900,3.505722,,0.8764305,
27001800,3.379768,,0.844942,
27002700,3.232821,,0.80820525,
27003600,3.04389,,0.7609725,
27004500,2.844463,,0.71111575,
27005400,2.613547,,0.65338675,
27006300,2.351143,,0.58778575,
27007200,2.099235,,0.52480875,
27008100,1.794846,,0.4487115,
27009000,1.500953,,0.37523825,
27009900,1.186068,,0.296517,
27010800,0.892175,,0.22304375,
27011700,0.598282,,0.1495705,
27012600,0.346374,,0.0865935,
27013500,0.146946,,0.0367365,
27014400,0,,0,
27015300,0,,0,
27016200,0,,0,
27017100,0,,0,
27018000,0,,0,
27018900,0,,0,
27019800,0,,0,
27020700,0,,0,
27021600,0,,0,
27022500,0,,0,
27023400,0,,0,
27024300,0,,0,
27025200,0,,0,
27026100,0,,0,
27027000,0,,0,
27027900,0,,0,
27028800,0,,0,
27029700,0,,0,
27030600,0,,0,
27031500,0,,0,
27032400,0,,0,
27033300,0,,0,
27034200,0,,0,
27035100,0,,0,
27036000,0,,0,
27036900,0,,0,
27037800,0,,0,
27038700,0,,0,
27039600,0,,0,
27040500,0,,0,
27041400,0,,0,
27042300,0,,0,
27043200,0,,0,
27044100,0,,0,
27045000,0,,0,
27045900,0,,0,
27046800,0,,0,
27047700,0,,0,
27048600,0,,0,
27049500,0,,0,
27050400,0,,0,
27051300,0,,0,
27052200,0,,0,
27053100,0,,0,
27054000,0,,0,
27054900,0,,0,
27055800,0,,0,
27056700,0,,0,
27057600,0,,0,
27058500,0,,0,
27059400,0,,0,
27060300,0,,0,
27061200,0,,0,
27062100,0,,0,
27063000,0,,0,
27063900,0,,0,
27064800,0,,0,
27065700,0,,0,
27066600,0,,0,
27067500,0,,0,
27068400,0.146946,,0.0367365,
27069300,0.346374,,0.0865935,
27070200,0.608778,,0.1521945,
27071100,0.902671,,0.22566775,
27072000,1.196564,,0.299141,
27072900,1.500953,,0.37523825,
27073800,1.794846,,0.4487115,
27074700,2.088738,,0.5221845,
27075600,2.361639,,0.59040975,
27076500,2.603051,,0.65076275,
27077400,2.833967,,0.70849175,
27078300,3.064883,,0.76622075,
27079200,3.243318,,0.8108295,
27080100,3.390264,,0.847566,
27081000,3.505722,,0.8764305,
27081900,3.631676,,0.907919,
27082800,3.684157,,0.92103925,
27083700,3.715645,,0.92891125,
27084600,3.705149,,0.92628725,
27085500,3.684157,,0.92103925,
27086400,3.62118,,0.905295,
27087300,3.526714,,0.8816785,
27088200,3.40076,,0.85019,
27089100,3.253814,,0.8134535,
27090000,3.075379,,0.76884475,
27090900,2.865455,,0.71636375,
27091800,2.63454,,0.658635,
27092700,2.382631,,0.59565775,
27093600,2.109731,,0.52743275,
27094500,1.815838,,0.4539595,
27095400,1.511449,,0.37786225,
27096300,1.20706,,0.301765,
27097200,0.902671,,0.22566775,
27098100,0.608778,,0.1521945,
27099000,0.346374,,0.0865935,
27099900,0.13645,,0.0341125,
27100800,0,,0,
27101700,0,,0,
27102600,0,,0,
27103500,0,,0,
27104400,0,,0,
27105300,0,,0,
27106200,0,,0,
27107100,0,,0,
27108000,0,,0,
27108900,0,,0,
27109800,0,,0,
27110700,0,,0,
27111600,0,,0,
27112500,0,,0,
27113400,0,,0,
27114300,0,,0,
27115200,0,,0,
27116100,0,,0,
27117000,0,,0,
27117900,0,,0,
27118800,0,,0,
27119700,0,,0,
27120600,0,,0,
27121500,0,,0,
27122400,0,,0,
27123300,0,,0,
27124200,0,,0,
27125100,0,,0,
27126000,0,,0,
27126900,0,,0,
27127800,0,,0,
27128700,0,,0,
27129600,0,,0,
27130500,0,,0,
27131400,0,,0,
27132300,0,,0,
27133200,0,,0,
27134100,0,,0,
27135000,0,,0,
27135900,0,,0,
27136800,0,,0,
27137700,0,,0,
27138600,0,,0,
27139500,0,,0,
27140400,0,,0,
27141300,0,,0,
27142200,0,,0,
27143100,0,,0,
27144000,0,,0,
27144900,0,,0,
27145800,0,,0,
27146700,0,,0,
27147600,0,,0,
27148500,0,,0,
27149400,0,,0,
27150300,0,,0,
27151200,0,,0,
27152100,0,,0,
27153000,0,,0,
27153900,0,,0,
27154800,0.125954,,0.0314885,
27155700,0.314885,,0.07872125,
27156600,0.566793,,0.14169825,
27157500,0.85019,,0.2125475,
27158400,1.154579,,0.28864475,
27159300,1.448472,,0.362118,
27160200,1.742365,,0.43559125,
27161100,2.025761,,0.50644025,
27162000,2.288166,,0.5720415,
27162900,2.540074,,0.6350185,
27163800,2.760494,,0.6901235,
27164700,2.959921,,0.73998025,
27165600,3.138356,,0.784589,
27166500,3.285302,,0.8213255,
27167400,3.390264,,0.847566,
27168300,3.474233,,0.86855825,
27169200,3.53721,,0.8843025,
27170100,3.547707,,0.88692675,
27171000,3.547707,,0.88692675,
27171900,3.495226,,0.8738065,
27172800,3.421753,,0.85543825,
27173700,3.327287,,0.83182175,
27174600,3.190837,,0.79770925,
27175500,3.012402,,0.7531005,
27176400,2.823471,,0.70586775,
27177300,2.624043,,0.65601075,
27178200,2.403624,,0.600906,
27179100,2.109731,,0.52743275,
27180000,1.868319,,0.46707975,
27180900,1.595418,,0.3988545,
27181800,1.322518,,0.3306295,
27182700,0.976144,,0.244036,
27183600,0.71374,,0.178435,
27184500,0.461832,,0.115458,
27185400,0.241412,,0.060353,
27186300,0,,0,
27187200,0,,0,
27188100,0,,0,
27189000,0,,0,
27189900,0,,0,
27190800,0,,0,
27191700,0,,0,
27192600,0,,0,
27193500,0,,0,
27194400,0,,0,
27195300,0,,0,
27196200,0,,0,
27197100,0,,0,
27198000,0,,0,
27198900,0,,0,
27199800,0,,0,
27200700,0,,0,
27201600,0,,0,
27202500,0,,0,
27203400,0,,0,
27204300,0,,0,
27205200,0,,0,
27206100,0,,0,
27207000,0,,0,
27207900,0,,0,
27208800,0,,0,
27209700,0,,0,
27210600,0,,0,
27211500,0,,0,
27212400,0,,0,
27213300,0,,0,
27214200,0,,0,
27215100,0,,0,
27216000,0,,0,
27216900,0,,0,
27217800,0,,0,
27218700,0,,0,
27219600,0,,0,
27220500,0,,0,
27221400,0,,0,
27222300,0,,0,
27223200,0,,0,
27224100,0,,0,
27225000,0,,0,
27225900,0,,0,
27226800,0,,0,
27227700,0,,0,
27228600,0,,0,
27229500,0,,0,
27230400,0,,0,
27231300,0,,0,
27232200,0,,0,
27233100,0,,0,
27234000,0,,0,
27234900,0,,0,
27235800,0,,0,
27236700,0,,0,
27237600,0,,0,
27238500,0,,0,
27239400,0,,0,
27240300,0,,0,
27241200,0,,0,
27242100,0.251908,,0.062977,
27243000,0.461832,,0.115458,
27243900,0.745228,,0.186307,
27244800,1.018129,,0.25453225,
27245700,1.301525,,0.32538125,
27246600,1.584922,,0.3962305,
27247500,1.847327,,0.46183175,
27248400,2.109731,,0.52743275,
27249300,2.361639,,0.59040975,
27250200,2.582059,,0.64551475,
27251100,2.781486,,0.6953715,
27252000,2.959921,,0.73998025,
27252900,3.096371,,0.77409275,
27253800,3.222325,,0.80558125,
27254700,3.348279,,0.83706975,
27255600,3.411256,,0.852814,
27256500,3.442745,,0.86068625,
27257400,3.442745,,0.86068625,
27258300,3.463737,,0.86593425,
27259200,3.411256,,0.852814,
27260100,3.316791,,0.82919775,
27261000,3.190837,,0.79770925,
27261900,3.054386,,0.7635965,
27262800,2.875951,,0.71898775,
27263700,2.676524,,0.669131,
27264600,2.445608,,0.611402,
27265500,2.214693,,0.55367325,
27266400,1.952288,,0.488072,
27267300,1.658395,,0.41459875,
27268200,1.364503,,0.34112575,
27269100,1.081106,,0.2702765,
27270000,0.787213,,0.19680325,
27270900,0.514312,,0.128578,
27271800,0.272901,,0.06822525,
27272700,0,,0,
27273600,0,,0,
27274500,0,,0,
27275400,0,,0,
27276300,0,,0,
27277200,0,,0,
27278100,0,,0,
27279000,0,,0,
27279900,0,,0,
27280800,0,,0,
27281700,0,,0,
27282600,0,,0,
27283500,0,,0,
27284400,0,,0,
27285300,0,,0,
27286200,0,,0,
27287100,0,,0,
27288000,0,,0,
27288900,0,,0,
27289800,0,,0,
27290700,0,,0,
27291600,0,,0,
27292500,0,,0,
27293400,0,,0,
27294300,0,,0,
27295200,0,,0,
27296100,0,,0,
27297000,0,,0,
27297900,0,,0,
27298800,0,,0,
27299700,0,,0,
27300600,0,,0,
27301500,0,,0,
27302400,0,,0,
27303300,0,,0,
27304200,0,,0,
27305100,0,,0,
27306000,0,,0,
27306900,0,,0,
27307800,0,,0,
27308700,0,,0,
27309600,0,,0,
27310500,0,,0,
27311400,0,,0,
27312300,0,,0,
27313200,0,,0,
27314100,0,,0,
27315000,0,,0,
27315900,0,,0,
27316800,0,,0,
27317700,0,,0,
27318600,0,,0,
27319500,0,,0,
27320400,0,,0,
27321300,0,,0,
27322200,0,,0,
27323100,0,,0,
27324000,0,,0,
27324900,0,,0,
27325800,0,,0,
27326700,0,,0,
27327600,0,,0,
27328500,0.230916,,0.057729,
27329400,0.440839,,0.11020975,
27330300,0.692747,,0.17318675,
27331200,0.965648,,0.241412,
27332100,1.238548,,0.309637,
27333000,1.511449,,0.37786225,
27333900,1.773853,,0.44346325,
27334800,2.025761,,0.50644025,
27335700,2.256677,,0.56416925,
27336600,2.477097,,0.61927425,
27337500,2.68702,,0.671755,
27338400,2.865455,,0.71636375,
27339300,3.001906,,0.7504765,
27340200,3.106867,,0.77671675,
27341100,3.253814,,0.8134535,
27342000,3.306295,,0.82657375,
27342900,3.337783,,0.83444575,
27343800,3.337783,,0.83444575,
27344700,3.274806,,0.8187015,
27345600,3.211829,,0.80295725,
27346500,3.117363,,0.77934075,
27347400,3.001906,,0.7504765,
27348300,2.865455,,0.71636375,
27349200,2.697517,,0.67437925,
27350100,2.498089,,0.62452225,
27351000,2.288166,,0.5720415,
27351900,2.05725,,0.5143125,
27352800,1.805342,,0.4513355,
27353700,1.532441,,0.38311025,
27354600,1.259541,,0.31488525,
27355500,0.976144,,0.244036,
27356400,0.703244,,0.175811,
27357300,0.451335,,0.11283375,
27358200,0.230916,,0.057729,
27359100,0,,0,
27360000,0,,0,
27360900,0,,0,
27361800,0,,0,
27362700,0,,0,
27363600,0,,0,
27364500,0,,0,
27365400,0,,0,
27366300,0,,0,
27367200,0,,0,
27368100,0,,0,
27369000,0,,0,
27369900,0,,0,
27370800,0,,0,
27371700,0,,0,
27372600,0,,0,
27373500,0,,0,
27374400,0,,0,
27375300,0,,0,
27376200,0,,0,
27377100,0,,0,
27378000,0,,0,
27378900,0,,0,
27379800,0,,0,
27380700,0,,0,
27381600,0,,0,
27382500,0,,0,
27383400,0,,0,
27384300,0,,0,
27385200,0,,0,
27386100,0,,0,
27387000,0,,0,
27387900,0,,0,
27388800,0,,0,
27389700,0,,0,
27390600,0,,0,
27391500,0,,0,
27392400,0,,0,
27393300,0,,0,
27394200,0,,0,
27395100,0,,0,
27396000,0,,0,
27396900,0,,0,
27397800,0,,0,
27398700,0,,0,
27399600,0,,0,
27400500,0,,0,
27401400,0,,0,
27402300,0,,0,
27403200,0,,0,
27404100,0,,0,
27405000,0,,0,
27405900,0,,0,
27406800,0,,0,
27407700,0,,0,
27408600,0,,0,
27409500,0,,0,
27410400,0,,0,
27411300,0,,0,
27412200,0,,0,
27413100,0,,0,
27414000,0,,0,
27414900,0.241412,,0.060353,
27415800,0.472328,,0.118082,
27416700,0.745228,,0.186307,
27417600,1.028625,,0.25715625,
27418500,1.312022,,0.3280055,
27419400,1.605915,,0.40147875,
27420300,1.878815,,0.46970375,
27421200,2.141219,,0.53530475,
27422100,2.372135,,0.59303375,
27423000,2.592555,,0.64813875,
27423900,2.791982,,0.6979955,
27424800,2.959921,,0.73998025,
27425700,3.106867,,0.77671675,
27426600,3.222325,,0.80558125,
27427500,3.316791,,0.82919775,
27428400,3.369272,,0.842318,
27429300,3.40076,,0.85019,
27430200,3.40076,,0.85019,
27431100,3.369272,,0.842318,
27432000,3.306295,,0.82657375,
27432900,3.222325,,0.80558125,
27433800,3.096371,,0.77409275,
27434700,2.938929,,0.73473225,
27435600,2.77099,,0.6927475,
27436500,2.571562,,0.6428905,
27437400,2.351143,,0.58778575,
27438300,2.088738,,0.5221845,
27439200,1.83683,,0.4592075,
27440100,1.56393,,0.3909825,
27441000,1.280533,,0.32013325,
27441900,0.976144,,0.244036,
27442800,0.703244,,0.175811,
27443700,0.440839,,0.11020975,
27444600,0.22042,,0.055105,
27445500,0,,0,
27446400,0,,0,
27447300,0,,0,
27448200,0,,0,
27449100,0,,0,
27450000,0,,0,
27450900,0,,0,
27451800,0,,0,
27452700,0,,0,
27453600,0,,0,
27454500,0,,0,
27455400,0,,0,
27456300,0,,0,
27457200,0,,0,
27458100,0,,0,
27459000,0,,0,
27459900,0,,0,
27460800,0,,0,
27461700,0,,0,
27462600,0,,0,
27463500,0,,0,
27464400,0,,0,
27465300,0,,0,
27466200,0,,0,
27467100,0,,0,
27468000,0,,0,
27468900,0,,0,
27469800,0,,0,
27470700,0,,0,
27471600,0,,0,
27472500,0,,0,
27473400,0,,0,
27474300,0,,0,
27475200,0,,0,
27476100,0,,0,
27477000,0,,0,
27477900,0,,0,
27478800,0,,0,
27479700,0,,0,
27480600,0,,0,
27481500,0,,0,
27482400,0,,0,
27483300,0,,0,
27484200,0,,0,
27485100,0,,0,
27486000,0,,0,
27486900,0,,0,
27487800,0,,0,
27488700,0,,0,
27489600,0,,0,
27490500,0,,0,
27491400,0,,0,
27492300,0,,0,
27493200,0,,0,
27494100,0,,0,
27495000,0,,0,
27495900,0,,0,
27496800,0,,0,
27497700,0,,0,
27498600,0,,0,
27499500,0,,0,
27500400,0,,0,
27501300,0.22042,,0.055105,
27502200,0.430343,,0.10758575,
27503100,0.692747,,0.17318675,
27504000,0.965648,,0.241412,
27504900,1.259541,,0.31488525,
27505800,1.532441,,0.38311025,
27506700,1.815838,,0.4539595,
27507600,2.067746,,0.5169365,
27508500,2.298662,,0.5746655,
27509400,2.519082,,0.6297705,
27510300,2.718509,,0.67962725,
27511200,2.886448,,0.721612,
27512100,3.033394,,0.7583485,
27513000,3.138356,,0.784589,
27513900,3.211829,,0.80295725,
27514800,3.274806,,0.8187015,
27515700,3.295798,,0.8239495,
27516600,3.295798,,0.8239495,
27517500,3.253814,,0.8134535,
27518400,3.190837,,0.79770925,
27519300,3.096371,,0.77409275,
27520200,2.980913,,0.74522825,
27521100,2.812974,,0.7032435,
27522000,2.645036,,0.661259,
27522900,2.456105,,0.61402625,
27523800,2.246181,,0.56154525,
27524700,1.994273,,0.49856825,
27525600,1.742365,,0.43559125,
27526500,1.47996,,0.36999,
27527400,1.20706,,0.301765,
27528300,0.934159,,0.23353975,
27529200,0.661259,,0.16531475,
27530100,0.409351,,0.10233775,
27531000,0.199427,,0.04985675,
27531900,0,,0,
27532800,0,,0,
27533700,0,,0,
27534600,0,,0,
27535500,0,,0,
27536400,0,,0,
27537300,0,,0,
27538200,0,,0,
27539100,0,,0,
27540000,0,,0,
27540900,0,,0,
27541800,0,,0,
27542700,0,,0,
27543600,0,,0,
27544500,0,,0,
27545400,0,,0,
27546300,0,,0,
27547200,0,,0,
27548100,0,,0,
27549000,0,,0,
27549900,0,,0,
27550800,0,,0,
27551700,0,,0,
27552600,0,,0,
27553500,0,,0,
27554400,0,,0,
27555300,0,,0,
27556200,0,,0,
27557100,0,,0,
27558000,0,,0,
27558900,0,,0,
27559800,0,,0,
27560700,0,,0,
27561600,0,,0,
27562500,0,,0,
27563400,0,,0,
27564300,0,,0,
27565200,0,,0,
27566100,0,,0,
27567000,0,,0,
27567900,0,,0,
27568800,0,,0,
27569700,0,,0,
27570600,0,,0,
27571500,0,,0,
27572400,0,,0,
27573300,0,,0,
27574200,0,,0,
27575100,0,,0,
27576000,0,,0,
27576900,0,,0,
27577800,0,,0,
27578700,0,,0,
27579600,0,,0,
27580500,0,,0,
27581400,0,,0,
27582300,0,,0,
27583200,0,,0,
27584100,0,,0,
27585000,0,,0,
27585900,0,,0,
27586800,0,,0,
27587700,0.199427,,0.04985675,
27588600,0.419847,,0.10496175,
27589500,0.682251,,0.17056275,
27590400,0.965648,,0.241412,
27591300,1.249045,,0.31226125,
27592200,1.532441,,0.38311025,
27593100,1.826334,,0.4565835,
27594000,2.088738,,0.5221845,
27594900,2.33015,,0.5825375,
27595800,2.55057,,0.6376425,
27596700,2.760494,,0.6901235,
27597600,2.938929,,0.73473225,
27598500,3.085875,,0.77146875,
27599400,3.211829,,0.80295725,
27600300,3.306295,,0.82657375,
27601200,3.369272,,0.842318,
27602100,3.40076,,0.85019,
27603000,3.40076,,0.85019,
27603900,3.369272,,0.842318,
27604800,3.306295,,0.82657375,
27605700,3.211829,,0.80295725,
27606600,3.096371,,0.77409275,
27607500,2.949425,,0.73735625,
27608400,2.77099,,0.6927475,
27609300,2.55057,,0.6376425,
27610200,2.33015,,0.5825375,
27611100,2.078242,,0.5195605,
27612000,1.815838,,0.4539595,
27612900,1.542937,,0.38573425,
27613800,1.259541,,0.31488525,
27614700,0.965648,,0.241412,
27615600,0.682251,,0.17056275,
27616500,0.419847,,0.10496175,
27617400,0.199427,,0.04985675,
27618300,0,,0,
27619200,0,,0,
27620100,0,,0,
27621000,0,,0,
27621900,0,,0,
27622800,0,,0,
27623700,0,,0,
27624600,0,,0,
27625500,0,,0,
27626400,0,,0,
27627300,0,,0,
27628200,0,,0,
27629100,0,,0,
27630000,0,,0,
27630900,0,,0,
27631800,0,,0,
27632700,0,,0,
27633600,0,,0,
27634500,0,,0,
27635400,0,,0,
27636300,0,,0,
27637200,0,,0,
27638100,0,,0,
27639000,0,,0,
27639900,0,,0,
27640800,0,,0,
27641700,0,,0,
27642600,0,,0,
27643500,0,,0,
27644400,0,,0,
27645300,0,,0,
27646200,0,,0,
27647100,0,,0,
27648000,0,,0,
27648900,0,,0,
27649800,0,,0,
27650700,0,,0,
27651600,0,,0,
27652500,0,,0,
27653400,0,,0,
27654300,0,,0,
27655200,0,,0,
27656100,0,,0,
27657000,0,,0,
27657900,0,,0,
27658800,0,,0,
27659700,0,,0,
27660600,0,,0,
27661500,0,,0,
27662400,0,,0,
27663300,0,,0,
27664200,0,,0,
27665100,0,,0,
27666000,0,,0,
27666900,0,,0,
27667800,0,,0,
27668700,0,,0,
27669600,0,,0,
27670500,0,,0,
27671400,0,,0,
27672300,0,,0,
27673200,0,,0,
27674100,0.146946,,0.0367365,
27675000,0.335878,,0.0839695,
27675900,0.57729,,0.1443225,
27676800,0.839694,,0.2099235,
27677700,1.123091,,0.28077275,
27678600,1.395991,,0.34899775,
27679500,1.679388,,0.419847,
27680400,1.9208,,0.4802,
27681300,2.172708,,0.543177,
27682200,2.393128,,0.598282,
27683100,2.613547,,0.65338675,
27684000,2.781486,,0.6953715,
27684900,2.928432,,0.732108,
27685800,3.04389,,0.7609725,
27686700,3.159348,,0.789837,
27687600,3.211829,,0.80295725,
27688500,3.243318,,0.8108295,
27689400,3.243318,,0.8108295,
27690300,3.222325,,0.80558125,
27691200,3.159348,,0.789837,
27692100,3.054386,,0.7635965,
27693000,2.938929,,0.73473225,
27693900,2.791982,,0.6979955,
27694800,2.613547,,0.65338675,
27695700,2.41412,,0.60353,
27696600,2.204196,,0.551049,
27697500,1.952288,,0.488072,
27698400,1.689884,,0.422471,
27699300,1.42748,,0.35687,
27700200,1.154579,,0.28864475,
27701100,0.860686,,0.2151715,
27702000,0.598282,,0.1495705,
27702900,0.35687,,0.0892175,
27703800,0.157443,,0.03936075,
27704700,0,,0,
27705600,0,,0,
27706500,0,,0,
27707400,0,,0,
27708300,0,,0,
27709200,0,,0,
27710100,0,,0,
27711000,0,,0,
27711900,0,,0,
27712800,0,,0,
27713700,0,,0,
27714600,0,,0,
27715500,0,,0,
27716400,0,,0,
27717300,0,,0,
27718200,0,,0,
27719100,0,,0,
27720000,0,,0,
27720900,0,,0,
27721800,0,,0,
27722700,0,,0,
27723600,0,,0,
27724500,0,,0,
27725400,0,,0,
27726300,0,,0,
27727200,0,,0,
27728100,0,,0,
27729000,0,,0,
27729900,0,,0,
27730800,0,,0,
27731700,0,,0,
27732600,0,,0,
27733500,0,,0,
27734400,0,,0,
27735300,0,,0,
27736200,0,,0,
27737100,0,,0,
27738000,0,,0,
27738900,0,,0,
27739800,0,,0,
27740700,0,,0,
27741600,0,,0,
27742500,0,,0,
27743400,0,,0,
27744300,0,,0,
27745200,0,,0,
27746100,0,,0,
27747000,0,,0,
27747900,0,,0,
27748800,0,,0,
27749700,0,,0,
27750600,0,,0,
27751500,0,,0,
27752400,0,,0,
27753300,0,,0,
27754200,0,,0,
27755100,0,,0,
27756000,0,,0,
27756900,0,,0,
27757800,0,,0,
27758700,0,,0,
27759600,0,,0,
27760500,0.104962,,0.0262405,
27761400,0.262404,,0.065601,
27762300,0.472328,,0.118082,
27763200,0.71374,,0.178435,
27764100,0.955152,,0.238788,
27765000,1.20706,,0.301765,
27765900,1.437976,,0.359494,
27766800,1.668892,,0.417223,
27767700,1.889311,,0.47232775,
27768600,2.099235,,0.52480875,
27769500,2.27767,,0.5694175,
27770400,2.435112,,0.608778,
27771300,2.571562,,0.6428905,
27772200,2.676524,,0.669131,
27773100,2.791982,,0.6979955,
27774000,2.844463,,0.71111575,
27774900,2.875951,,0.71898775,
27775800,2.875951,,0.71898775,
27776700,2.833967,,0.70849175,
27777600,2.781486,,0.6953715,
27778500,2.697517,,0.67437925,
27779400,2.582059,,0.64551475,
27780300,2.466601,,0.61665025,
27781200,2.309158,,0.5772895,
27782100,2.120227,,0.53005675,
27783000,1.9208,,0.4802,
27783900,1.721372,,0.430343,
27784800,1.47996,,0.36999,
27785700,1.238548,,0.309637,
27786600,0.98664,,0.24666,
27787500,0.734732,,0.183683,
27788400,0.49332,,0.12333,
27789300,0.283397,,0.07084925,
27790200,0.115458,,0.0288645,
27791100,0,,0,
27792000,0,,0,
27792900,0,,0,
27793800,0,,0,
27794700,0,,0,
27795600,0,,0,
27796500,0,,0,
27797400,0,,0,
27798300,0,,0,
27799200,0,,0,
27800100,0,,0,
27801000,0,,0,
27801900,0,,0,
27802800,0,,0,
27803700,0,,0,
27804600,0,,0,
27805500,0,,0,
27806400,0,,0,
27807300,0,,0,
27808200,0,,0,
27809100,0,,0,
27810000,0,,0,
27810900,0,,0,
27811800,0,,0,
27812700,0,,0,
27813600,0,,0,
27814500,0,,0,
27815400,0,,0,
27816300,0,,0,
27817200,0,,0,
27818100,0,,0,
27819000,0,,0,
27819900,0,,0,
27820800,0,,0,
27821700,0,,0,
27822600,0,,0,
27823500,0,,0,
27824400,0,,0,
27825300,0,,0,
27826200,0,,0,
27827100,0,,0,
27828000,0,,0,
27828900,0,,0,
27829800,0,,0,
27830700,0,,0,
27831600,0,,0,
27832500,0,,0,
27833400,0,,0,
27834300,0,,0,
27835200,0,,0,
27836100,0,,0,
27837000,0,,0,
27837900,0,,0,
27838800,0,,0,
27839700,0,,0,
27840600,0,,0,
27841500,0,,0,
27842400,0,,0,
27843300,0,,0,
27844200,0,,0,
27845100,0,,0,
27846000,0,,0,
27846900,0.13645,,0.0341125,
27847800,0.304389,,0.07609725,
27848700,0.535305,,0.13382625,
27849600,0.787213,,0.19680325,
27850500,1.049617,,0.26240425,
27851400,1.322518,,0.3306295,
27852300,1.584922,,0.3962305,
27853200,1.847327,,0.46183175,
27854100,2.078242,,0.5195605,
27855000,2.298662,,0.5746655,
27855900,2.508585,,0.62714625,
27856800,2.676524,,0.669131,
27857700,2.823471,,0.70586775,
27858600,2.928432,,0.732108,
27859500,3.054386,,0.7635965,
27860400,3.106867,,0.77671675,
27861300,3.138356,,0.784589,
27862200,3.148852,,0.787213,
27863100,3.12786,,0.781965,
27864000,3.075379,,0.76884475,
27864900,2.991409,,0.74785225,
27865800,2.875951,,0.71898775,
27866700,2.729005,,0.68225125,
27867600,2.561066,,0.6402665,
27868500,2.372135,,0.59303375,
27869400,2.151716,,0.537929,
27870300,1.9208,,0.4802,
27871200,1.668892,,0.417223,
27872100,1.395991,,0.34899775,
27873000,1.123091,,0.28077275,
27873900,0.85019,,0.2125475,
27874800,0.587786,,0.1469465,
27875700,0.346374,,0.0865935,
27876600,0.157443,,0.03936075,
27877500,0,,0,
27878400,0,,0,
27879300,0,,0,
27880200,0,,0,
27881100,0,,0,
27882000,0,,0,
27882900,0,,0,
27883800,0,,0,
27884700,0,,0,
27885600,0,,0,
27886500,0,,0,
27887400,0,,0,
27888300,0,,0,
27889200,0,,0,
27890100,0,,0,
27891000,0,,0,
27891900,0,,0,
27892800,0,,0,
27893700,0,,0,
27894600,0,,0,
27895500,0,,0,
27896400,0,,0,
27897300,0,,0,
27898200,0,,0,
27899100,0,,0,
27900000,0,,0,
27900900,0,,0,
27901800,0,,0,
27902700,0,,0,
27903600,0,,0,
27904500,0,,0,
27905400,0,,0,
27906300,0,,0,
27907200,0,,0,
27908100,0,,0,
27909000,0,,0,
27909900,0,,0,
27910800,0,,0,
27911700,0,,0,
27912600,0,,0,
27913500,0,,0,
27914400,0,,0,
27915300,0,,0,
27916200,0,,0,
27917100,0,,0,
27918000,0,,0,
27918900,0,,0,
27919800,0,,0,
27920700,0,,0,
27921600,0,,0,
27922500,0,,0,
27923400,0,,0,
27924300,0,,0,
27925200,0,,0,
27926100,0,,0,
27927000,0,,0,
27927900,0,,0,
27928800,0,,0,
27929700,0,,0,
27930600,0,,0,
27931500,0,,0,
27932400,0,,0,
27933300,0.125954,,0.0314885,
27934200,0.304389,,0.07609725,
27935100,0.545801,,0.13645025,
27936000,0.808205,,0.20205125,
27936900,1.091602,,0.2729005,
27937800,1.364503,,0.34112575,
27938700,1.616411,,0.40410275,
27939600,1.868319,,0.46707975,
27940500,2.109731,,0.52743275,
27941400,2.33015,,0.5825375,
27942300,2.519082,,0.6297705,
27943200,2.697517,,0.67437925,
27944100,2.844463,,0.71111575,
27945000,2.959921,,0.73998025,
27945900,3.054386,,0.7635965,
27946800,3.096371,,0.77409275,
27947700,3.12786,,0.781965,
27948600,3.12786,,0.781965,
27949500,3.064883,,0.76622075,
27950400,3.012402,,0.7531005,
27951300,2.928432,,0.732108,
27952200,2.812974,,0.7032435,
27953100,2.666028,,0.666507,
27954000,2.498089,,0.62452225,
27954900,2.309158,,0.5772895,
27955800,2.088738,,0.5221845,
27956700,1.857823,,0.46445575,
27957600,1.605915,,0.40147875,
27958500,1.34351,,0.3358775,
27959400,1.07061,,0.2676525,
27960300,0.808205,,0.20205125,
27961200,0.545801,,0.13645025,
27962100,0.314885,,0.07872125,
27963000,0.13645,,0.0341125,
27963900,0,,0,
27964800,0,,0,
27965700,0,,0,
27966600,0,,0,
27967500,0,,0,
27968400,0,,0,
27969300,0,,0,
27970200,0,,0,
27971100,0,,0,
27972000,0,,0,
27972900,0,,0,
27973800,0,,0,
27974700,0,,0,
27975600,0,,0,
27976500,0,,0,
27977400,0,,0,
27978300,0,,0,
27979200,0,,0,
27980100,0,,0,
27981000,0,,0,
27981900,0,,0,
27982800,0,,0,
27983700,0,,0,
27984600,0,,0,
27985500,0,,0,
27986400,0,,0,
27987300,0,,0,
27988200,0,,0,
27989100,0,,0,
27990000,0,,0,
27990900,0,,0,
27991800,0,,0,
27992700,0,,0,
27993600,0,,0,
27994500,0,,0,
27995400,0,,0,
27996300,0,,0,
27997200,0,,0,
27998100,0,,0,
27999000,0,,0,
27999900,0,,0,
28000800,0,,0,
28001700,0,,0,
28002600,0,,0,
28003500,0,,0,
28004400,0,,0,
28005300,0,,0,
28006200,0,,0,
28007100,0,,0,
28008000,0,,0,
28008900,0,,0,
28009800,0,,0,
28010700,0,,0,
28011600,0,,0,
28012500,0,,0,
28013400,0,,0,
28014300,0,,0,
28015200,0,,0,
28016100,0,,0,
28017000,0,,0,
28017900,0,,0,
28018800,0,,0,
28019700,0,,0,
28020600,0.251908,,0.062977,
28021500,0.461832,,0.115458,
28022400,0.71374,,0.178435,
28023300,0.976144,,0.244036,
28024200,1.238548,,0.309637,
28025100,1.500953,,0.37523825,
28026000,1.742365,,0.43559125,
28026900,1.973281,,0.49332025,
28027800,2.172708,,0.543177,
28028700,2.361639,,0.59040975,
28029600,2.529578,,0.6323945,
28030500,2.655532,,0.663883,
28031400,2.791982,,0.6979955,
28032300,2.844463,,0.71111575,
28033200,2.90744,,0.72686,
28034100,2.917936,,0.729484,
28035000,2.928432,,0.732108,
28035900,2.896944,,0.724236,
28036800,2.844463,,0.71111575,
28037700,2.739501,,0.68487525,
28038600,2.63454,,0.658635,
28039500,2.498089,,0.62452225,
28040400,2.33015,,0.5825375,
28041300,2.141219,,0.53530475,
28042200,1.941792,,0.485448,
28043100,1.721372,,0.430343,
28044000,1.47996,,0.36999,
28044900,1.228052,,0.307013,
28045800,0.976144,,0.244036,
28046700,0.724236,,0.181059,
28047600,0.482824,,0.120706,
28048500,0.272901,,0.06822525,
28049400,0.104962,,0.0262405,
28050300,0,,0,
28051200,0,,0,
28052100,0,,0,
28053000,0,,0,
28053900,0,,0,
28054800,0,,0,
28055700,0,,0,
28056600,0,,0,
28057500,0,,0,
28058400,0,,0,
28059300,0,,0,
28060200,0,,0,
28061100,0,,0,
28062000,0,,0,
28062900,0,,0,
28063800,0,,0,
28064700,0,,0,
28065600,0,,0,
28066500,0,,0,
28067400,0,,0,
28068300,0,,0,
28069200,0,,0,
28070100,0,,0,
28071000,0,,0,
28071900,0,,0,
28072800,0,,0,
28073700,0,,0,
28074600,0,,0,
28075500,0,,0,
28076400,0,,0,
28077300,0,,0,
28078200,0,,0,
28079100,0,,0,
28080000,0,,0,
28080900,0,,0,
28081800,0,,0,
28082700,0,,0,
28083600,0,,0,
28084500,0,,0,
28085400,0,,0,
28086300,0,,0,
28087200,0,,0,
28088100,0,,0,
28089000,0,,0,
28089900,0,,0,
28090800,0,,0,
28091700,0,,0,
28092600,0,,0,
28093500,0,,0,
28094400,0,,0,
28095300,0,,0,
28096200,0,,0,
28097100,0,,0,
28098000,0,,0,
28098900,0,,0,
28099800,0,,0,
28100700,0,,0,
28101600,0,,0,
28102500,0,,0,
28103400,0,,0,
28104300,0,,0,
28105200,0,,0,
28106100,0,,0,
28107000,0.251908,,0.062977,
28107900,0.472328,,0.118082,
28108800,0.71374,,0.178435,
28109700,0.976144,,0.244036,
28110600,1.238548,,0.309637,
28111500,1.511449,,0.37786225,
28112400,1.752861,,0.43821525,
28113300,1.994273,,0.49856825,
28114200,2.214693,,0.55367325,
28115100,2.403624,,0.600906,
28116000,2.571562,,0.6428905,
28116900,2.718509,,0.67962725,
28117800,2.844463,,0.71111575,
28118700,2.938929,,0.73473225,
28119600,3.001906,,0.7504765,
28120500,3.033394,,0.7583485,
28121400,3.033394,,0.7583485,
28122300,3.001906,,0.7504765,
28123200,2.949425,,0.73735625,
28124100,2.865455,,0.71636375,
28125000,2.760494,,0.6901235,
28125900,2.63454,,0.658635,
28126800,2.466601,,0.61665025,
28127700,2.27767,,0.5694175,
28128600,2.067746,,0.5169365,
28129500,1.83683,,0.4592075,
28130400,1.584922,,0.3962305,
28131300,1.322518,,0.3306295,
28132200,1.060114,,0.2650285,
28133100,0.787213,,0.19680325,
28134000,0.535305,,0.13382625,
28134900,0.304389,,0.07609725,
28135800,0,,0,
28136700,0,,0,
28137600,0,,0,
28138500,0,,0,
28139400,0,,0,
28140300,0,,0,
28141200,0,,0,
28142100,0,,0,
28143000,0,,0,
28143900,0,,0,
28144800,0,,0,
28145700,0,,0,
28146600,0,,0,
28147500,0,,0,
28148400,0,,0,
28149300,0,,0,
28150200,0,,0,
28151100,0,,0,
28152000,0,,0,
28152900,0,,0,
28153800,0,,0,
28154700,0,,0,
28155600,0,,0,
28156500,0,,0,
28157400,0,,0,
28158300,0,,0,
28159200,0,,0,
28160100,0,,0,
28161000,0,,0,
28161900,0,,0,
28162800,0,,0,
28163700,0,,0,
28164600,0,,0,
28165500,0,,0,
28166400,0,,0,
28167300,0,,0,
28168200,0,,0,
28169100,0,,0,
28170000,0,,0,
28170900,0,,0,
28171800,0,,0,
28172700,0,,0,
28173600,0,,0,
28174500,0,,0,
28175400,0,,0,
28176300,0,,0,
28177200,0,,0,
28178100,0,,0,
28179000,0,,0,
28179900,0,,0,
28180800,0,,0,
28181700,0,,0,
28182600,0,,0,
28183500,0,,0,
28184400,0,,0,
28185300,0,,0,
28186200,0,,0,
28187100,0,,0,
28188000,0,,0,
28188900,0,,0,
28189800,0,,0,
28190700,0,,0,
28191600,0,,0,
28192500,0,,0,
28193400,0.230916,,0.057729,
28194300,0.451335,,0.11283375,
28195200,0.703244,,0.175811,
28196100,0.965648,,0.241412,
28197000,1.228052,,0.307013,
28197900,1.511449,,0.37786225,
28198800,1.763357,,0.44083925,
28199700,1.994273,,0.49856825,
28200600,2.204196,,0.551049,
28201500,2.41412,,0.60353,
28202400,2.582059,,0.64551475,
28203300,2.729005,,0.68225125,
28204200,2.844463,,0.71111575,
28205100,2.938929,,0.73473225,
28206000,3.001906,,0.7504765,
28206900,3.033394,,0.7583485,
28207800,3.04389,,0.7609725,
28208700,3.001906,,0.7504765,
28209600,2.949425,,0.73735625,
28210500,2.865455,,0.71636375,
28211400,2.749997,,0.68749925,
28212300,2.613547,,0.65338675,
28213200,2.456105,,0.61402625,
28214100,2.267173,,0.56679325,
28215000,2.05725,,0.5143125,
28215900,1.815838,,0.4539595,
28216800,1.574426,,0.3936065,
28217700,1.312022,,0.3280055,
28218600,1.039121,,0.25978025,
28219500,0.766221,,0.19155525,
28220400,0.514312,,0.128578,
28221300,0.283397,,0.07084925,
28222200,0,,0,
28223100,0,,0,
28224000,0,,0,
28224900,0,,0,
28225800,0,,0,
28226700,0,,0,
28227600,0,,0,
28228500,0,,0,
28229400,0,,0,
28230300,0,,0,
28231200,0,,0,
28232100,0,,0,
28233000,0,,0,
28233900,0,,0,
28234800,0,,0,
28235700,0,,0,
28236600,0,,0,
28237500,0,,0,
28238400,0,,0,
28239300,0,,0,
28240200,0,,0,
28241100,0,,0,
28242000,0,,0,
28242900,0,,0,
28243800,0,,0,
28244700,0,,0,
28245600,0,,0,
28246500,0,,0,
28247400,0,,0,
28248300,0,,0,
28249200,0,,0,
28250100,0,,0,
28251000,0,,0,
28251900,0,,0,
28252800,0,,0,
28253700,0,,0,
28254600,0,,0,
28255500,0,,0,
28256400,0,,0,
28257300,0,,0,
28258200,0,,0,
28259100,0,,0,
28260000,0,,0,
28260900,0,,0,
28261800,0,,0,
28262700,0,,0,
28263600,0,,0,
28264500,0,,0,
28265400,0,,0,
28266300,0,,0,
28267200,0,,0,
28268100,0,,0,
28269000,0,,0,
28269900,0,,0,
28270800,0,,0,
28271700,0,,0,
28272600,0,,0,
28273500,0,,0,
28274400,0,,0,
28275300,0,,0,
28276200,0,,0,
28277100,0,,0,
28278000,0,,0,
28278900,0,,0,
28279800,0.188931,,0.04723275,
28280700,0.377862,,0.0944655,
28281600,0.608778,,0.1521945,
28282500,0.860686,,0.2151715,
28283400,1.112594,,0.2781485,
28284300,1.364503,,0.34112575,
28285200,1.605915,,0.40147875,
28286100,1.826334,,0.4565835,
28287000,2.036258,,0.5090645,
28287900,2.235685,,0.55892125,
28288800,2.403624,,0.600906,
28289700,2.55057,,0.6376425,
28290600,2.666028,,0.666507,
28291500,2.77099,,0.6927475,
28292400,2.823471,,0.70586775,
28293300,2.865455,,0.71636375,
28294200,2.875951,,0.71898775,
28295100,2.823471,,0.70586775,
28296000,2.77099,,0.6927475,
28296900,2.68702,,0.671755,
28297800,2.582059,,0.64551475,
28298700,2.445608,,0.611402,
28299600,2.288166,,0.5720415,
28300500,2.109731,,0.52743275,
28301400,1.899807,,0.47495175,
28302300,1.668892,,0.417223,
28303200,1.437976,,0.359494,
28304100,1.186068,,0.296517,
28305000,0.934159,,0.23353975,
28305900,0.682251,,0.17056275,
28306800,0.440839,,0.11020975,
28307700,0.241412,,0.060353,
28308600,0,,0,
28309500,0,,0,
28310400,0,,0,
28311300,0,,0,
28312200,0,,0,
28313100,0,,0,
28314000,0,,0,
28314900,0,,0,
28315800,0,,0,
28316700,0,,0,
28317600,0,,0,
28318500,0,,0,
28319400,0,,0,
28320300,0,,0,
28321200,0,,0,
28322100,0,,0,
28323000,0,,0,
28323900,0,,0,
28324800,0,,0,
28325700,0,,0,
28326600,0,,0,
28327500,0,,0,
28328400,0,,0,
28329300,0,,0,
28330200,0,,0,
28331100,0,,0,
28332000,0,,0,
28332900,0,,0,
28333800,0,,0,
28334700,0,,0,
28335600,0,,0,
28336500,0,,0,
28337400,0,,0,
28338300,0,,0,
28339200,0,,0,
28340100,0,,0,
28341000,0,,0,
28341900,0,,0,
28342800,0,,0,
28343700,0,,0,
28344600,0,,0,
28345500,0,,0,
28346400,0,,0,
28347300,0,,0,
28348200,0,,0,
28349100,0,,0,
28350000,0,,0,
28350900,0,,0,
28351800,0,,0,
28352700,0,,0,
28353600,0,,0,
28354500,0,,0,
28355400,0,,0,
28356300,0,,0,
28357200,0,,0,
28358100,0,,0,
28359000,0,,0,
28359900,0,,0,
28360800,0,,0,
28361700,0,,0,
28362600,0,,0,
28363500,0,,0,
28364400,0,,0,
28365300,0,,0,
28366200,0.178435,,0.04460875,
28367100,0.367366,,0.0918415,
28368000,0.587786,,0.1469465,
28368900,0.829198,,0.2072995,
28369800,1.081106,,0.2702765,
28370700,1.333014,,0.3332535,
28371600,1.574426,,0.3936065,
28372500,1.794846,,0.4487115,
28373400,1.994273,,0.49856825,
28374300,2.204196,,0.551049,
28375200,2.372135,,0.59303375,
28376100,2.508585,,0.62714625,
28377000,2.624043,,0.65601075,
28377900,2.729005,,0.68225125,
28378800,2.781486,,0.6953715,
28379700,2.823471,,0.70586775,
28380600,2.823471,,0.70586775,
28381500,2.791982,,0.6979955,
28382400,2.749997,,0.68749925,
28383300,2.666028,,0.666507,
28384200,2.561066,,0.6402665,
28385100,2.435112,,0.608778,
28386000,2.27767,,0.5694175,
28386900,2.088738,,0.5221845,
28387800,1.878815,,0.46970375,
28388700,1.668892,,0.417223,
28389600,1.42748,,0.35687,
28390500,1.175571,,0.29389275,
28391400,0.923663,,0.23091575,
28392300,0.682251,,0.17056275,
28393200,0.440839,,0.11020975,
28394100,0.230916,,0.057729,
28395000,0,,0,
28395900,0,,0,
28396800,0,,0,
28397700,0,,0,
28398600,0,,0,
28399500,0,,0,
28400400,0,,0,
28401300,0,,0,
28402200,0,,0,
28403100,0,,0,
28404000,0,,0,
28404900,0,,0,
28405800,0,,0,
28406700,0,,0,
28407600,0,,0,
28408500,0,,0,
28409400,0,,0,
28410300,0,,0,
28411200,0,,0,
28412100,0,,0,
28413000,0,,0,
28413900,0,,0,
28414800,0,,0,
28415700,0,,0,
28416600,0,,0,
28417500,0,,0,
28418400,0,,0,
28419300,0,,0,
28420200,0,,0,
28421100,0,,0,
28422000,0,,0,
28422900,0,,0,
28423800,0,,0,
28424700,0,,0,
28425600,0,,0,
28426500,0,,0,
28427400,0,,0,
28428300,0,,0,
28429200,0,,0,
28430100,0,,0,
28431000,0,,0,
28431900,0,,0,
28432800,0,,0,
28433700,0,,0,
28434600,0,,0,
28435500,0,,0,
28436400,0,,0,
28437300,0,,0,
28438200,0,,0,
28439100,0,,0,
28440000,0,,0,
28440900,0,,0,
28441800,0,,0,
28442700,0,,0,
28443600,0,,0,
28444500,0,,0,
28445400,0,,0,
28446300,0,,0,
28447200,0,,0,
28448100,0,,0,
28449000,0,,0,
28449900,0,,0,
28450800,0,,0,
28451700,0,,0,
28452600,0.167939,,0.04198475,
28453500,0.346374,,0.0865935,
28454400,0.566793,,0.14169825,
28455300,0.818702,,0.2046755,
28456200,1.060114,,0.2650285,
28457100,1.312022,,0.3280055,
28458000,1.553434,,0.3883585,
28458900,1.773853,,0.44346325,
28459800,1.983777,,0.49594425,
28460700,2.183204,,0.545801,
28461600,2.351143,,0.58778575,
28462500,2.498089,,0.62452225,
28463400,2.613547,,0.65338675,
28464300,2.718509,,0.67962725,
28465200,2.781486,,0.6953715,
28466100,2.812974,,0.7032435,
28467000,2.823471,,0.70586775,
28467900,2.802478,,0.7006195,
28468800,2.749997,,0.68749925,
28469700,2.666028,,0.666507,
28470600,2.561066,,0.6402665,
28471500,2.435112,,0.608778,
28472400,2.27767,,0.5694175,
28473300,2.088738,,0.5221845,
28474200,1.889311,,0.47232775,
28475100,1.658395,,0.41459875,
28476000,1.416983,,0.35424575,
28476900,1.175571,,0.29389275,
28477800,0.923663,,0.23091575,
28478700,0.650763,,0.16269075,
28479600,0.419847,,0.10496175,
28480500,0.230916,,0.057729,
28481400,0,,0,
28482300,0,,0,
28483200,0,,0,
28484100,0,,0,
28485000,0,,0,
28485900,0,,0,
28486800,0,,0,
28487700,0,,0,
28488600,0,,0,
28489500,0,,0,
28490400,0,,0,
28491300,0,,0,
28492200,0,,0,
28493100,0,,0,
28494000,0,,0,
28494900,0,,0,
28495800,0,,0,
28496700,0,,0,
28497600,0,,0,
28498500,0,,0,
28499400,0,,0,
28500300,0,,0,
28501200,0,,0,
28502100,0,,0,
28503000,0,,0,
28503900,0,,0,
28504800,0,,0,
28505700,0,,0,
28506600,0,,0,
28507500,0,,0,
28508400,0,,0,
28509300,0,,0,
28510200,0,,0,
28511100,0,,0,
28512000,0,,0,
28512900,0,,0,
28513800,0,,0,
28514700,0,,0,
28515600,0,,0,
28516500,0,,0,
28517400,0,,0,
28518300,0,,0,
28519200,0,,0,
28520100,0,,0,
28521000,0,,0,
28521900,0,,0,
28522800,0,,0,
28523700,0,,0,
28524600,0,,0,
28525500,0,,0,
28526400,0,,0,
28527300,0,,0,
28528200,0,,0,
28529100,0,,0,
28530000,0,,0,
28530900,0,,0,
28531800,0,,0,
28532700,0,,0,
28533600,0,,0,
28534500,0,,0,
28535400,0,,0,
28536300,0,,0,
28537200,0,,0,
28538100,0,,0,
28539000,0.157443,,0.03936075,
28539900,0.346374,,0.0865935,
28540800,0.566793,,0.14169825,
28541700,0.818702,,0.2046755,
28542600,1.081106,,0.2702765,
28543500,1.34351,,0.3358775,
28544400,1.584922,,0.3962305,
28545300,1.815838,,0.4539595,
28546200,2.036258,,0.5090645,
28547100,2.214693,,0.55367325,
28548000,2.382631,,0.59565775,
28548900,2.519082,,0.6297705,
28549800,2.645036,,0.661259,
28550700,2.729005,,0.68225125,
28551600,2.791982,,0.6979955,
28552500,2.823471,,0.70586775,
28553400,2.823471,,0.70586775,
28554300,2.812974,,0.7032435,
28555200,2.760494,,0.6901235,
28556100,2.68702,,0.671755,
28557000,2.561066,,0.6402665,
28557900,2.435112,,0.608778,
28558800,2.27767,,0.5694175,
28559700,2.088738,,0.5221845,
28560600,1.889311,,0.47232775,
28561500,1.647899,,0.41197475,
28562400,1.406487,,0.35162175,
28563300,1.165075,,0.29126875,
28564200,0.913167,,0.22829175,
28565100,0.640267,,0.16006675,
28566000,0.409351,,0.10233775,
28566900,0.22042,,0.055105,
28567800,0,,0,
28568700,0,,0,
28569600,0,,0,
28570500,0,,0,
28571400,0,,0,
28572300,0,,0,
28573200,0,,0,
28574100,0,,0,
28575000,0,,0,
28575900,0,,0,
28576800,0,,0,
28577700,0,,0,
28578600,0,,0,
28579500,0,,0,
28580400,0,,0,
28581300,0,,0,
28582200,0,,0,
28583100,0,,0,
28584000,0,,0,
28584900,0,,0,
28585800,0,,0,
28586700,0,,0,
28587600,0,,0,
28588500,0,,0,
28589400,0,,0,
28590300,0,,0,
28591200,0,,0,
28592100,0,,0,
28593000,0,,0,
28593900,0,,0,
28594800,0,,0,
28595700,0,,0,
28596600,0,,0,
28597500,0,,0,
28598400,0,,0,
28599300,0,,0,
28600200,0,,0,
28601100,0,,0,
28602000,0,,0,
28602900,0,,0,
28603800,0,,0,
28604700,0,,0,
28605600,0,,0,
28606500,0,,0,
28607400,0,,0,
28608300,0,,0,
28609200,0,,0,
28610100,0,,0,
28611000,0,,0,
28611900,0,,0,
28612800,0,,0,
28613700,0,,0,
28614600,0,,0,
28615500,0,,0,
28616400,0,,0,
28617300,0,,0,
28618200,0,,0,
28619100,0,,0,
28620000,0,,0,
28620900,0,,0,
28621800,0,,0,
28622700,0,,0,
28623600,0,,0,
28624500,0,,0,
28625400,0.13645,,0.0341125,
28626300,0.304389,,0.07609725,
28627200,0.514312,,0.128578,
28628100,0.745228,,0.186307,
28629000,0.997136,,0.249284,
28629900,1.228052,,0.307013,
28630800,1.458968,,0.364742,
28631700,1.689884,,0.422471,
28632600,1.878815,,0.46970375,
28633500,2.067746,,0.5169365,
28634400,2.235685,,0.55892125,
28635300,2.361639,,0.59040975,
28636200,2.487593,,0.62189825,
28637100,2.582059,,0.64551475,
28638000,2.645036,,0.661259,
28638900,2.68702,,0.671755,
28639800,2.68702,,0.671755,
28640700,2.63454,,0.658635,
28641600,2.582059,,0.64551475,
28642500,2.508585,,0.62714625,
28643400,2.403624,,0.600906,
28644300,2.246181,,0.56154525,
28645200,2.088738,,0.5221845,
28646100,1.9208,,0.4802,
28647000,1.721372,,0.430343,
28647900,1.511449,,0.37786225,
28648800,1.280533,,0.32013325,
28649700,1.049617,,0.26240425,
28650600,0.808205,,0.20205125,
28651500,0.57729,,0.1443225,
28652400,0.35687,,0.0892175,
28653300,0.178435,,0.04460875,
28654200,0,,0,
28655100,0,,0,
28656000,0,,0,
28656900,0,,0,
28657800,0,,0,
28658700,0,,0,
28659600,0,,0,
28660500,0,,0,
28661400,0,,0,
28662300,0,,0,
28663200,0,,0,
28664100,0,,0,
28665000,0,,0,
28665900,0,,0,
28666800,0,,0,
28667700,0,,0,
28668600,0,,0,
28669500,0,,0,
28670400,0,,0,
28671300,0,,0,
28672200,0,,0,
28673100,0,,0,
28674000,0,,0,
28674900,0,,0,
28675800,0,,0,
28676700,0,,0,
28677600,0,,0,
28678500,0,,0,
28679400,0,,0,
28680300,0,,0,
28681200,0,,0,
28682100,0,,0,
28683000,0,,0,
28683900,0,,0,
28684800,0,,0,
28685700,0,,0,
28686600,0,,0,
28687500,0,,0,
28688400,0,,0,
28689300,0,,0,
28690200,0,,0,
28691100,0,,0,
28692000,0,,0,
28692900,0,,0,
28693800,0,,0,
28694700,0,,0,
28695600,0,,0,
28696500,0,,0,
28697400,0,,0,
28698300,0,,0,
28699200,0,,0,
28700100,0,,0,
28701000,0,,0,
28701900,0,,0,
28702800,0,,0,
28703700,0,,0,
28704600,0,,0,
28705500,0,,0,
28706400,0,,0,
28707300,0,,0,
28708200,0,,0,
28709100,0,,0,
28710000,0,,0,
28710900,0,,0,
28711800,0.146946,,0.0367365,
28712700,0.314885,,0.07872125,
28713600,0.535305,,0.13382625,
28714500,0.787213,,0.19680325,
28715400,1.039121,,0.25978025,
28716300,1.291029,,0.32275725,
28717200,1.532441,,0.38311025,
28718100,1.773853,,0.44346325,
28719000,1.983777,,0.49594425,
28719900,2.162212,,0.540553,
28720800,2.33015,,0.5825375,
28721700,2.477097,,0.61927425,
28722600,2.603051,,0.65076275,
28723500,2.676524,,0.669131,
28724400,2.749997,,0.68749925,
28725300,2.781486,,0.6953715,
28726200,2.791982,,0.6979955,
28727100,2.791982,,0.6979955,
28728000,2.739501,,0.68487525,
28728900,2.655532,,0.663883,
28729800,2.55057,,0.6376425,
28730700,2.424616,,0.606154,
28731600,2.256677,,0.56416925,
28732500,2.078242,,0.5195605,
28733400,1.868319,,0.46707975,
28734300,1.637403,,0.40935075,
28735200,1.395991,,0.34899775,
28736100,1.144083,,0.28602075,
28737000,0.892175,,0.22304375,
28737900,0.640267,,0.16006675,
28738800,0.409351,,0.10233775,
28739700,0.209923,,0.05248075,
28740600,0,,0,
28741500,0,,0,
28742400,0,,0,
28743300,0,,0,
28744200,0,,0,
28745100,0,,0,
28746000,0,,0,
28746900,0,,0,
28747800,0,,0,
28748700,0,,0,
28749600,0,,0,
28750500,0,,0,
28751400,0,,0,
28752300,0,,0,
28753200,0,,0,
28754100,0,,0,
28755000,0,,0,
28755900,0,,0,
28756800,0,,0,
28757700,0,,0,
28758600,0,,0,
28759500,0,,0,
28760400,0,,0,
28761300,0,,0,
28762200,0,,0,
28763100,0,,0,
28764000,0,,0,
28764900,0,,0,
28765800,0,,0,
28766700,0,,0,
28767600,0,,0,
28768500,0,,0,
28769400,0,,0,
28770300,0,,0,
28771200,0,,0,
28772100,0,,0,
28773000,0,,0,
28773900,0,,0,
28774800,0,,0,
28775700,0,,0,
28776600,0,,0,
28777500,0,,0,
28778400,0,,0,
28779300,0,,0,
28780200,0,,0,
28781100,0,,0,
28782000,0,,0,
28782900,0,,0,
28783800,0,,0,
28784700,0,,0,
28785600,0,,0,
28786500,0,,0,
28787400,0,,0,
28788300,0,,0,
28789200,0,,0,
28790100,0,,0,
28791000,0,,0,
28791900,0,,0,
28792800,0,,0,
28793700,0,,0,
28794600,0,,0,
28795500,0,,0,
28796400,0,,0,
28797300,0,,0,
28798200,0,,0,
28799100,0.283397,,0.07084925,
28800000,0.49332,,0.12333,
28800900,0.734732,,0.183683,
28801800,0.98664,,0.24666,
28802700,1.270037,,0.31750925,
28803600,1.511449,,0.37786225,
28804500,1.752861,,0.43821525,
28805400,1.962784,,0.490696,
28806300,2.162212,,0.540553,
28807200,2.340647,,0.58516175,
28808100,2.487593,,0.62189825,
28809000,2.613547,,0.65338675,
28809900,2.718509,,0.67962725,
28810800,2.781486,,0.6953715,
28811700,2.823471,,0.70586775,
28812600,2.833967,,0.70849175,
28813500,2.812974,,0.7032435,
28814400,2.760494,,0.6901235,
28815300,2.676524,,0.669131,
28816200,2.571562,,0.6428905,
28817100,2.435112,,0.608778,
28818000,2.27767,,0.5694175,
28818900,2.088738,,0.5221845,
28819800,1.889311,,0.47232775,
28820700,1.668892,,0.417223,
28821600,1.416983,,0.35424575,
28822500,1.165075,,0.29126875,
28823400,0.902671,,0.22566775,
28824300,0.650763,,0.16269075,
28825200,0.409351,,0.10233775,
28826100,0.199427,,0.04985675,
28827000,0,,0,
28827900,0,,0,
28828800,0,,0,
28829700,0,,0,
28830600,0,,0,
28831500,0,,0,
28832400,0,,0,
28833300,0,,0,
28834200,0,,0,
28835100,0,,0,
28836000,0,,0,
28836900,0,,0,
28837800,0,,0,
28838700,0,,0,
28839600,0,,0,
28840500,0,,0,
28841400,0,,0,
28842300,0,,0,
28843200,0,,0,
28844100,0,,0,
28845000,0,,0,
28845900,0,,0,
28846800,0,,0,
28847700,0,,0,
28848600,0,,0,
28849500,0,,0,
28850400,0,,0,
28851300,0,,0,
28852200,0,,0,
28853100,0,,0,
28854000,0,,0,
28854900,0,,0,
28855800,0,,0,
28856700,0,,0,
28857600,0,,0,
28858500,0,,0,
28859400,0,,0,
28860300,0,,0,
28861200,0,,0,
28862100,0,,0,
28863000,0,,0,
28863900,0,,0,
28864800,0,,0,
28865700,0,,0,
28866600,0,,0,
28867500,0,,0,
28868400,0,,0,
28869300,0,,0,
28870200,0,,0,
28871100,0,,0,
28872000,0,,0,
28872900,0,,0,
28873800,0,,0,
28874700,0,,0,
28875600,0,,0,
28876500,0,,0,
28877400,0,,0,
28878300,0,,0,
28879200,0,,0,
28880100,0,,0,
28881000,0,,0,
28881900,0,,0,
28882800,0,,0,
28883700,0,,0,
28884600,0,,0,
28885500,0.283397,,0.07084925,
28886400,0.503816,,0.125954,
28887300,0.755724,,0.188931,
28888200,1.007633,,0.25190825,
28889100,1.280533,,0.32013325,
28890000,1.532441,,0.38311025,
28890900,1.773853,,0.44346325,
28891800,1.994273,,0.49856825,
28892700,2.204196,,0.551049,
28893600,2.372135,,0.59303375,
28894500,2.529578,,0.6323945,
28895400,2.645036,,0.661259,
28896300,2.760494,,0.6901235,
28897200,2.823471,,0.70586775,
28898100,2.865455,,0.71636375,
28899000,2.875951,,0.71898775,
28899900,2.854959,,0.71373975,
28900800,2.802478,,0.7006195,
28901700,2.718509,,0.67962725,
28902600,2.613547,,0.65338675,
28903500,2.477097,,0.61927425,
28904400,2.319654,,0.5799135,
28905300,2.130723,,0.53268075,
28906200,1.9208,,0.4802,
28907100,1.679388,,0.419847,
28908000,1.437976,,0.359494,
28908900,1.186068,,0.296517,
28909800,0.923663,,0.23091575,
28910700,0.661259,,0.16531475,
28911600,0.409351,,0.10233775,
28912500,0.209923,,0.05248075,
28913400,0,,0,
28914300,0,,0,
28915200,0,,0,
28916100,0,,0,
28917000,0,,0,
28917900,0,,0,
28918800,0,,0,
28919700,0,,0,
28920600,0,,0,
28921500,0,,0,
28922400,0,,0,
28923300,0,,0,
28924200,0,,0,
28925100,0,,0,
28926000,0,,0,
28926900,0,,0,
28927800,0,,0,
28928700,0,,0,
28929600,0,,0,
28930500,0,,0,
28931400,0,,0,
28932300,0,,0,
28933200,0,,0,
28934100,0,,0,
28935000,0,,0,
28935900,0,,0,
28936800,0,,0,
28937700,0,,0,
28938600,0,,0,
28939500,0,,0,
28940400,0,,0,
28941300,0,,0,
28942200,0,,0,
28943100,0,,0,
28944000,0,,0,
28944900,0,,0,
28945800,0,,0,
28946700,0,,0,
28947600,0,,0,
28948500,0,,0,
28949400,0,,0,
28950300,0,,0,
28951200,0,,0,
28952100,0,,0,
28953000,0,,0,
28953900,0,,0,
28954800,0,,0,
28955700,0,,0,
28956600,0,,0,
28957500,0,,0,
28958400,0,,0,
28959300,0,,0,
28960200,0,,0,
28961100,0,,0,
28962000,0,,0,
28962900,0,,0,
28963800,0,,0,
28964700,0,,0,
28965600,0,,0,
28966500,0,,0,
28967400,0,,0,
28968300,0,,0,
28969200,0,,0,
28970100,0,,0,
28971000,0,,0,
28971900,0.241412,,0.060353,
28972800,0.440839,,0.11020975,
28973700,0.671755,,0.16793875,
28974600,0.913167,,0.22829175,
28975500,1.165075,,0.29126875,
28976400,1.406487,,0.35162175,
28977300,1.637403,,0.40935075,
28978200,1.83683,,0.4592075,
28979100,2.025761,,0.50644025,
28980000,2.1937,,0.548425,
28980900,2.340647,,0.58516175,
28981800,2.466601,,0.61665025,
28982700,2.55057,,0.6376425,
28983600,2.624043,,0.65601075,
28984500,2.655532,,0.663883,
28985400,2.666028,,0.666507,
28986300,2.676524,,0.669131,
28987200,2.624043,,0.65601075,
28988100,2.55057,,0.6376425,
28989000,2.445608,,0.611402,
28989900,2.309158,,0.5772895,
28990800,2.151716,,0.537929,
28991700,1.973281,,0.49332025,
28992600,1.773853,,0.44346325,
28993500,1.56393,,0.3909825,
28994400,1.333014,,0.3332535,
28995300,1.081106,,0.2702765,
28996200,0.829198,,0.2072995,
28997100,0.57729,,0.1443225,
28998000,0.35687,,0.0892175,
28998900,0.178435,,0.04460875,
28999800,0,,0,
29000700,0,,0,
29001600,0,,0,
29002500,0,,0,
29003400,0,,0,
29004300,0,,0,
29005200,0,,0,
29006100,0,,0,
29007000,0,,0,
29007900,0,,0,
29008800,0,,0,
29009700,0,,0,
29010600,0,,0,
29011500,0,,0,
29012400,0,,0,
29013300,0,,0,
29014200,0,,0,
29015100,0,,0,
29016000,0,,0,
29016900,0,,0,
29017800,0,,0,
29018700,0,,0,
29019600,0,,0,
29020500,0,,0,
29021400,0,,0,
29022300,0,,0,
29023200,0,,0,
29024100,0,,0,
29025000,0,,0,
29025900,0,,0,
29026800,0,,0,
29027700,0,,0,
29028600,0,,0,
29029500,0,,0,
29030400,0,,0,
29031300,0,,0,
29032200,0,,0,
29033100,0,,0,
29034000,0,,0,
29034900,0,,0,
29035800,0,,0,
29036700,0,,0,
29037600,0,,0,
29038500,0,,0,
29039400,0,,0,
29040300,0,,0,
29041200,0,,0,
29042100,0,,0,
29043000,0,,0,
29043900,0,,0,
29044800,0,,0,
29045700,0,,0,
29046600,0,,0,
29047500,0,,0,
29048400,0,,0,
29049300,0,,0,
29050200,0,,0,
29051100,0,,0,
29052000,0,,0,
29052900,0,,0,
29053800,0,,0,
29054700,0,,0,
29055600,0,,0,
29056500,0,,0,
29057400,0,,0,
29058300,0.230916,,0.057729,
29059200,0.440839,,0.11020975,
29060100,0.671755,,0.16793875,
29061000,0.913167,,0.22829175,
29061900,1.165075,,0.29126875,
29062800,1.406487,,0.35162175,
29063700,1.637403,,0.40935075,
29064600,1.847327,,0.46183175,
29065500,2.046754,,0.5116885,
29066400,2.214693,,0.55367325,
29067300,2.361639,,0.59040975,
29068200,2.487593,,0.62189825,
29069100,2.582059,,0.64551475,
29070000,2.645036,,0.661259,
29070900,2.68702,,0.671755,
29071800,2.697517,,0.67437925,
29072700,2.63454,,0.658635,
29073600,2.582059,,0.64551475,
29074500,2.508585,,0.62714625,
29075400,2.403624,,0.600906,
29076300,2.27767,,0.5694175,
29077200,2.130723,,0.53268075,
29078100,1.941792,,0.485448,
29079000,1.752861,,0.43821525,
29079900,1.542937,,0.38573425,
29080800,1.312022,,0.3280055,
29081700,1.060114,,0.2650285,
29082600,0.818702,,0.2046755,
29083500,0.57729,,0.1443225,
29084400,0.35687,,0.0892175,
29085300,0.178435,,0.04460875,
29086200,0,,0,
29087100,0,,0,
29088000,0,,0,
29088900,0,,0,
29089800,0,,0,
29090700,0,,0,
29091600,0,,0,
29092500,0,,0,
29093400,0,,0,
29094300,0,,0,
29095200,0,,0,
29096100,0,,0,
29097000,0,,0,
29097900,0,,0,
29098800,0,,0,
29099700,0,,0,
29100600,0,,0,
29101500,0,,0,
29102400,0,,0,
29103300,0,,0,
29104200,0,,0,
29105100,0,,0,
29106000,0,,0,
29106900,0,,0,
29107800,0,,0,
29108700,0,,0,
29109600,0,,0,
29110500,0,,0,
29111400,0,,0,
29112300,0,,0,
29113200,0,,0,
29114100,0,,0,
29115000,0,,0,
29115900,0,,0,
29116800,0,,0,
29117700,0,,0,
29118600,0,,0,
29119500,0,,0,
29120400,0,,0,
29121300,0,,0,
29122200,0,,0,
29123100,0,,0,
29124000,0,,0,
29124900,0,,0,
29125800,0,,0,
29126700,0,,0,
29127600,0,,0,
29128500,0,,0,
29129400,0,,0,
29130300,0,,0,
29131200,0,,0,
29132100,0,,0,
29133000,0,,0,
29133900,0,,0,
29134800,0,,0,
29135700,0,,0,
29136600,0,,0,
29137500,0,,0,
29138400,0,,0,
29139300,0,,0,
29140200,0,,0,
29141100,0,,0,
29142000,0,,0,
29142900,0,,0,
29143800,0,,0,
29144700,0.209923,,0.05248075,
29145600,0.409351,,0.10233775,
29146500,0.640267,,0.16006675,
29147400,0.892175,,0.22304375,
29148300,1.133587,,0.28339675,
29149200,1.364503,,0.34112575,
29150100,1.595418,,0.3988545,
29151000,1.805342,,0.4513355,
29151900,2.015265,,0.50381625,
29152800,2.1937,,0.548425,
29153700,2.340647,,0.58516175,
29154600,2.456105,,0.61402625,
29155500,2.571562,,0.6428905,
29156400,2.63454,,0.658635,
29157300,2.676524,,0.669131,
29158200,2.68702,,0.671755,
29159100,2.676524,,0.669131,
29160000,2.63454,,0.658635,
29160900,2.561066,,0.6402665,
29161800,2.456105,,0.61402625,
29162700,2.33015,,0.5825375,
29163600,2.183204,,0.545801,
29164500,2.004769,,0.50119225,
29165400,1.794846,,0.4487115,
29166300,1.595418,,0.3988545,
29167200,1.354006,,0.3385015,
29168100,1.112594,,0.2781485,
29169000,0.860686,,0.2151715,
29169900,0.608778,,0.1521945,
29170800,0.377862,,0.0944655,
29171700,0.178435,,0.04460875,
29172600,0,,0,
29173500,0,,0,
29174400,0,,0,
29175300,0,,0,
29176200,0,,0,
29177100,0,,0,
29178000,0,,0,
29178900,0,,0,
29179800,0,,0,
29180700,0,,0,
29181600,0,,0,
29182500,0,,0,
29183400,0,,0,
29184300,0,,0,
29185200,0,,0,
29186100,0,,0,
29187000,0,,0,
29187900,0,,0,
29188800,0,,0,
29189700,0,,0,
29190600,0,,0,
29191500,0,,0,
29192400,0,,0,
29193300,0,,0,
29194200,0,,0,
29195100,0,,0,
29196000,0,,0,
29196900,0,,0,
29197800,0,,0,
29198700,0,,0,
29199600,0,,0,
29200500,0,,0,
29201400,0,,0,
29202300,0,,0,
29203200,0,,0,
29204100,0,,0,
29205000,0,,0,
29205900,0,,0,
29206800,0,,0,
29207700,0,,0,
29208600,0,,0,
29209500,0,,0,
29210400,0,,0,
29211300,0,,0,
29212200,0,,0,
29213100,0,,0,
29214000,0,,0,
29214900,0,,0,
29215800,0,,0,
29216700,0,,0,
29217600,0,,0,
29218500,0,,0,
29219400,0,,0,
29220300,0,,0,
29221200,0,,0,
29222100,0,,0,
29223000,0,,0,
29223900,0,,0,
29224800,0,,0,
29225700,0,,0,
29226600,0,,0,
29227500,0,,0,
29228400,0,,0,
29229300,0,,0,
29230200,0,,0,
29231100,0.199427,,0.04985675,
29232000,0.409351,,0.10233775,
29232900,0.640267,,0.16006675,
29233800,0.892175,,0.22304375,
29234700,1.144083,,0.28602075,
29235600,1.395991,,0.34899775,
29236500,1.637403,,0.40935075,
29237400,1.847327,,0.46183175,
29238300,2.078242,,0.5195605,
29239200,2.256677,,0.56416925,
29240100,2.41412,,0.60353,
29241000,2.540074,,0.6350185,
29241900,2.645036,,0.661259,
29242800,2.718509,,0.67962725,
29243700,2.760494,,0.6901235,
29244600,2.77099,,0.6927475,
29245500,2.749997,,0.68749925,
29246400,2.708013,,0.67700325,
29247300,2.63454,,0.658635,
29248200,2.529578,,0.6323945,
29249100,2.393128,,0.598282,
29250000,2.225189,,0.55629725,
29250900,2.046754,,0.5116885,
29251800,1.847327,,0.46183175,
29252700,1.616411,,0.40410275,
29253600,1.374999,,0.34374975,
29254500,1.123091,,0.28077275,
29255400,0.85019,,0.2125475,
29256300,0.587786,,0.1469465,
29257200,0.35687,,0.0892175,
29258100,0.167939,,0.04198475,
29259000,0,,0,
29259900,0,,0,
29260800,0,,0,
29261700,0,,0,
29262600,0,,0,
29263500,0,,0,
29264400,0,,0,
29265300,0,,0,
29266200,0,,0,
29267100,0,,0,
29268000,0,,0,
29268900,0,,0,
29269800,0,,0,
29270700,0,,0,
29271600,0,,0,
29272500,0,,0,
29273400,0,,0,
29274300,0,,0,
29275200,0,,0,
29276100,0,,0,
29277000,0,,0,
29277900,0,,0,
29278800,0,,0,
29279700,0,,0,
29280600,0,,0,
29281500,0,,0,
29282400,0,,0,
29283300,0,,0,
29284200,0,,0,
29285100,0,,0,
29286000,0,,0,
29286900,0,,0,
29287800,0,,0,
29288700,0,,0,
29289600,0,,0,
29290500,0,,0,
29291400,0,,0,
29292300,0,,0,
29293200,0,,0,
29294100,0,,0,
29295000,0,,0,
29295900,0,,0,
29296800,0,,0,
29297700,0,,0,
29298600,0,,0,
29299500,0,,0,
29300400,0,,0,
29301300,0,,0,
29302200,0,,0,
29303100,0,,0,
29304000,0,,0,
29304900,0,,0,
29305800,0,,0,
29306700,0,,0,
29307600,0,,0,
29308500,0,,0,
29309400,0,,0,
29310300,0,,0,
29311200,0,,0,
29312100,0,,0,
29313000,0,,0,
29313900,0,,0,
29314800,0,,0,
29315700,0,,0,
29316600,0,,0,
29317500,0.167939,,0.04198475,
29318400,0.335878,,0.0839695,
29319300,0.535305,,0.13382625,
29320200,0.755724,,0.188931,
29321100,0.976144,,0.244036,
29322000,1.20706,,0.301765,
29322900,1.416983,,0.35424575,
29323800,1.616411,,0.40410275,
29324700,1.815838,,0.4539595,
29325600,1.973281,,0.49332025,
29326500,2.120227,,0.53005675,
29327400,2.235685,,0.55892125,
29328300,2.361639,,0.59040975,
29329200,2.41412,,0.60353,
29330100,2.456105,,0.61402625,
29331000,2.466601,,0.61665025,
29331900,2.466601,,0.61665025,
29332800,2.424616,,0.606154,
29333700,2.361639,,0.59040975,
29334600,2.267173,,0.56679325,
29335500,2.141219,,0.53530475,
29336400,1.994273,,0.49856825,
29337300,1.826334,,0.4565835,
29338200,1.647899,,0.41197475,
29339100,1.448472,,0.362118,
29340000,1.228052,,0.307013,
29340900,0.997136,,0.249284,
29341800,0.766221,,0.19155525,
29342700,0.535305,,0.13382625,
29343600,0.325381,,0.08134525,
29344500,0.157443,,0.03936075,
29345400,0,,0,
29346300,0,,0,
29347200,0,,0,
29348100,0,,0,
29349000,0,,0,
29349900,0,,0,
29350800,0,,0,
29351700,0,,0,
29352600,0,,0,
29353500,0,,0,
29354400,0,,0,
29355300,0,,0,
29356200,0,,0,
29357100,0,,0,
29358000,0,,0,
29358900,0,,0,
29359800,0,,0,
29360700,0,,0,
29361600,0,,0,
29362500,0,,0,
29363400,0,,0,
29364300,0,,0,
29365200,0,,0,
29366100,0,,0,
29367000,0,,0,
29367900,0,,0,
29368800,0,,0,
29369700,0,,0,
29370600,0,,0,
29371500,0,,0,
29372400,0,,0,
29373300,0,,0,
29374200,0,,0,
29375100,0,,0,
29376000,0,,0,
29376900,0,,0,
29377800,0,,0,
29378700,0,,0,
29379600,0,,0,
29380500,0,,0,
29381400,0,,0,
29382300,0,,0,
29383200,0,,0,
29384100,0,,0,
29385000,0,,0,
29385900,0,,0,
29386800,0,,0,
29387700,0,,0,
29388600,0,,0,
29389500,0,,0,
29390400,0,,0,
29391300,0,,0,
29392200,0,,0,
29393100,0,,0,
29394000,0,,0,
29394900,0,,0,
29395800,0,,0,
29396700,0,,0,
29397600,0,,0,
29398500,0,,0,
29399400,0,,0,
29400300,0,,0,
29401200,0,,0,
29402100,0,,0,
29403000,0,,0,
29403900,0.167939,,0.04198475,
29404800,0.335878,,0.0839695,
29405700,0.556297,,0.13907425,
29406600,0.787213,,0.19680325,
29407500,1.028625,,0.25715625,
29408400,1.259541,,0.31488525,
29409300,1.47996,,0.36999,
29410200,1.689884,,0.422471,
29411100,1.889311,,0.47232775,
29412000,2.05725,,0.5143125,
29412900,2.214693,,0.55367325,
29413800,2.33015,,0.5825375,
29414700,2.445608,,0.611402,
29415600,2.508585,,0.62714625,
29416500,2.55057,,0.6376425,
29417400,2.582059,,0.64551475,
29418300,2.561066,,0.6402665,
29419200,2.519082,,0.6297705,
29420100,2.445608,,0.611402,
29421000,2.351143,,0.58778575,
29421900,2.235685,,0.55892125,
29422800,2.078242,,0.5195605,
29423700,1.910304,,0.477576,
29424600,1.710876,,0.427719,
29425500,1.500953,,0.37523825,
29426400,1.270037,,0.31750925,
29427300,1.039121,,0.25978025,
29428200,0.797709,,0.19942725,
29429100,0.556297,,0.13907425,
29430000,0.335878,,0.0839695,
29430900,0.157443,,0.03936075,
29431800,0,,0,
29432700,0,,0,
29433600,0,,0,
29434500,0,,0,
29435400,0,,0,
29436300,0,,0,
29437200,0,,0,
29438100,0,,0,
29439000,0,,0,
29439900,0,,0,
29440800,0,,0,
29441700,0,,0,
29442600,0,,0,
29443500,0,,0,
29444400,0,,0,
29445300,0,,0,
29446200,0,,0,
29447100,0,,0,
29448000,0,,0,
29448900,0,,0,
29449800,0,,0,
29450700,0,,0,
29451600,0,,0,
29452500,0,,0,
29453400,0,,0,
29454300,0,,0,
29455200,0,,0,
29456100,0,,0,
29457000,0,,0,
29457900,0,,0,
29458800,0,,0,
29459700,0,,0,
29460600,0,,0,
29461500,0,,0,
29462400,0,,0,
29463300,0,,0,
29464200,0,,0,
29465100,0,,0,
29466000,0,,0,
29466900,0,,0,
29467800,0,,0,
29468700,0,,0,
29469600,0,,0,
29470500,0,,0,
29471400,0,,0,
29472300,0,,0,
29473200,0,,0,
29474100,0,,0,
29475000,0,,0,
29475900,0,,0,
29476800,0,,0,
29477700,0,,0,
29478600,0,,0,
29479500,0,,0,
29480400,0,,0,
29481300,0,,0,
29482200,0,,0,
29483100,0,,0,
29484000,0,,0,
29484900,0,,0,
29485800,0,,0,
29486700,0,,0,
29487600,0,,0,
29488500,0,,0,
29489400,0,,0,
29490300,0.146946,,0.0367365,
29491200,0.325381,,0.08134525,
29492100,0.535305,,0.13382625,
29493000,0.755724,,0.188931,
29493900,0.976144,,0.244036,
29494800,1.217556,,0.304389,
29495700,1.437976,,0.359494,
29496600,1.647899,,0.41197475,
29497500,1.83683,,0.4592075,
29498400,2.015265,,0.50381625,
29499300,2.172708,,0.543177,
29500200,2.298662,,0.5746655,
29501100,2.456105,,0.61402625,
29502000,2.540074,,0.6350185,
29502900,2.582059,,0.64551475,
29503800,2.613547,,0.65338675,
29504700,2.592555,,0.64813875,
29505600,2.55057,,0.6376425,
29506500,2.477097,,0.61927425,
29507400,2.372135,,0.59303375,
29508300,2.246181,,0.56154525,
29509200,2.099235,,0.52480875,
29510100,1.9208,,0.4802,
29511000,1.721372,,0.430343,
29511900,1.469464,,0.367366,
29512800,1.238548,,0.309637,
29513700,1.007633,,0.25190825,
29514600,0.766221,,0.19155525,
29515500,0.524809,,0.13120225,
29516400,0.314885,,0.07872125,
29517300,0.146946,,0.0367365,
29518200,0,,0,
29519100,0,,0,
29520000,0,,0,
29520900,0,,0,
29521800,0,,0,
29522700,0,,0,
29523600,0,,0,
29524500,0,,0,
29525400,0,,0,
29526300,0,,0,
29527200,0,,0,
29528100,0,,0,
29529000,0,,0,
29529900,0,,0,
29530800,0,,0,
29531700,0,,0,
29532600,0,,0,
29533500,0,,0,
29534400,0,,0,
29535300,0,,0,
29536200,0,,0,
29537100,0,,0,
29538000,0,,0,
29538900,0,,0,
29539800,0,,0,
29540700,0,,0,
29541600,0,,0,
29542500,0,,0,
29543400,0,,0,
29544300,0,,0,
29545200,0,,0,
29546100,0,,0,
29547000,0,,0,
29547900,0,,0,
29548800,0,,0,
29549700,0,,0,
29550600,0,,0,
29551500,0,,0,
29552400,0,,0,
29553300,0,,0,
29554200,0,,0,
29555100,0,,0,
29556000,0,,0,
29556900,0,,0,
29557800,0,,0,
29558700,0,,0,
29559600,0,,0,
29560500,0,,0,
29561400,0,,0,
29562300,0,,0,
29563200,0,,0,
29564100,0,,0,
29565000,0,,0,
29565900,0,,0,
29566800,0,,0,
29567700,0,,0,
29568600,0,,0,
29569500,0,,0,
29570400,0,,0,
29571300,0,,0,
29572200,0,,0,
29573100,0,,0,
29574000,0,,0,
29574900,0,,0,
29575800,0,,0,
29576700,0.010496,,0.002624,
29577600,0.083969,,0.02099225,
29578500,0.22042,,0.055105,
29579400,0.409351,,0.10233775,
29580300,0.71374,,0.178435,
29581200,0.923663,,0.23091575,
29582100,1.123091,,0.28077275,
29583000,1.312022,,0.3280055,
29583900,1.584922,,0.3962305,
29584800,1.742365,,0.43559125,
29585700,1.878815,,0.46970375,
29586600,1.994273,,0.49856825,
29587500,2.183204,,0.545801,
29588400,2.256677,,0.56416925,
29589300,2.298662,,0.5746655,
29590200,2.309158,,0.5772895,
29591100,2.382631,,0.59565775,
29592000,2.340647,,0.58516175,
29592900,2.267173,,0.56679325,
29593800,2.172708,,0.543177,
29594700,2.046754,,0.5116885,
29595600,1.899807,,0.47495175,
29596500,1.731869,,0.43296725,
29597400,1.542937,,0.38573425,
29598300,1.301525,,0.32538125,
29599200,1.091602,,0.2729005,
29600100,0.881679,,0.22041975,
29601000,0.661259,,0.16531475,
29601900,0.430343,,0.10758575,
29602800,0.241412,,0.060353,
29603700,0.094466,,0.0236165,
29604600,0,,0,
29605500,0,,0,
29606400,0,,0,
29607300,0,,0,
29608200,0,,0,
29609100,0,,0,
29610000,0,,0,
29610900,0,,0,
29611800,0,,0,
29612700,0,,0,
29613600,0,,0,
29614500,0,,0,
29615400,0,,0,
29616300,0,,0,
29617200,0,,0,
29618100,0,,0,
29619000,0,,0,
29619900,0,,0,
29620800,0,,0,
29621700,0,,0,
29622600,0,,0,
29623500,0,,0,
29624400,0,,0,
29625300,0,,0,
29626200,0,,0,
29627100,0,,0,
29628000,0,,0,
29628900,0,,0,
29629800,0,,0,
29630700,0,,0,
29631600,0,,0,
29632500,0,,0,
29633400,0,,0,
29634300,0,,0,
29635200,0,,0,
29636100,0,,0,
29637000,0,,0,
29637900,0,,0,
29638800,0,,0,
29639700,0,,0,
29640600,0,,0,
29641500,0,,0,
29642400,0,,0,
29643300,0,,0,
29644200,0,,0,
29645100,0,,0,
29646000,0,,0,
29646900,0,,0,
29647800,0,,0,
29648700,0,,0,
29649600,0,,0,
29650500,0,,0,
29651400,0,,0,
29652300,0,,0,
29653200,0,,0,
29654100,0,,0,
29655000,0,,0,
29655900,0,,0,
29656800,0,,0,
29657700,0,,0,
29658600,0,,0,
29659500,0,,0,
29660400,0,,0,
29661300,0,,0,
29662200,0,,0,
29663100,0.146946,,0.0367365,
29664000,0.314885,,0.07872125,
29664900,0.524809,,0.13120225,
29665800,0.755724,,0.188931,
29666700,1.007633,,0.25190825,
29667600,1.249045,,0.31226125,
29668500,1.47996,,0.36999,
29669400,1.70038,,0.425095,
29670300,1.910304,,0.477576,
29671200,2.088738,,0.5221845,
29672100,2.235685,,0.55892125,
29673000,2.382631,,0.59565775,
29673900,2.498089,,0.62452225,
29674800,2.571562,,0.6428905,
29675700,2.613547,,0.65338675,
29676600,2.63454,,0.658635,
29677500,2.613547,,0.65338675,
29678400,2.571562,,0.6428905,
29679300,2.508585,,0.62714625,
29680200,2.403624,,0.600906,
29681100,2.298662,,0.5746655,
29682000,2.141219,,0.53530475,
29682900,1.973281,,0.49332025,
29683800,1.773853,,0.44346325,
29684700,1.553434,,0.3883585,
29685600,1.322518,,0.3306295,
29686500,1.07061,,0.2676525,
29687400,0.818702,,0.2046755,
29688300,0.57729,,0.1443225,
29689200,0.346374,,0.0865935,
29690100,0.167939,,0.04198475,
29691000,0,,0,
29691900,0,,0,
29692800,0,,0,
29693700,0,,0,
29694600,0,,0,
29695500,0,,0,
29696400,0,,0,
29697300,0,,0,
29698200,0,,0,
29699100,0,,0,
29700000,0,,0,
29700900,0,,0,
29701800,0,,0,
29702700,0,,0,
29703600,0,,0,
29704500,0,,0,
29705400,0,,0,
29706300,0,,0,
29707200,0,,0,
29708100,0,,0,
29709000,0,,0,
29709900,0,,0,
29710800,0,,0,
29711700,0,,0,
29712600,0,,0,
29713500,0,,0,
29714400,0,,0,
29715300,0,,0,
29716200,0,,0,
29717100,0,,0,
29718000,0,,0,
29718900,0,,0,
29719800,0,,0,
29720700,0,,0,
29721600,0,,0,
29722500,0,,0,
29723400,0,,0,
29724300,0,,0,
29725200,0,,0,
29726100,0,,0,
29727000,0,,0,
29727900,0,,0,
29728800,0,,0,
29729700,0,,0,
29730600,0,,0,
29731500,0,,0,
29732400,0,,0,
29733300,0,,0,
29734200,0,,0,
29735100,0,,0,
29736000,0,,0,
29736900,0,,0,
29737800,0,,0,
29738700,0,,0,
29739600,0,,0,
29740500,0,,0,
29741400,0,,0,
29742300,0,,0,
29743200,0,,0,
29744100,0,,0,
29745000,0,,0,
29745900,0,,0,
29746800,0,,0,
29747700,0,,0,
29748600,0,,0,
29749500,0.125954,,0.0314885,
29750400,0.272901,,0.06822525,
29751300,0.482824,,0.120706,
29752200,0.703244,,0.175811,
29753100,0.923663,,0.23091575,
29754000,1.154579,,0.28864475,
29754900,1.374999,,0.34374975,
29755800,1.595418,,0.3988545,
29756700,1.794846,,0.4487115,
29757600,1.973281,,0.49332025,
29758500,2.120227,,0.53005675,
29759400,2.246181,,0.56154525,
29760300,2.340647,,0.58516175,
29761200,2.424616,,0.606154,
29762100,2.466601,,0.61665025,
29763000,2.487593,,0.62189825,
29763900,2.456105,,0.61402625,
29764800,2.41412,,0.60353,
29765700,2.351143,,0.58778575,
29766600,2.246181,,0.56154525,
29767500,2.141219,,0.53530475,
29768400,1.994273,,0.49856825,
29769300,1.826334,,0.4565835,
29770200,1.626907,,0.40672675,
29771100,1.42748,,0.35687,
29772000,1.20706,,0.301765,
29772900,0.976144,,0.244036,
29773800,0.734732,,0.183683,
29774700,0.503816,,0.125954,
29775600,0.304389,,0.07609725,
29776500,0.13645,,0.0341125,
29777400,0,,0,
29778300,0,,0,
29779200,0,,0,
29780100,0,,0,
29781000,0,,0,
29781900,0,,0,
29782800,0,,0,
29783700,0,,0,
29784600,0,,0,
29785500,0,,0,
29786400,0,,0,
29787300,0,,0,
29788200,0,,0,
29789100,0,,0,
29790000,0,,0,
29790900,0,,0,
29791800,0,,0,
29792700,0,,0,
29793600,0,,0,
29794500,0,,0,
29795400,0,,0,
29796300,0,,0,
29797200,0,,0,
29798100,0,,0,
29799000,0,,0,
29799900,0,,0,
29800800,0,,0,
29801700,0,,0,
29802600,0,,0,
29803500,0,,0,
29804400,0,,0,
29805300,0,,0,
29806200,0,,0,
29807100,0,,0,
29808000,0,,0,
29808900,0,,0,
29809800,0,,0,
29810700,0,,0,
29811600,0,,0,
29812500,0,,0,
29813400,0,,0,
29814300,0,,0,
29815200,0,,0,
29816100,0,,0,
29817000,0,,0,
29817900,0,,0,
29818800,0,,0,
29819700,0,,0,
29820600,0,,0,
29821500,0,,0,
29822400,0,,0,
29823300,0,,0,
29824200,0,,0,
29825100,0,,0,
29826000,0,,0,
29826900,0,,0,
29827800,0,,0,
29828700,0,,0,
29829600,0,,0,
29830500,0,,0,
29831400,0,,0,
29832300,0,,0,
29833200,0,,0,
29834100,0,,0,
29835000,0,,0,
29835900,0,,0,
29836800,0.283397,,0.07084925,
29837700,0.49332,,0.12333,
29838600,0.734732,,0.183683,
29839500,0.98664,,0.24666,
29840400,1.228052,,0.307013,
29841300,1.458968,,0.364742,
29842200,1.679388,,0.419847,
29843100,1.889311,,0.47232775,
29844000,2.067746,,0.5169365,
29844900,2.225189,,0.55629725,
29845800,2.351143,,0.58778575,
29846700,2.456105,,0.61402625,
29847600,2.540074,,0.6350185,
29848500,2.561066,,0.6402665,
29849400,2.582059,,0.64551475,
29850300,2.561066,,0.6402665,
29851200,2.519082,,0.6297705,
29852100,2.435112,,0.608778,
29853000,2.340647,,0.58516175,
29853900,2.225189,,0.55629725,
29854800,2.078242,,0.5195605,
29855700,1.899807,,0.47495175,
29856600,1.70038,,0.425095,
29857500,1.500953,,0.37523825,
29858400,1.270037,,0.31750925,
29859300,1.028625,,0.25715625,
29860200,0.787213,,0.19680325,
29861100,0.556297,,0.13907425,
29862000,0.335878,,0.0839695,
29862900,0.157443,,0.03936075,
29863800,0,,0,
29864700,0,,0,
29865600,0,,0,
29866500,0,,0,
29867400,0,,0,
29868300,0,,0,
29869200,0,,0,
29870100,0,,0,
29871000,0,,0,
29871900,0,,0,
29872800,0,,0,
29873700,0,,0,
29874600,0,,0,
29875500,0,,0,
29876400,0,,0,
29877300,0,,0,
29878200,0,,0,
29879100,0,,0,
29880000,0,,0,
29880900,0,,0,
29881800,0,,0,
29882700,0,,0,
29883600,0,,0,
29884500,0,,0,
29885400,0,,0,
29886300,0,,0,
29887200,0,,0,
29888100,0,,0,
29889000,0,,0,
29889900,0,,0,
29890800,0,,0,
29891700,0,,0,
29892600,0,,0,
29893500,0,,0,
29894400,0,,0,
29895300,0,,0,
29896200,0,,0,
29897100,0,,0,
29898000,0,,0,
29898900,0,,0,
29899800,0,,0,
29900700,0,,0,
29901600,0,,0,
29902500,0,,0,
29903400,0,,0,
29904300,0,,0,
29905200,0,,0,
29906100,0,,0,
29907000,0,,0,
29907900,0,,0,
29908800,0,,0,
29909700,0,,0,
29910600,0,,0,
29911500,0,,0,
29912400,0,,0,
29913300,0,,0,
29914200,0,,0,
29915100,0,,0,
29916000,0,,0,
29916900,0,,0,
29917800,0,,0,
29918700,0,,0,
29919600,0,,0,
29920500,0,,0,
29921400,0,,0,
29922300,0,,0,
29923200,0.251908,,0.062977,
29924100,0.451335,,0.11283375,
29925000,0.682251,,0.17056275,
29925900,0.913167,,0.22829175,
29926800,1.144083,,0.28602075,
29927700,1.364503,,0.34112575,
29928600,1.574426,,0.3936065,
29929500,1.763357,,0.44083925,
29930400,1.931296,,0.482824,
29931300,2.088738,,0.5221845,
29932200,2.214693,,0.55367325,
29933100,2.298662,,0.5746655,
29934000,2.372135,,0.59303375,
29934900,2.424616,,0.606154,
29935800,2.445608,,0.611402,
29936700,2.393128,,0.598282,
29937600,2.351143,,0.58778575,
29938500,2.288166,,0.5720415,
29939400,2.204196,,0.551049,
29940300,2.067746,,0.5169365,
29941200,1.9208,,0.4802,
29942100,1.763357,,0.44083925,
29943000,1.574426,,0.3936065,
29943900,1.364503,,0.34112575,
29944800,1.144083,,0.28602075,
29945700,0.923663,,0.23091575,
29946600,0.703244,,0.175811,
29947500,0.472328,,0.118082,
29948400,0.272901,,0.06822525,
29949300,0.125954,,0.0314885,
29950200,0,,0,
29951100,0,,0,
29952000,0,,0,
29952900,0,,0,
29953800,0,,0,
29954700,0,,0,
29955600,0,,0,
29956500,0,,0,
29957400,0,,0,
29958300,0,,0,
29959200,0,,0,
29960100,0,,0,
29961000,0,,0,
29961900,0,,0,
29962800,0,,0,
29963700,0,,0,
29964600,0,,0,
29965500,0,,0,
29966400,0,,0,
29967300,0,,0,
29968200,0,,0,
29969100,0,,0,
29970000,0,,0,
29970900,0,,0,
29971800,0,,0,
29972700,0,,0,
29973600,0,,0,
29974500,0,,0,
29975400,0,,0,
29976300,0,,0,
29977200,0,,0,
29978100,0,,0,
29979000,0,,0,
29979900,0,,0,
29980800,0,,0,
29981700,0,,0,
29982600,0,,0,
29983500,0,,0,
29984400,0,,0,
29985300,0,,0,
29986200,0,,0,
29987100,0,,0,
29988000,0,,0,
29988900,0,,0,
29989800,0,,0,
29990700,0,,0,
29991600,0,,0,
29992500,0,,0,
29993400,0,,0,
29994300,0,,0,
29995200,0,,0,
29996100,0,,0,
29997000,0,,0,
29997900,0,,0,
29998800,0,,0,
29999700,0,,0,
30000600,0,,0,
30001500,0,,0,
30002400,0,,0,
30003300,0,,0,
30004200,0,,0,
30005100,0,,0,
30006000,0,,0,
30006900,0,,0,
30007800,0,,0,
30008700,0,,0,
30009600,0.230916,,0.057729,
30010500,0.409351,,0.10233775,
30011400,0.619274,,0.1548185,
30012300,0.85019,,0.2125475,
30013200,1.081106,,0.2702765,
30014100,1.301525,,0.32538125,
30015000,1.511449,,0.37786225,
30015900,1.689884,,0.422471,
30016800,1.857823,,0.46445575,
30017700,2.015265,,0.50381625,
30018600,2.141219,,0.53530475,
30019500,2.204196,,0.551049,
30020400,2.27767,,0.5694175,
30021300,2.340647,,0.58516175,
30022200,2.361639,,0.59040975,
30023100,2.33015,,0.5825375,
30024000,2.298662,,0.5746655,
30024900,2.235685,,0.55892125,
30025800,2.141219,,0.53530475,
30026700,2.046754,,0.5116885,
30027600,1.9208,,0.4802,
30028500,1.752861,,0.43821525,
30029400,1.56393,,0.3909825,
30030300,1.395991,,0.34899775,
30031200,1.165075,,0.29126875,
30032100,0.934159,,0.23353975,
30033000,0.703244,,0.175811,
30033900,0.472328,,0.118082,
30034800,0.283397,,0.07084925,
30035700,0.125954,,0.0314885,
30036600,0,,0,
30037500,0,,0,
30038400,0,,0,
30039300,0,,0,
30040200,0,,0,
30041100,0,,0,
30042000,0,,0,
30042900,0,,0,
30043800,0,,0,
30044700,0,,0,
30045600,0,,0,
30046500,0,,0,
30047400,0,,0,
30048300,0,,0,
30049200,0,,0,
30050100,0,,0,
30051000,0,,0,
30051900,0,,0,
30052800,0,,0,
30053700,0,,0,
30054600,0,,0,
30055500,0,,0,
30056400,0,,0,
30057300,0,,0,
30058200,0,,0,
30059100,0,,0,
30060000,0,,0,
30060900,0,,0,
30061800,0,,0,
30062700,0,,0,
30063600,0,,0,
30064500,0,,0,
30065400,0,,0,
30066300,0,,0,
30067200,0,,0,
30068100,0,,0,
30069000,0,,0,
30069900,0,,0,
30070800,0,,0,
30071700,0,,0,
30072600,0,,0,
30073500,0,,0,
30074400,0,,0,
30075300,0,,0,
30076200,0,,0,
30077100,0,,0,
30078000,0,,0,
30078900,0,,0,
30079800,0,,0,
30080700,0,,0,
30081600,0,,0,
30082500,0,,0,
30083400,0,,0,
30084300,0,,0,
30085200,0,,0,
30086100,0,,0,
30087000,0,,0,
30087900,0,,0,
30088800,0,,0,
30089700,0,,0,
30090600,0,,0,
30091500,0,,0,
30092400,0,,0,
30093300,0,,0,
30094200,0,,0,
30095100,0,,0,
30096000,0.241412,,0.060353,
30096900,0.440839,,0.11020975,
30097800,0.661259,,0.16531475,
30098700,0.892175,,0.22304375,
30099600,1.123091,,0.28077275,
30100500,1.354006,,0.3385015,
30101400,1.56393,,0.3909825,
30102300,1.763357,,0.44083925,
30103200,1.941792,,0.485448,
30104100,2.078242,,0.5195605,
30105000,2.214693,,0.55367325,
30105900,2.309158,,0.5772895,
30106800,2.382631,,0.59565775,
30107700,2.424616,,0.606154,
30108600,2.435112,,0.608778,
30109500,2.424616,,0.606154,
30110400,2.393128,,0.598282,
30111300,2.319654,,0.5799135,
30112200,2.225189,,0.55629725,
30113100,2.078242,,0.5195605,
30114000,1.931296,,0.482824,
30114900,1.763357,,0.44083925,
30115800,1.584922,,0.3962305,
30116700,1.354006,,0.3385015,
30117600,1.144083,,0.28602075,
30118500,0.913167,,0.22829175,
30119400,0.692747,,0.17318675,
30120300,0.472328,,0.118082,
30121200,0.283397,,0.07084925,
30122100,0.125954,,0.0314885,
30123000,0,,0,
30123900,0,,0,
30124800,0,,0,
30125700,0,,0,
30126600,0,,0,
30127500,0,,0,
30128400,0,,0,
30129300,0,,0,
30130200,0,,0,
30131100,0,,0,
30132000,0,,0,
30132900,0,,0,
30133800,0,,0,
30134700,0,,0,
30135600,0,,0,
30136500,0,,0,
30137400,0,,0,
30138300,0,,0,
30139200,0,,0,
30140100,0,,0,
30141000,0,,0,
30141900,0,,0,
30142800,0,,0,
30143700,0,,0,
30144600,0,,0,
30145500,0,,0,
30146400,0,,0,
30147300,0,,0,
30148200,0,,0,
30149100,0,,0,
30150000,0,,0,
30150900,0,,0,
30151800,0,,0,
30152700,0,,0,
30153600,0,,0,
30154500,0,,0,
30155400,0,,0,
30156300,0,,0,
30157200,0,,0,
30158100,0,,0,
30159000,0,,0,
30159900,0,,0,
30160800,0,,0,
30161700,0,,0,
30162600,0,,0,
30163500,0,,0,
30164400,0,,0,
30165300,0,,0,
30166200,0,,0,
30167100,0,,0,
30168000,0,,0,
30168900,0,,0,
30169800,0,,0,
30170700,0,,0,
30171600,0,,0,
30172500,0,,0,
30173400,0,,0,
30174300,0,,0,
30175200,0,,0,
30176100,0,,0,
30177000,0,,0,
30177900,0,,0,
30178800,0,,0,
30179700,0,,0,
30180600,0,,0,
30181500,0,,0,
30182400,0.230916,,0.057729,
30183300,0.419847,,0.10496175,
30184200,0.640267,,0.16006675,
30185100,0.871182,,0.2177955,
30186000,1.102098,,0.2755245,
30186900,1.333014,,0.3332535,
30187800,1.532441,,0.38311025,
30188700,1.731869,,0.43296725,
30189600,1.899807,,0.47495175,
30190500,2.05725,,0.5143125,
30191400,2.183204,,0.545801,
30192300,2.288166,,0.5720415,
30193200,2.361639,,0.59040975,
30194100,2.403624,,0.600906,
30195000,2.424616,,0.606154,
30195900,2.41412,,0.60353,
30196800,2.361639,,0.59040975,
30197700,2.309158,,0.5772895,
30198600,2.214693,,0.55367325,
30199500,2.078242,,0.5195605,
30200400,1.941792,,0.485448,
30201300,1.784349,,0.44608725,
30202200,1.595418,,0.3988545,
30203100,1.374999,,0.34374975,
30204000,1.165075,,0.29126875,
30204900,0.934159,,0.23353975,
30205800,0.71374,,0.178435,
30206700,0.482824,,0.120706,
30207600,0.293893,,0.07347325,
30208500,0.13645,,0.0341125,
30209400,0,,0,
30210300,0,,0,
30211200,0,,0,
30212100,0,,0,
30213000,0,,0,
30213900,0,,0,
30214800,0,,0,
30215700,0,,0,
30216600,0,,0,
30217500,0,,0,
30218400,0,,0,
30219300,0,,0,
30220200,0,,0,
30221100,0,,0,
30222000,0,,0,
30222900,0,,0,
30223800,0,,0,
30224700,0,,0,
30225600,0,,0,
30226500,0,,0,
30227400,0,,0,
30228300,0,,0,
30229200,0,,0,
30230100,0,,0,
30231000,0,,0,
30231900,0,,0,
30232800,0,,0,
30233700,0,,0,
30234600,0,,0,
30235500,0,,0,
30236400,0,,0,
30237300,0,,0,
30238200,0,,0,
30239100,0,,0,
30240000,0,,0,
30240900,0,,0,
30241800,0,,0,
30242700,0,,0,
30243600,0,,0,
30244500,0,,0,
30245400,0,,0,
30246300,0,,0,
30247200,0,,0,
30248100,0,,0,
30249000,0,,0,
30249900,0,,0,
30250800,0,,0,
30251700,0,,0,
30252600,0,,0,
30253500,0,,0,
30254400,0,,0,
30255300,0,,0,
30256200,0,,0,
30257100,0,,0,
30258000,0,,0,
30258900,0,,0,
30259800,0,,0,
30260700,0,,0,
30261600,0,,0,
30262500,0,,0,
30263400,0,,0,
30264300,0,,0,
30265200,0,,0,
30266100,0,,0,
30267000,0,,0,
30267900,0,,0,
30268800,0.188931,,0.04723275,
30269700,0.35687,,0.0892175,
30270600,0.566793,,0.14169825,
30271500,0.787213,,0.19680325,
30272400,0.997136,,0.249284,
30273300,1.217556,,0.304389,
30274200,1.416983,,0.35424575,
30275100,1.616411,,0.40410275,
30276000,1.784349,,0.44608725,
30276900,1.931296,,0.482824,
30277800,2.046754,,0.5116885,
30278700,2.151716,,0.537929,
30279600,2.225189,,0.55629725,
30280500,2.267173,,0.56679325,
30281400,2.288166,,0.5720415,
30282300,2.288166,,0.5720415,
30283200,2.256677,,0.56416925,
30284100,2.1937,,0.548425,
30285000,2.109731,,0.52743275,
30285900,2.004769,,0.50119225,
30286800,1.868319,,0.46707975,
30287700,1.710876,,0.427719,
30288600,1.532441,,0.38311025,
30289500,1.312022,,0.3280055,
30290400,1.102098,,0.2755245,
30291300,0.892175,,0.22304375,
30292200,0.671755,,0.16793875,
30293100,0.440839,,0.11020975,
30294000,0.262404,,0.065601,
30294900,0.115458,,0.0288645,
30295800,0,,0,
30296700,0,,0,
30297600,0,,0,
30298500,0,,0,
30299400,0,,0,
30300300,0,,0,
30301200,0,,0,
30302100,0,,0,
30303000,0,,0,
30303900,0,,0,
30304800,0,,0,
30305700,0,,0,
30306600,0,,0,
30307500,0,,0,
30308400,0,,0,
30309300,0,,0,
30310200,0,,0,
30311100,0,,0,
30312000,0,,0,
30312900,0,,0,
30313800,0,,0,
30314700,0,,0,
30315600,0,,0,
30316500,0,,0,
30317400,0,,0,
30318300,0,,0,
30319200,0,,0,
30320100,0,,0,
30321000,0,,0,
30321900,0,,0,
30322800,0,,0,
30323700,0,,0,
30324600,0,,0,
30325500,0,,0,
30326400,0,,0,
30327300,0,,0,
30328200,0,,0,
30329100,0,,0,
30330000,0,,0,
30330900,0,,0,
30331800,0,,0,
30332700,0,,0,
30333600,0,,0,
30334500,0,,0,
30335400,0,,0,
30336300,0,,0,
30337200,0,,0,
30338100,0,,0,
30339000,0,,0,
30339900,0,,0,
30340800,0,,0,
30341700,0,,0,
30342600,0,,0,
30343500,0,,0,
30344400,0,,0,
30345300,0,,0,
30346200,0,,0,
30347100,0,,0,
30348000,0,,0,
30348900,0,,0,
30349800,0,,0,
30350700,0,,0,
30351600,0,,0,
30352500,0,,0,
30353400,0,,0,
30354300,0,,0,
30355200,0.22042,,0.055105,
30356100,0.419847,,0.10496175,
30357000,0.640267,,0.16006675,
30357900,0.871182,,0.2177955,
30358800,1.112594,,0.2781485,
30359700,1.333014,,0.3332535,
30360600,1.553434,,0.3883585,
30361500,1.763357,,0.44083925,
30362400,1.941792,,0.485448,
30363300,2.099235,,0.52480875,
30364200,2.235685,,0.55892125,
30365100,2.351143,,0.58778575,
30366000,2.435112,,0.608778,
30366900,2.487593,,0.62189825,
30367800,2.508585,,0.62714625,
30368700,2.456105,,0.61402625,
30369600,2.435112,,0.608778,
30370500,2.361639,,0.59040975,
30371400,2.27767,,0.5694175,
30372300,2.183204,,0.545801,
30373200,2.036258,,0.5090645,
30374100,1.868319,,0.46707975,
30375000,1.679388,,0.419847,
30375900,1.469464,,0.367366,
30376800,1.249045,,0.31226125,
30377700,1.018129,,0.25453225,
30378600,0.776717,,0.19417925,
30379500,0.545801,,0.13645025,
30380400,0.325381,,0.08134525,
30381300,0.157443,,0.03936075,
30382200,0,,0,
30383100,0,,0,
30384000,0,,0,
30384900,0,,0,
30385800,0,,0,
30386700,0,,0,
30387600,0,,0,
30388500,0,,0,
30389400,0,,0,
30390300,0,,0,
30391200,0,,0,
30392100,0,,0,
30393000,0,,0,
30393900,0,,0,
30394800,0,,0,
30395700,0,,0,
30396600,0,,0,
30397500,0,,0,
30398400,0,,0,
30399300,0,,0,
30400200,0,,0,
30401100,0,,0,
30402000,0,,0,
30402900,0,,0,
30403800,0,,0,
30404700,0,,0,
30405600,0,,0,
30406500,0,,0,
30407400,0,,0,
30408300,0,,0,
30409200,0,,0,
30410100,0,,0,
30411000,0,,0,
30411900,0,,0,
30412800,0,,0,
30413700,0,,0,
30414600,0,,0,
30415500,0,,0,
30416400,0,,0,
30417300,0,,0,
30418200,0,,0,
30419100,0,,0,
30420000,0,,0,
30420900,0,,0,
30421800,0,,0,
30422700,0,,0,
30423600,0,,0,
30424500,0,,0,
30425400,0,,0,
30426300,0,,0,
30427200,0,,0,
30428100,0,,0,
30429000,0,,0,
30429900,0,,0,
30430800,0,,0,
30431700,0,,0,
30432600,0,,0,
30433500,0,,0,
30434400,0,,0,
30435300,0,,0,
30436200,0,,0,
30437100,0,,0,
30438000,0,,0,
30438900,0,,0,
30439800,0,,0,
30440700,0,,0,
30441600,0.167939,,0.04198475,
30442500,0.335878,,0.0839695,
30443400,0.545801,,0.13645025,
30444300,0.755724,,0.188931,
30445200,0.976144,,0.244036,
30446100,1.196564,,0.299141,
30447000,1.395991,,0.34899775,
30447900,1.595418,,0.3988545,
30448800,1.763357,,0.44083925,
30449700,1.9208,,0.4802,
30450600,2.036258,,0.5090645,
30451500,2.151716,,0.537929,
30452400,2.225189,,0.55629725,
30453300,2.27767,,0.5694175,
30454200,2.298662,,0.5746655,
30455100,2.309158,,0.5772895,
30456000,2.27767,,0.5694175,
30456900,2.214693,,0.55367325,
30457800,2.130723,,0.53268075,
30458700,2.025761,,0.50644025,
30459600,1.878815,,0.46970375,
30460500,1.721372,,0.430343,
30461400,1.542937,,0.38573425,
30462300,1.354006,,0.3385015,
30463200,1.144083,,0.28602075,
30464100,0.923663,,0.23091575,
30465000,0.703244,,0.175811,
30465900,0.482824,,0.120706,
30466800,0.293893,,0.07347325,
30467700,0.13645,,0.0341125,
30468600,0,,0,
30469500,0,,0,
30470400,0,,0,
30471300,0,,0,
30472200,0,,0,
30473100,0,,0,
30474000,0,,0,
30474900,0,,0,
30475800,0,,0,
30476700,0,,0,
30477600,0,,0,
30478500,0,,0,
30479400,0,,0,
30480300,0,,0,
30481200,0,,0,
30482100,0,,0,
30483000,0,,0,
30483900,0,,0,
30484800,0,,0,
30485700,0,,0,
30486600,0,,0,
30487500,0,,0,
30488400,0,,0,
30489300,0,,0,
30490200,0,,0,
30491100,0,,0,
30492000,0,,0,
30492900,0,,0,
30493800,0,,0,
30494700,0,,0,
30495600,0,,0,
30496500,0,,0,
30497400,0,,0,
30498300,0,,0,
30499200,0,,0,
30500100,0,,0,
30501000,0,,0,
30501900,0,,0,
30502800,0,,0,
30503700,0,,0,
30504600,0,,0,
30505500,0,,0,
30506400,0,,0,
30507300,0,,0,
30508200,0,,0,
30509100,0,,0,
30510000,0,,0,
30510900,0,,0,
30511800,0,,0,
30512700,0,,0,
30513600,0,,0,
30514500,0,,0,
30515400,0,,0,
30516300,0,,0,
30517200,0,,0,
30518100,0,,0,
30519000,0,,0,
30519900,0,,0,
30520800,0,,0,
30521700,0,,0,
30522600,0,,0,
30523500,0,,0,
30524400,0,,0,
30525300,0,,0,
30526200,0,,0,
30527100,0,,0,
30528000,0.188931,,0.04723275,
30528900,0.367366,,0.0918415,
30529800,0.587786,,0.1469465,
30530700,0.808205,,0.20205125,
30531600,1.028625,,0.25715625,
30532500,1.249045,,0.31226125,
30533400,1.458968,,0.364742,
30534300,1.626907,,0.40672675,
30535200,1.794846,,0.4487115,
30536100,1.941792,,0.485448,
30537000,2.067746,,0.5169365,
30537900,2.162212,,0.540553,
30538800,2.235685,,0.55892125,
30539700,2.298662,,0.5746655,
30540600,2.319654,,0.5799135,
30541500,2.298662,,0.5746655,
30542400,2.267173,,0.56679325,
30543300,2.214693,,0.55367325,
30544200,2.130723,,0.53268075,
30545100,2.004769,,0.50119225,
30546000,1.868319,,0.46707975,
30546900,1.721372,,0.430343,
30547800,1.553434,,0.3883585,
30548700,1.395991,,0.34899775,
30549600,1.186068,,0.296517,
30550500,0.976144,,0.244036,
30551400,0.745228,,0.186307,
30552300,0.545801,,0.13645025,
30553200,0.335878,,0.0839695,
30554100,0.157443,,0.03936075,
30555000,0,,0,
30555900,0,,0,
30556800,0,,0,
30557700,0,,0,
30558600,0,,0,
30559500,0,,0,
30560400,0,,0,
30561300,0,,0,
30562200,0,,0,
30563100,0,,0,
30564000,0,,0,
30564900,0,,0,
30565800,0,,0,
30566700,0,,0,
30567600,0,,0,
30568500,0,,0,
30569400,0,,0,
30570300,0,,0,
30571200,0,,0,
30572100,0,,0,
30573000,0,,0,
30573900,0,,0,
30574800,0,,0,
30575700,0,,0,
30576600,0,,0,
30577500,0,,0,
30578400,0,,0,
30579300,0,,0,
30580200,0,,0,
30581100,0,,0,
30582000,0,,0,
30582900,0,,0,
30583800,0,,0,
30584700,0,,0,
30585600,0,,0,
30586500,0,,0,
30587400,0,,0,
30588300,0,,0,
30589200,0,,0,
30590100,0,,0,
30591000,0,,0,
30591900,0,,0,
30592800,0,,0,
30593700,0,,0,
30594600,0,,0,
30595500,0,,0,
30596400,0,,0,
30597300,0,,0,
30598200,0,,0,
30599100,0,,0,
30600000,0,,0,
30600900,0,,0,
30601800,0,,0,
30602700,0,,0,
30603600,0,,0,
30604500,0,,0,
30605400,0,,0,
30606300,0,,0,
30607200,0,,0,
30608100,0,,0,
30609000,0,,0,
30609900,0,,0,
30610800,0,,0,
30611700,0,,0,
30612600,0,,0,
30613500,0,,0,
30614400,0.188931,,0.04723275,
30615300,0.377862,,0.0944655,
30616200,0.587786,,0.1469465,
30617100,0.808205,,0.20205125,
30618000,1.039121,,0.25978025,
30618900,1.259541,,0.31488525,
30619800,1.47996,,0.36999,
30620700,1.668892,,0.417223,
30621600,1.83683,,0.4592075,
30622500,1.983777,,0.49594425,
30623400,2.120227,,0.53005675,
30624300,2.214693,,0.55367325,
30625200,2.309158,,0.5772895,
30626100,2.361639,,0.59040975,
30627000,2.372135,,0.59303375,
30627900,2.424616,,0.606154,
30628800,2.382631,,0.59565775,
30629700,2.33015,,0.5825375,
30630600,2.256677,,0.56416925,
30631500,2.151716,,0.537929,
30632400,2.004769,,0.50119225,
30633300,1.847327,,0.46183175,
30634200,1.668892,,0.417223,
30635100,1.458968,,0.364742,
30636000,1.249045,,0.31226125,
30636900,1.018129,,0.25453225,
30637800,0.787213,,0.19680325,
30638700,0.545801,,0.13645025,
30639600,0.335878,,0.0839695,
30640500,0.167939,,0.04198475,
30641400,0,,0,
30642300,0,,0,
30643200,0,,0,
30644100,0,,0,
30645000,0,,0,
30645900,0,,0,
30646800,0,,0,
30647700,0,,0,
30648600,0,,0,
30649500,0,,0,
30650400,0,,0,
30651300,0,,0,
30652200,0,,0,
30653100,0,,0,
30654000,0,,0,
30654900,0,,0,
30655800,0,,0,
30656700,0,,0,
30657600,0,,0,
30658500,0,,0,
30659400,0,,0,
30660300,0,,0,
30661200,0,,0,
30662100,0,,0,
30663000,0,,0,
30663900,0,,0,
30664800,0,,0,
30665700,0,,0,
30666600,0,,0,
30667500,0,,0,
30668400,0,,0,
30669300,0,,0,
30670200,0,,0,
30671100,0,,0,
30672000,0,,0,
30672900,0,,0,
30673800,0,,0,
30674700,0,,0,
30675600,0,,0,
30676500,0,,0,
30677400,0,,0,
30678300,0,,0,
30679200,0,,0,
30680100,0,,0,
30681000,0,,0,
30681900,0,,0,
30682800,0,,0,
30683700,0,,0,
30684600,0,,0,
30685500,0,,0,
30686400,0,,0,
30687300,0,,0,
30688200,0,,0,
30689100,0,,0,
30690000,0,,0,
30690900,0,,0,
30691800,0,,0,
30692700,0,,0,
30693600,0,,0,
30694500,0,,0,
30695400,0,,0,
30696300,0,,0,
30697200,0,,0,
30698100,0,,0,
30699000,0,,0,
30699900,0,,0,
30700800,0.125954,,0.0314885,
30701700,0.283397,,0.07084925,
30702600,0.461832,,0.115458,
30703500,0.671755,,0.16793875,
30704400,0.881679,,0.22041975,
30705300,1.081106,,0.2702765,
30706200,1.270037,,0.31750925,
30707100,1.448472,,0.362118,
30708000,1.626907,,0.40672675,
30708900,1.773853,,0.44346325,
30709800,1.899807,,0.47495175,
30710700,2.004769,,0.50119225,
30711600,2.078242,,0.5195605,
30712500,2.130723,,0.53268075,
30713400,2.151716,,0.537929,
30714300,2.172708,,0.543177,
30715200,2.141219,,0.53530475,
30716100,2.088738,,0.5221845,
30717000,2.004769,,0.50119225,
30717900,1.962784,,0.490696,
30718800,1.826334,,0.4565835,
30719700,1.679388,,0.419847,
30720600,1.490457,,0.37261425,
30721500,1.34351,,0.3358775,
30722400,1.133587,,0.28339675,
30723300,0.913167,,0.22829175,
30724200,0.692747,,0.17318675,
30725100,0.49332,,0.12333,
30726000,0.293893,,0.07347325,
30726900,0.13645,,0.0341125,
30727800,0,,0,
30728700,0,,0,
30729600,0,,0,
30730500,0,,0,
30731400,0,,0,
30732300,0,,0,
30733200,0,,0,
30734100,0,,0,
30735000,0,,0,
30735900,0,,0,
30736800,0,,0,
30737700,0,,0,
30738600,0,,0,
30739500,0,,0,
30740400,0,,0,
30741300,0,,0,
30742200,0,,0,
30743100,0,,0,
30744000,0,,0,
30744900,0,,0,
30745800,0,,0,
30746700,0,,0,
30747600,0,,0,
30748500,0,,0,
30749400,0,,0,
30750300,0,,0,
30751200,0,,0,
30752100,0,,0,
30753000,0,,0,
30753900,0,,0,
30754800,0,,0,
30755700,0,,0,
30756600,0,,0,
30757500,0,,0,
30758400,0,,0,
30759300,0,,0,
30760200,0,,0,
30761100,0,,0,
30762000,0,,0,
30762900,0,,0,
30763800,0,,0,
30764700,0,,0,
30765600,0,,0,
30766500,0,,0,
30767400,0,,0,
30768300,0,,0,
30769200,0,,0,
30770100,0,,0,
30771000,0,,0,
30771900,0,,0,
30772800,0,,0,
30773700,0,,0,
30774600,0,,0,
30775500,0,,0,
30776400,0,,0,
30777300,0,,0,
30778200,0,,0,
30779100,0,,0,
30780000,0,,0,
30780900,0,,0,
30781800,0,,0,
30782700,0,,0,
30783600,0,,0,
30784500,0,,0,
30785400,0,,0,
30786300,0,,0,
30787200,0.178435,,0.04460875,
30788100,0.35687,,0.0892175,
30789000,0.566793,,0.14169825,
30789900,0.776717,,0.19417925,
30790800,0.997136,,0.249284,
30791700,1.228052,,0.307013,
30792600,1.437976,,0.359494,
30793500,1.626907,,0.40672675,
30794400,1.805342,,0.4513355,
30795300,1.962784,,0.490696,
30796200,2.099235,,0.52480875,
30797100,2.214693,,0.55367325,
30798000,2.288166,,0.5720415,
30798900,2.340647,,0.58516175,
30799800,2.361639,,0.59040975,
30800700,2.361639,,0.59040975,
30801600,2.340647,,0.58516175,
30802500,2.288166,,0.5720415,
30803400,2.204196,,0.551049,
30804300,2.088738,,0.5221845,
30805200,1.952288,,0.488072,
30806100,1.794846,,0.4487115,
30807000,1.616411,,0.40410275,
30807900,1.42748,,0.35687,
30808800,1.217556,,0.304389,
30809700,0.98664,,0.24666,
30810600,0.766221,,0.19155525,
30811500,0.545801,,0.13645025,
30812400,0.335878,,0.0839695,
30813300,0.167939,,0.04198475,
30814200,0,,0,
30815100,0,,0,
30816000,0,,0,
30816900,0,,0,
30817800,0,,0,
30818700,0,,0,
30819600,0,,0,
30820500,0,,0,
30821400,0,,0,
30822300,0,,0,
30823200,0,,0,
30824100,0,,0,
30825000,0,,0,
30825900,0,,0,
30826800,0,,0,
30827700,0,,0,
30828600,0,,0,
30829500,0,,0,
30830400,0,,0,
30831300,0,,0,
30832200,0,,0,
30833100,0,,0,
30834000,0,,0,
30834900,0,,0,
30835800,0,,0,
30836700,0,,0,
30837600,0,,0,
30838500,0,,0,
30839400,0,,0,
30840300,0,,0,
30841200,0,,0,
30842100,0,,0,
30843000,0,,0,
30843900,0,,0,
30844800,0,,0,
30845700,0,,0,
30846600,0,,0,
30847500,0,,0,
30848400,0,,0,
30849300,0,,0,
30850200,0,,0,
30851100,0,,0,
30852000,0,,0,
30852900,0,,0,
30853800,0,,0,
30854700,0,,0,
30855600,0,,0,
30856500,0,,0,
30857400,0,,0,
30858300,0,,0,
30859200,0,,0,
30860100,0,,0,
30861000,0,,0,
30861900,0,,0,
30862800,0,,0,
30863700,0,,0,
30864600,0,,0,
30865500,0,,0,
30866400,0,,0,
30867300,0,,0,
30868200,0,,0,
30869100,0,,0,
30870000,0,,0,
30870900,0,,0,
30871800,0,,0,
30872700,0,,0,
30873600,0.167939,,0.04198475,
30874500,0.335878,,0.0839695,
30875400,0.535305,,0.13382625,
30876300,0.724236,,0.181059,
30877200,0.955152,,0.238788,
30878100,1.175571,,0.29389275,
30879000,1.385495,,0.34637375,
30879900,1.574426,,0.3936065,
30880800,1.742365,,0.43559125,
30881700,1.910304,,0.477576,
30882600,2.036258,,0.5090645,
30883500,2.183204,,0.545801,
30884400,2.27767,,0.5694175,
30885300,2.340647,,0.58516175,
30886200,2.361639,,0.59040975,
30887100,2.319654,,0.5799135,
30888000,2.288166,,0.5720415,
30888900,2.235685,,0.55892125,
30889800,2.151716,,0.537929,
30890700,2.004769,,0.50119225,
30891600,1.868319,,0.46707975,
30892500,1.710876,,0.427719,
30893400,1.532441,,0.38311025,
30894300,1.333014,,0.3332535,
30895200,1.123091,,0.28077275,
30896100,0.913167,,0.22829175,
30897000,0.703244,,0.175811,
30897900,0.49332,,0.12333,
30898800,0.304389,,0.07609725,
30899700,0.146946,,0.0367365,
30900600,0,,0,
30901500,0,,0,
30902400,0,,0,
30903300,0,,0,
30904200,0,,0,
30905100,0,,0,
30906000,0,,0,
30906900,0,,0,
30907800,0,,0,
30908700,0,,0,
30909600,0,,0,
30910500,0,,0,
30911400,0,,0,
30912300,0,,0,
30913200,0,,0,
30914100,0,,0,
30915000,0,,0,
30915900,0,,0,
30916800,0,,0,
30917700,0,,0,
30918600,0,,0,
30919500,0,,0,
30920400,0,,0,
30921300,0,,0,
30922200,0,,0,
30923100,0,,0,
30924000,0,,0,
30924900,0,,0,
30925800,0,,0,
30926700,0,,0,
30927600,0,,0,
30928500,0,,0,
30929400,0,,0,
30930300,0,,0,
30931200,0,,0,
30932100,0,,0,
30933000,0,,0,
30933900,0,,0,
30934800,0,,0,
30935700,0,,0,
30936600,0,,0,
30937500,0,,0,
30938400,0,,0,
30939300,0,,0,
30940200,0,,0,
30941100,0,,0,
30942000,0,,0,
30942900,0,,0,
30943800,0,,0,
30944700,0,,0,
30945600,0,,0,
30946500,0,,0,
30947400,0,,0,
30948300,0,,0,
30949200,0,,0,
30950100,0,,0,
30951000,0,,0,
30951900,0,,0,
30952800,0,,0,
30953700,0,,0,
30954600,0,,0,
30955500,0,,0,
30956400,0,,0,
30957300,0,,0,
30958200,0,,0,
30959100,0,,0,
30960000,0.167939,,0.04198475,
30960900,0.335878,,0.0839695,
30961800,0.545801,,0.13645025,
30962700,0.776717,,0.19417925,
30963600,1.007633,,0.25190825,
30964500,1.228052,,0.307013,
30965400,1.437976,,0.359494,
30966300,1.658395,,0.41459875,
30967200,1.83683,,0.4592075,
30968100,1.994273,,0.49856825,
30969000,2.130723,,0.53268075,
30969900,2.27767,,0.5694175,
30970800,2.361639,,0.59040975,
30971700,2.41412,,0.60353,
30972600,2.445608,,0.611402,
30973500,2.477097,,0.61927425,
30974400,2.445608,,0.611402,
30975300,2.393128,,0.598282,
30976200,2.309158,,0.5772895,
30977100,2.204196,,0.551049,
30978000,2.067746,,0.5169365,
30978900,1.910304,,0.477576,
30979800,1.721372,,0.430343,
30980700,1.532441,,0.38311025,
30981600,1.312022,,0.3280055,
30982500,1.081106,,0.2702765,
30983400,0.839694,,0.2099235,
30984300,0.598282,,0.1495705,
30985200,0.377862,,0.0944655,
30986100,0.199427,,0.04985675,
30987000,0,,0,
30987900,0,,0,
30988800,0,,0,
30989700,0,,0,
30990600,0,,0,
30991500,0,,0,
30992400,0,,0,
30993300,0,,0,
30994200,0,,0,
30995100,0,,0,
30996000,0,,0,
30996900,0,,0,
30997800,0,,0,
30998700,0,,0,
30999600,0,,0,
31000500,0,,0,
31001400,0,,0,
31002300,0,,0,
31003200,0,,0,
31004100,0,,0,
31005000,0,,0,
31005900,0,,0,
31006800,0,,0,
31007700,0,,0,
31008600,0,,0,
31009500,0,,0,
31010400,0,,0,
31011300,0,,0,
31012200,0,,0,
31013100,0,,0,
31014000,0,,0,
31014900,0,,0,
31015800,0,,0,
31016700,0,,0,
31017600,0,,0,
31018500,0,,0,
31019400,0,,0,
31020300,0,,0,
31021200,0,,0,
31022100,0,,0,
31023000,0,,0,
31023900,0,,0,
31024800,0,,0,
31025700,0,,0,
31026600,0,,0,
31027500,0,,0,
31028400,0,,0,
31029300,0,,0,
31030200,0,,0,
31031100,0,,0,
31032000,0,,0,
31032900,0,,0,
31033800,0,,0,
31034700,0,,0,
31035600,0,,0,
31036500,0,,0,
31037400,0,,0,
31038300,0,,0,
31039200,0,,0,
31040100,0,,0,
31041000,0,,0,
31041900,0,,0,
31042800,0,,0,
31043700,0,,0,
31044600,0,,0,
31045500,0,,0,
31046400,0.167939,,0.04198475,
31047300,0.346374,,0.0865935,
31048200,0.556297,,0.13907425,
31049100,0.776717,,0.19417925,
31050000,1.007633,,0.25190825,
31050900,1.238548,,0.309637,
31051800,1.448472,,0.362118,
31052700,1.637403,,0.40935075,
31053600,1.815838,,0.4539595,
31054500,1.983777,,0.49594425,
31055400,2.120227,,0.53005675,
31056300,2.225189,,0.55629725,
31057200,2.309158,,0.5772895,
31058100,2.372135,,0.59303375,
31059000,2.393128,,0.598282,
31059900,2.393128,,0.598282,
31060800,2.361639,,0.59040975,
31061700,2.309158,,0.5772895,
31062600,2.225189,,0.55629725,
31063500,2.109731,,0.52743275,
31064400,1.973281,,0.49332025,
31065300,1.815838,,0.4539595,
31066200,1.647899,,0.41197475,
31067100,1.448472,,0.362118,
31068000,1.238548,,0.309637,
31068900,1.018129,,0.25453225,
31069800,0.787213,,0.19680325,
31070700,0.566793,,0.14169825,
31071600,0.35687,,0.0892175,
31072500,0.178435,,0.04460875,
31073400,0,,0,
31074300,0,,0,
31075200,0,,0,
31076100,0,,0,
31077000,0,,0,
31077900,0,,0,
31078800,0,,0,
31079700,0,,0,
31080600,0,,0,
31081500,0,,0,
31082400,0,,0,
31083300,0,,0,
31084200,0,,0,
31085100,0,,0,
31086000,0,,0,
31086900,0,,0,
31087800,0,,0,
31088700,0,,0,
31089600,0,,0,
31090500,0,,0,
31091400,0,,0,
31092300,0,,0,
31093200,0,,0,
31094100,0,,0,
31095000,0,,0,
31095900,0,,0,
31096800,0,,0,
31097700,0,,0,
31098600,0,,0,
31099500,0,,0,
31100400,0,,0,
31101300,0,,0,
31102200,0,,0,
31103100,0,,0,
31104000,0,,0,
31104900,0,,0,
31105800,0,,0,
31106700,0,,0,
31107600,0,,0,
31108500,0,,0,
31109400,0,,0,
31110300,0,,0,
31111200,0,,0,
31112100,0,,0,
31113000,0,,0,
31113900,0,,0,
31114800,0,,0,
31115700,0,,0,
31116600,0,,0,
31117500,0,,0,
31118400,0,,0,
31119300,0,,0,
31120200,0,,0,
31121100,0,,0,
31122000,0,,0,
31122900,0,,0,
31123800,0,,0,
31124700,0,,0,
31125600,0,,0,
31126500,0,,0,
31127400,0,,0,
31128300,0,,0,
31129200,0,,0,
31130100,0,,0,
31131000,0,,0,
31131900,0,,0,
31132800,0.146946,,0.0367365,
31133700,0.314885,,0.07872125,
31134600,0.503816,,0.125954,
31135500,0.734732,,0.183683,
31136400,0.965648,,0.241412,
31137300,1.196564,,0.299141,
31138200,1.395991,,0.34899775,
31139100,1.637403,,0.40935075,
31140000,1.815838,,0.4539595,
31140900,1.983777,,0.49594425,
31141800,2.120227,,0.53005675,
31142700,2.256677,,0.56416925,
31143600,2.340647,,0.58516175,
31144500,2.403624,,0.600906,
31145400,2.456105,,0.61402625,
31146300,2.466601,,0.61665025,
31147200,2.445608,,0.611402,
31148100,2.382631,,0.59565775,
31149000,2.319654,,0.5799135,
31149900,2.225189,,0.55629725,
31150800,2.088738,,0.5221845,
31151700,1.931296,,0.482824,
31152600,1.752861,,0.43821525,
31153500,1.553434,,0.3883585,
31154400,1.34351,,0.3358775,
31155300,1.112594,,0.2781485,
31156200,0.871182,,0.2177955,
31157100,0.62977,,0.1574425,
31158000,0.398855,,0.09971375,
31158900,0.209923,,0.05248075,
31159800,0,,0,
31160700,0,,0,
31161600,0,,0,
31162500,0,,0,
31163400,0,,0,
31164300,0,,0,
31165200,0,,0,
31166100,0,,0,
31167000,0,,0,
31167900,0,,0,
31168800,0,,0,
31169700,0,,0,
31170600,0,,0,
31171500,0,,0,
31172400,0,,0,
31173300,0,,0,
31174200,0,,0,
31175100,0,,0,
31176000,0,,0,
31176900,0,,0,
31177800,0,,0,
31178700,0,,0,
31179600,0,,0,
31180500,0,,0,
31181400,0,,0,
31182300,0,,0,
31183200,0,,0,
31184100,0,,0,
31185000,0,,0,
31185900,0,,0,
31186800,0,,0,
31187700,0,,0,
31188600,0,,0,
31189500,0,,0,
31190400,0,,0,
31191300,0,,0,
31192200,0,,0,
31193100,0,,0,
31194000,0,,0,
31194900,0,,0,
31195800,0,,0,
31196700,0,,0,
31197600,0,,0,
31198500,0,,0,
31199400,0,,0,
31200300,0,,0,
31201200,0,,0,
31202100,0,,0,
31203000,0,,0,
31203900,0,,0,
31204800,0,,0,
31205700,0,,0,
31206600,0,,0,
31207500,0,,0,
31208400,0,,0,
31209300,0,,0,
31210200,0,,0,
31211100,0,,0,
31212000,0,,0,
31212900,0,,0,
31213800,0,,0,
31214700,0,,0,
31215600,0,,0,
31216500,0,,0,
31217400,0,,0,
31218300,0,,0,
31219200,0.167939,,0.04198475,
31220100,0.346374,,0.0865935,
31221000,0.566793,,0.14169825,
31221900,0.808205,,0.20205125,
31222800,1.049617,,0.26240425,
31223700,1.280533,,0.32013325,
31224600,1.500953,,0.37523825,
31225500,1.70038,,0.425095,
31226400,1.889311,,0.47232775,
31227300,2.05725,,0.5143125,
31228200,2.1937,,0.548425,
31229100,2.309158,,0.5772895,
31230000,2.403624,,0.600906,
31230900,2.456105,,0.61402625,
31231800,2.487593,,0.62189825,
31232700,2.498089,,0.62452225,
31233600,2.477097,,0.61927425,
31234500,2.424616,,0.606154,
31235400,2.340647,,0.58516175,
31236300,2.235685,,0.55892125,
31237200,2.088738,,0.5221845,
31238100,1.931296,,0.482824,
31239000,1.752861,,0.43821525,
31239900,1.553434,,0.3883585,
31240800,1.34351,,0.3358775,
31241700,1.112594,,0.2781485,
31242600,0.871182,,0.2177955,
31243500,0.62977,,0.1574425,
31244400,0.409351,,0.10233775,
31245300,0.209923,,0.05248075,
31246200,0,,0,
31247100,0,,0,
31248000,0,,0,
31248900,0,,0,
31249800,0,,0,
31250700,0,,0,
31251600,0,,0,
31252500,0,,0,
31253400,0,,0,
31254300,0,,0,
31255200,0,,0,
31256100,0,,0,
31257000,0,,0,
31257900,0,,0,
31258800,0,,0,
31259700,0,,0,
31260600,0,,0,
31261500,0,,0,
31262400,0,,0,
31263300,0,,0,
31264200,0,,0,
31265100,0,,0,
31266000,0,,0,
31266900,0,,0,
31267800,0,,0,
31268700,0,,0,
31269600,0,,0,
31270500,0,,0,
31271400,0,,0,
31272300,0,,0,
31273200,0,,0,
31274100,0,,0,
31275000,0,,0,
31275900,0,,0,
31276800,0,,0,
31277700,0,,0,
31278600,0,,0,
31279500,0,,0,
31280400,0,,0,
31281300,0,,0,
31282200,0,,0,
31283100,0,,0,
31284000,0,,0,
31284900,0,,0,
31285800,0,,0,
31286700,0,,0,
31287600,0,,0,
31288500,0,,0,
31289400,0,,0,
31290300,0,,0,
31291200,0,,0,
31292100,0,,0,
31293000,0,,0,
31293900,0,,0,
31294800,0,,0,
31295700,0,,0,
31296600,0,,0,
31297500,0,,0,
31298400,0,,0,
31299300,0,,0,
31300200,0,,0,
31301100,0,,0,
31302000,0,,0,
31302900,0,,0,
31303800,0,,0,
31304700,0,,0,
31305600,0.178435,,0.04460875,
31306500,0.377862,,0.0944655,
31307400,0.598282,,0.1495705,
31308300,0.839694,,0.2099235,
31309200,1.081106,,0.2702765,
31310100,1.322518,,0.3306295,
31311000,1.542937,,0.38573425,
31311900,1.752861,,0.43821525,
31312800,1.931296,,0.482824,
31313700,2.099235,,0.52480875,
31314600,2.246181,,0.56154525,
31315500,2.361639,,0.59040975,
31316400,2.445608,,0.611402,
31317300,2.508585,,0.62714625,
31318200,2.540074,,0.6350185,
31319100,2.55057,,0.6376425,
31320000,2.529578,,0.6323945,
31320900,2.487593,,0.62189825,
31321800,2.403624,,0.600906,
31322700,2.298662,,0.5746655,
31323600,2.162212,,0.540553,
31324500,2.004769,,0.50119225,
31325400,1.826334,,0.4565835,
31326300,1.626907,,0.40672675,
31327200,1.406487,,0.35162175,
31328100,1.165075,,0.29126875,
31329000,0.923663,,0.23091575,
31329900,0.682251,,0.17056275,
31330800,0.451335,,0.11283375,
31331700,0.241412,,0.060353,
31332600,0,,0,
31333500,0,,0,
31334400,0,,0,
31335300,0,,0,
31336200,0,,0,
31337100,0,,0,
31338000,0,,0,
31338900,0,,0,
31339800,0,,0,
31340700,0,,0,
31341600,0,,0,
31342500,0,,0,
31343400,0,,0,
31344300,0,,0,
31345200,0,,0,
31346100,0,,0,
31347000,0,,0,
31347900,0,,0,
31348800,0,,0,
31349700,0,,0,
31350600,0,,0,
31351500,0,,0,
31352400,0,,0,
31353300,0,,0,
31354200,0,,0,
31355100,0,,0,
31356000,0,,0,
31356900,0,,0,
31357800,0,,0,
31358700,0,,0,
31359600,0,,0,
31360500,0,,0,
31361400,0,,0,
31362300,0,,0,
31363200,0,,0,
31364100,0,,0,
31365000,0,,0,
31365900,0,,0,
31366800,0,,0,
31367700,0,,0,
31368600,0,,0,
31369500,0,,0,
31370400,0,,0,
31371300,0,,0,
31372200,0,,0,
31373100,0,,0,
31374000,0,,0,
31374900,0,,0,
31375800,0,,0,
31376700,0,,0,
31377600,0,,0,
31378500,0,,0,
31379400,0,,0,
31380300,0,,0,
31381200,0,,0,
31382100,0,,0,
31383000,0,,0,
31383900,0,,0,
31384800,0,,0,
31385700,0,,0,
31386600,0,,0,
31387500,0,,0,
31388400,0,,0,
31389300,0,,0,
31390200,0,,0,
31391100,0,,0,
31392000,0.188931,,0.04723275,
31392900,0.377862,,0.0944655,
31393800,0.608778,,0.1521945,
31394700,0.860686,,0.2151715,
31395600,1.112594,,0.2781485,
31396500,1.354006,,0.3385015,
31397400,1.595418,,0.3988545,
31398300,1.805342,,0.4513355,
31399200,2.004769,,0.50119225,
31400100,2.172708,,0.543177,
31401000,2.340647,,0.58516175,
31401900,2.456105,,0.61402625,
31402800,2.55057,,0.6376425,
31403700,2.613547,,0.65338675,
31404600,2.676524,,0.669131,
31405500,2.676524,,0.669131,
31406400,2.655532,,0.663883,
31407300,2.63454,,0.658635,
31408200,2.55057,,0.6376425,
31409100,2.445608,,0.611402,
31410000,2.309158,,0.5772895,
31410900,2.141219,,0.53530475,
31411800,1.952288,,0.488072,
31412700,1.742365,,0.43559125,
31413600,1.542937,,0.38573425,
31414500,1.270037,,0.31750925,
31415400,1.018129,,0.25453225,
31416300,0.766221,,0.19155525,
31417200,0.514312,,0.128578,
31418100,0.283397,,0.07084925,
31419000,0,,0,
31419900,0,,0,
31420800,0,,0,
31421700,0,,0,
31422600,0,,0,
31423500,0,,0,
31424400,0,,0,
31425300,0,,0,
31426200,0,,0,
31427100,0,,0,
31428000,0,,0,
31428900,0,,0,
31429800,0,,0,
31430700,0,,0,
31431600,0,,0,
31432500,0,,0,
31433400,0,,0,
31434300,0,,0,
31435200,0,,0,
31436100,0,,0,
31437000,0,,0,
31437900,0,,0,
31438800,0,,0,
31439700,0,,0,
31440600,0,,0,
31441500,0,,0,
31442400,0,,0,
31443300,0,,0,
31444200,0,,0,
31445100,0,,0,
31446000,0,,0,
31446900,0,,0,
31447800,0,,0,
31448700,0,,0,
31449600,0,,0,
31450500,0,,0,
31451400,0,,0,
31452300,0,,0,
31453200,0,,0,
31454100,0,,0,
31455000,0,,0,
31455900,0,,0,
31456800,0,,0,
31457700,0,,0,
31458600,0,,0,
31459500,0,,0,
31460400,0,,0,
31461300,0,,0,
31462200,0,,0,
31463100,0,,0,
31464000,0,,0,
31464900,0,,0,
31465800,0,,0,
31466700,0,,0,
31467600,0,,0,
31468500,0,,0,
31469400,0,,0,
31470300,0,,0,
31471200,0,,0,
31472100,0,,0,
31473000,0,,0,
31473900,0,,0,
31474800,0,,0,
31475700,0,,0,
31476600,0,,0,
31477500,0,,0,
31478400,0.146946,,0.0367365,
31479300,0.314885,,0.07872125,
31480200,0.514312,,0.128578,
31481100,0.766221,,0.19155525,
31482000,1.007633,,0.25190825,
31482900,1.238548,,0.309637,
31483800,1.469464,,0.367366,
31484700,1.689884,,0.422471,
31485600,1.899807,,0.47495175,
31486500,2.067746,,0.5169365,
31487400,2.214693,,0.55367325,
31488300,2.340647,,0.58516175,
31489200,2.435112,,0.608778,
31490100,2.498089,,0.62452225,
31491000,2.529578,,0.6323945,
31491900,2.582059,,0.64551475,
31492800,2.561066,,0.6402665,
31493700,2.508585,,0.62714625,
31494600,2.424616,,0.606154,
31495500,2.33015,,0.5825375,
31496400,2.1937,,0.548425,
31497300,2.036258,,0.5090645,
31498200,1.857823,,0.46445575,
31499100,1.658395,,0.41459875,
31500000,1.42748,,0.35687,
31500900,1.196564,,0.299141,
31501800,0.944656,,0.236164,
31502700,0.703244,,0.175811,
31503600,0.461832,,0.115458,
31504500,0.251908,,0.062977,
31505400,0,,0,
31506300,0,,0,
31507200,0,,0,
31508100,0,,0,
31509000,0,,0,
31509900,0,,0,
31510800,0,,0,
31511700,0,,0,
31512600,0,,0,
31513500,0,,0,
31514400,0,,0,
31515300,0,,0,
31516200,0,,0,
31517100,0,,0,
31518000,0,,0,
31518900,0,,0,
31519800,0,,0,
31520700,0,,0,
31521600,0,,0,
31522500,0,,0,
31523400,0,,0,
31524300,0,,0,
31525200,0,,0,
31526100,0,,0,
31527000,0,,0,
31527900,0,,0,
31528800,0,,0,
31529700,0,,0,
31530600,0,,0,
31531500,0,,0,
31532400,0,,0,
31533300,0,,0,
31534200,0,,0,
31535100,0,,0,
